OBJECTID,ACCIDENTNUM,ACCIDENTDATE,ACCIDENT_YEAR,ACCIDENT_MONTH,ACCIDENT_DAY,ACCIDENT_HOUR,ACCIDENT_MINUTE,ACCIDENT_SECOND,ACCIDENT_WEEKDAY,XCOORD,YCOORD,LONGITUDE,LATITUDE,ACCIDENTLOCATION,COLLISIONTYPE,CLASSIFICATIONOFACCIDENT,IMPACTLOCATION,INITIALDIRECTIONOFTRAVELONE,INITIALDIRECTIONOFTRAVELTWO,INITIALIMPACTTYPE,INTTRAFFICCONTROL,LIGHT,LIGHTFORREPORT,ROADJURISDICTION,TRAFFICCONTROL,TRAFFICCONTROLCONDITION,THRULANENO,NORTHBOUNDDISOBEYCOUNT,SOUTHBOUNDDISOBEYCOUNT,PEDESTRIANINVOLVED,CYCLISTINVOLVED,MOTORCYCLISTINVOLVED,ENVIRONMENTCONDITION1,ENVIRONMENTCONDITION2,SELFREPORTED,XMLIMPORTNOTES,LASTEDITEDDATE,CREATE_BY,CREATE_DATE
50577,20146638,1594715400000,2020,7,14,8,30,0,Tuesday,539079.72897,4811110.75765,-80.516993,43.45189,Intersection related,2,P.D. only,Within intersection,unknown,unknown,Angle,Unknown,Daylight,01 - Daylight,Regional municipality,Traffic signal,Functioning,0,0,0,False,False,False,Clear,,True,Road 1: BELMONT AVE W; Road 2: GLASGOW ST; Vehicle #1     Make: HOND     Model: UCL     Colour: WHI     Style: 4D; Vehicle #2     Make: GMC     Model: 35     Colour: WHI     Style: CO,5/13/2021 11:35:49 AM,,
50578,20146659,1594716420000,2020,7,14,8,47,0,Tuesday,542356.95605,4806425.67941,-80.476852,43.409527,Intersection related,1,Non-fatal injury,Within intersection,unknown,unknown,SMV other,Unknown,Daylight,01 - Daylight,Regional municipality,Stop sign,Functioning,0,0,0,True,False,False,Clear,,False,Road 1: TUERR DR (50 km/h); Road 2: COUNTRYSIDE CRES (50 km/h); Vehicle #1     Make: FRHT     Model: FM2     Colour: WHI     Style: CT,5/13/2021 11:38:13 AM,,
50579,20147045,1594740600000,2020,7,14,15,30,0,Tuesday,541194.58171,4803337.0189,-80.491441,43.381781,Non intersection,2,P.D. only,Thru lane,unknown,unknown,Rear end,Unknown,Daylight,01 - Daylight,Regional municipality,No control,unknown,1,0,0,False,False,False,Clear,,False,Road 1: 1440 HURON RD (60 km/h); Road 2: HURON RD; Distance: 5.0 M N; Vehicle #1     Make: DODG     Model: DAK     Colour: BLK     Style: PK; Vehicle #2     Make: TOYT     Model: CTX     Colour: GRY     Style: 4B; Vehicle #3     Make: DODG     Model: CAR ,5/13/2021 11:39:18 AM,,
50580,20147114,1594753200000,2020,7,14,19,0,0,Tuesday,543938.48346,4805077.60587,-80.457428,43.397298,Intersection related,2,P.D. only,Thru lane,unknown,unknown,Rear end,Unknown,Daylight,01 - Daylight,Municipal (excl. Twp. Rd.),Stop sign,Functioning,0,0,0,False,False,False,Clear,,True,Road 1: OLD HURON RD; Road 2: HURON RD; Vehicle #1     Make:      Model:      Colour:      Style: ; Vehicle #2     Make: HOND     Model: UDY     Colour: BLK     Style: TY,5/13/2021 11:28:00 AM,,
50581,20149138,1594995000000,2020,7,17,14,10,0,Friday,541217.20109,4811887.10603,-80.490517,43.458766,At/near private drive,2,Non-reportable,Thru lane,unknown,unknown,Other,Unknown,Daylight,01 - Daylight,Municipal (excl. Twp. Rd.),No control,unknown,0,0,0,False,False,False,Clear,,True,Road 1: MARGARET AVE (IFO 121); Vehicle #1     Make: HYUN     Model: ESS     Colour: RED     Style: 4D; Vehicle #2     Make: CHEV     Model: EXP     Colour: WHI     Style: FV,5/13/2021 11:32:36 AM,,
50582,20149154,1594930200000,2020,7,16,20,10,0,Thursday,542303.52001,4803942.42959,-80.477704,43.387170999999995,At/near private drive,2,Non-reportable,Thru lane,unknown,unknown,SMV unattended vehicle,Unknown,Dusk,05 - Dusk,Municipal (excl. Twp. Rd.),No control,unknown,0,0,0,False,False,False,Clear,,True,Road 1: 196 MAITLAND ST; Vehicle #1     Make:      Model:      Colour:      Style: ; Vehicle #2     Make: DODG     Model: CAR     Colour: BLK     Style: VN,5/13/2021 11:33:34 AM,,
50583,20149582,1595083200000,2020,7,18,14,40,0,Saturday,546045.79826,4804449.73185,-80.43146,43.391518,Non intersection,2,P.D. only,Left shoulder,unknown,unknown,SMV unattended vehicle,Unknown,Daylight,01 - Daylight,Municipal (excl. Twp. Rd.),No control,unknown,0,0,0,False,False,False,Clear,,False,Road 1: OLD CARRIAGE DR (50 km/h); Road 2: PIONEER DR; Distance: 200.0 M S; Vehicle #1     Make:      Model:      Colour:      Style: ; Vehicle #2     Make: HYUN     Model: ESM     Colour: WHI     Style: 4D; Vehicle #3     Make: HYUN     Model: SAN     Co,5/13/2021 11:31:07 AM,,
50584,20149617,1595051880000,2020,7,18,5,58,0,Saturday,540350.6575,4806817.95875,-80.50160199999999,43.41317,Intersection related,2,P.D. only,Not on roadway - left side,unknown,unknown,SMV other,Unknown,Daylight,01 - Daylight,Municipal (excl. Twp. Rd.),Stop sign,unknown,0,0,0,False,False,False,Clear,,False,Road 1: WILLIAMSBURG RD (50 km/h); Road 2: DINISON CRES (50 km/h); Distance: 8.0 M S; Vehicle #1     Make: DODG     Model: CHA     Colour: BLK     Style: 2D,5/13/2021 11:30:26 AM,,
50585,20149860,1595081760000,2020,7,18,14,16,0,Saturday,536921.89509,4808698.69908,-80.543825,43.430281,Non intersection,1,Non-fatal injury,Not on roadway - right side,unknown,unknown,SMV other,Unknown,Daylight,01 - Daylight,Municipal (excl. Twp. Rd.),No control,unknown,0,0,0,True,False,False,Clear,,False,Road 1: 403 WESTFOREST TRAIL (50 km/h); Road 2: WESTFOREST TRAIL; Distance: 20.0 K W; Vehicle #1     Make: HYUN     Model: K3G     Colour: WHI     Style: TY,5/13/2021 11:31:23 AM,,
50586,20150618,1595166840000,2020,7,19,13,54,0,Sunday,540885.95998,4812001.86842,-80.494602,43.459817,Intersection related,1,Non-fatal injury,Within intersection,unknown,unknown,Angle,Unknown,Daylight,01 - Daylight,Municipal (excl. Twp. Rd.),Stop sign,Functioning,0,0,0,False,False,False,Clear,,False,Road 1: WILHELM ST (50 km/h); Road 2: AHRENS ST W (50 km/h); Vehicle #1     Make: FORD     Model: SPE     Colour: GRY     Style: TY; Vehicle #2     Make: KIA     Model: SOU     Colour: BLK     Style: TY,5/13/2021 11:30:24 AM,,
50587,20150687,1595173500000,2020,7,19,15,45,0,Sunday,543792.65644,4809484.90894,-80.45887499999999,43.43699,Non intersection,2,P.D. only,Thru lane,unknown,unknown,Sideswipe,Unknown,Daylight,01 - Daylight,Regional municipality,No control,unknown,0,0,0,False,False,False,Clear,,True,Road 1: MONTGOMERY RD; Road 2: KING ST E; Vehicle #1     Make: HYUN     Model: ESM     Colour: GRY     Style: 4D; Vehicle #2     Make: RAM     Model: RTR     Colour: GRY     Style: PK,5/13/2021 11:40:53 AM,,
50588,20151471,1595262600000,2020,7,20,16,30,0,Monday,537487.63991,4809200.09665,-80.536801,43.434768,Non intersection,2,P.D. only,Not on roadway - left side,unknown,unknown,SMV other,Unknown,Daylight,01 - Daylight,Regional municipality,No control,unknown,0,0,0,False,False,False,Clear,,False,Road 1: WEXFORD CRES (50 km/h); Road 2: STOKE DR; Distance: 170.0 K N; Vehicle #1     Make: CHEV     Model: CVT     Colour: WHI     Style: 2B,5/13/2021 11:39:23 AM,,
50589,20151940,1595011500000,2020,7,17,18,45,0,Friday,544970.30861,4811012.10897,-80.444198,43.450671,At/near private drive,2,P.D. only,Thru lane,unknown,unknown,Sideswipe,Unknown,Daylight,01 - Daylight,Regional municipality,No control,unknown,0,0,0,False,False,False,Clear,,True,Road 1: 1025 OTTAWA ST N; Vehicle #1     Make: HYUN     Model: ETG     Colour: GRY     Style: 4B; Vehicle #2     Make:      Model:      Colour:      Style:,4/27/2022 10:42:23 AM,,
50590,20151946,1593694800000,2020,7,2,13,0,0,Thursday,539036.76245,4809014.6151,-80.517674,43.433018999999994,Non intersection,2,P.D. only,Thru lane,unknown,unknown,SMV unattended vehicle,Unknown,Daylight,01 - Daylight,Municipal (excl. Twp. Rd.),No control,unknown,0,0,0,False,False,False,Clear,,True,Road 1: OVERLEA DR; Road 2: KELLY; Vehicle #1     Make: HYUN     Model: SFT     Colour: BLK     Style: TY; Vehicle #2     Make: JEEP     Model: CMP     Colour: GRY     Style: TY,5/13/2021 11:31:11 AM,,
50591,20152250,1594979100000,2020,7,17,9,45,0,Friday,543937.92468,4811796.2014,-80.45689399999999,43.457792,At/near private drive,2,Non-reportable,Thru lane,unknown,unknown,SMV unattended vehicle,Unknown,Daylight,01 - Daylight,Municipal (excl. Twp. Rd.),No control,unknown,0,0,0,False,False,False,Clear,,True,Road 1: 55 PERKELL PLACE (PARKED ON ROADWAY); Vehicle #1     Make:      Model:      Colour:      Style: ; Vehicle #2     Make: KIA     Model: FLG     Colour: WHI     Style: 4D,5/13/2021 11:32:58 AM,,
50592,20152852,1595423640000,2020,7,22,13,14,0,Wednesday,540301.65138,4811097.70572,-80.501892,43.451707999999996,Non intersection,2,P.D. only,Not on roadway - right side,unknown,unknown,SMV unattended vehicle,Unknown,Daylight,01 - Daylight,Municipal (excl. Twp. Rd.),No control,unknown,0,0,0,False,False,False,Clear,,False,Road 1: JOSEPH ST (50 km/h); Road 2: VICTORIA ST S; Distance: 200.0 K N; Vehicle #1     Make: TOYT     Model: CEC     Colour: GRY     Style: 4D; Vehicle #2     Make: CHEV     Model: VTL     Colour: RED     Style: 4B,5/13/2021 11:26:23 AM,,
50593,20153027,1595438400000,2020,7,22,17,20,0,Wednesday,542444.17559,4803824.87728,-80.475977,43.386103999999996,Non intersection,2,P.D. only,Not on roadway - right side,unknown,unknown,SMV other,Unknown,Daylight,01 - Daylight,Municipal (excl. Twp. Rd.),No control,unknown,0,0,0,False,False,False,Rain,,False,Road 1: HURON RD (60 km/h); Road 2: SADDLEBROOK CT; Distance: 50.0 M S; Vehicle #1     Make: MERZ     Model: GLA     Colour: BLK     Style: TY,5/13/2021 11:33:27 AM,,
50594,20154647,1595618760000,2020,7,24,19,26,0,Friday,541950.7207,4810886.42862,-80.481527,43.449715,Non intersection,1,Non-fatal injury,Not on roadway - right side,unknown,unknown,SMV other,Unknown,Daylight,01 - Daylight,Municipal (excl. Twp. Rd.),No control,unknown,0,0,0,False,False,False,Clear,,False,Road 1: LANCASTER ST E (50 km/h); Road 2: KRUG ST; Distance: 20.0 M W; Vehicle #1     Make: TOYT     Model: CTX     Colour: BLU     Style: 4B,5/13/2021 11:31:10 AM,,
50595,20155195,1595686500000,2020,7,25,14,15,0,Saturday,540068.47862,4810885.87874,-80.504789,43.449813,At intersection,2,P.D. only,Thru lane,unknown,unknown,Rear end,Unknown,Daylight,01 - Daylight,Municipal (excl. Twp. Rd.),Stop sign,Functioning,1,0,0,False,False,False,Clear,,False,Road 1: PARK ST (50 km/h); Road 2: CHERRY ST (50 km/h); Distance: 0.0 K; Vehicle #1     Make: TOYT     Model: RG4     Colour: BRN     Style: TY; Vehicle #2     Make: VOLK     Model: GFS     Colour: GRN     Style: 4B,5/13/2021 11:34:19 AM,,
50596,20155217,1595688000000,2020,7,25,14,40,0,Saturday,545834.13867,4802634.72663,-80.434225,43.375189,Non intersection,2,P.D. only,Thru lane,unknown,unknown,Sideswipe,Unknown,Daylight,01 - Daylight,Municipal (excl. Twp. Rd.),No control,unknown,0,0,0,False,False,False,Clear,,True,Road 1: 643 DOON SOUTH DR; Vehicle #1     Make: HYUN     Model: SAN     Colour: WHI     Style: TY; Vehicle #2     Make: DODG     Model: CTX     Colour: ONG     Style: 2D,5/13/2021 11:31:31 AM,,
50597,20155451,1595709840000,2020,7,25,20,44,0,Saturday,540756.19745,4806322.39409,-80.49663,43.408685999999996,Non intersection,2,P.D. only,Thru lane,unknown,unknown,SMV unattended vehicle,Unknown,Dusk,05 - Dusk,Municipal (excl. Twp. Rd.),No control,unknown,1,0,0,False,False,False,Clear,,False,Road 1: ERINBROOK DR (50 km/h); Road 2: TILLSLEY DR; Distance: 30.0 K E; Vehicle #1     Make: BMW     Model: C3I     Colour: SIL     Style: 4D; Vehicle #2     Make: FORD     Model: FL     Colour: BLK     Style: 4D,5/13/2021 11:31:27 AM,,
50598,20155713,1595772000000,2020,7,26,14,0,0,Sunday,541579.31591,4810752.13685,-80.486127,43.448526,Intersection related,2,P.D. only,Not on roadway - right side,unknown,unknown,SMV other,Unknown,Daylight,01 - Daylight,Regional municipality,Traffic signal,Functioning,0,0,0,False,False,False,Clear,,False,Road 1: KING ST E (50 km/h); Road 2: SCOTT ST; Distance: 10.0 M N; Vehicle #1     Make: TOYT     Model: TUN     Colour: SIL     Style: CW,5/13/2021 11:36:38 AM,,
50599,20156350,1595805300000,2020,7,26,23,15,0,Sunday,544609.32396,4809091.93909,-80.44881699999999,43.433403999999996,At intersection,1,Non-fatal injury,Within intersection,unknown,unknown,Turning movement,Unknown,"Dark, artificial","08 - Dark, artificial",Regional municipality,Traffic signal,Functioning,0,0,0,False,False,False,Clear,,False,Road 1: KINGSWAY DR (50 km/h); Road 2: FRANKLIN ST S (50 km/h); Vehicle #1     Make: TOYT     Model: TUN     Colour: BLK     Style: PK; Vehicle #2     Make: HOND     Model: UAX     Colour: GRY     Style: 4D,5/13/2021 11:38:46 AM,,
50600,20156540,1593646200000,2020,7,1,23,30,0,Wednesday,544032.70435,4808174.02185,-80.456015,43.425173,At/near private drive,2,P.D. only,Thru lane,unknown,unknown,SMV unattended vehicle,Unknown,Dark,07 - Dark,Municipal (excl. Twp. Rd.),No control,unknown,0,0,0,False,False,False,Clear,,True,Road 1: HARBER AVE (IFO 86); Vehicle #1     Make:      Model:      Colour:      Style: ; Vehicle #2     Make: FORD     Model: EDG     Colour: WHI     Style: TY,5/13/2021 11:28:33 AM,,
50601,20156610,1595849100000,2020,7,27,11,25,0,Monday,537604.56629,4810054.34408,-80.535297,43.442454,Intersection related,2,P.D. only,Not on roadway - right side,unknown,unknown,SMV unattended vehicle,Unknown,Daylight,01 - Daylight,Municipal (excl. Twp. Rd.),Stop sign,unknown,0,0,0,False,False,False,Clear,,False,Road 1: WESTWOOD DR (40 km/h); Road 2: GALLARNO CRT (40 km/h); Vehicle #1     Make: NISS     Model: ASL     Colour: SIL     Style: 4D; Vehicle #2     Make: MAZD     Model: M3S     Colour: BLK     Style: 4D; Vehicle #3     Make: HOND     Model: CTU     Col,5/13/2021 11:30:13 AM,,
50602,20157282,1595934000000,2020,7,28,11,0,0,Tuesday,546992.24657,4808376.14077,-80.419437,43.426812999999996,Intersection related,2,P.D. only,Thru lane,unknown,unknown,Other,Unknown,Daylight,01 - Daylight,Regional municipality,Stop sign,Functioning,0,0,0,False,False,False,Clear,,True,Road 1: GRAND RIVER BLVD; Road 2: RIVER RD E; Vehicle #1     Make: HINO     Model: HIN     Colour: WHI     Style: CT; Vehicle #2     Make: KIA     Model: FLX     Colour: SIL     Style: 4B,5/13/2021 11:40:14 AM,,
50603,20157446,1595949180000,2020,7,28,15,13,0,Tuesday,541752.95565,4810650.482,-80.483989,43.447601,Non intersection,1,Non-fatal injury,Right shoulder,unknown,unknown,Sideswipe,Unknown,Daylight,01 - Daylight,Municipal (excl. Twp. Rd.),No control,unknown,0,0,0,False,True,False,Clear,,False,Road 1: 300 KING ST E (50 km/h); Road 2: KING ST E; Distance: 2.0 K E; Vehicle #1     Make:      Model:      Colour:      Style: COU; Vehicle #2     Make: BICY     Model: .     Colour:      Style:,5/13/2021 11:28:39 AM,,
50604,20157897,1595953800000,2020,7,28,16,30,0,Tuesday,541843.58205,4810590.87895,-80.482874,43.44706,Non intersection,2,Non-reportable,Thru lane,unknown,unknown,Rear end,Unknown,Daylight,01 - Daylight,Regional municipality,No control,unknown,0,0,0,False,False,False,Clear,,True,Road 1: KING ST E; Road 2: CEDAR ST S; Vehicle #1     Make: TOYT     Model: RV4     Colour: BLU     Style: TY; Vehicle #2     Make: VOLK     Model: GLF     Colour: BLU     Style: 2B,5/13/2021 11:40:22 AM,,
50605,20158058,1596022200000,2020,7,29,11,30,0,Wednesday,541141.5884,4806764.19383,-80.49183699999999,43.412642999999996,At intersection,2,P.D. only,Within intersection,unknown,unknown,Turning movement,Unknown,Daylight,01 - Daylight,Municipal (excl. Twp. Rd.),unknown,Functioning,0,0,0,False,False,False,Clear,,True,Road 1: LAURENTIAN DR; Road 2: BLOCK LINE RD; Vehicle #1     Make: KIA     Model: SPO     Colour: BLK     Style: TY; Vehicle #2     Make: KIA     Model: SOU     Colour: SIL     Style: TY,5/13/2021 11:30:05 AM,,
50606,20159447,1596178800000,2020,7,31,7,0,0,Friday,542882.53425,4805424.69375,-80.47044,43.400484,At/near private drive,2,P.D. only,Thru lane,unknown,unknown,Sideswipe,Unknown,Daylight,01 - Daylight,Municipal (excl. Twp. Rd.),No control,unknown,0,0,0,False,False,False,Clear,,True,Road 1: TRILLIUM DR (IFO 500); Road 2: STRASBURG RD; Vehicle #1     Make: GMC     Model: SIE     Colour: WHI     Style: PK; Vehicle #2     Make: HOND     Model: UDY     Colour: GRY     Style: TY,5/13/2021 11:27:34 AM,,
50607,20161606,1596393960000,2020,8,2,18,46,0,Sunday,535991.68233,4807553.10968,-80.555393,43.420010999999995,At/near private drive,2,P.D. only,Thru lane,unknown,unknown,Other,Unknown,Daylight,01 - Daylight,Municipal (excl. Twp. Rd.),No control,unknown,1,0,0,False,False,False,Rain,,False,Road 1: 102 PENELOPE DR (50 km/h); Road 2: PENELOPE DR; Distance: 2.0 K W; Vehicle #1     Make: AUDI     Model: A63     Colour: BGE     Style: 4D; Vehicle #2     Make: DODG     Model: CAR     Colour: GRY     Style: VN,5/13/2021 11:31:21 AM,,
50608,20161724,1596407400000,2020,8,2,22,30,0,Sunday,538785.13586,4810967.32091,-80.52064399999999,43.450613999999995,Intersection related,2,P.D. only,Within intersection,unknown,unknown,Approaching,Unknown,Dark,07 - Dark,Municipal (excl. Twp. Rd.),Stop sign,Functioning,0,0,0,False,False,False,Clear,,True,Road 1: DUNBAR RD; Road 2: GLASGOW ST; Vehicle #1     Make: NISS     Model: VVL     Colour: SIL     Style: 4D; Vehicle #2     Make: MAZD     Model: M3I     Colour: GRY     Style: 4D,5/13/2021 11:34:10 AM,,
50609,20162182,1596469200000,2020,8,3,15,40,0,Monday,542627.754,4803999.2874,-80.473697,43.387664,At intersection,2,P.D. only,Not on roadway - left side,unknown,unknown,SMV other,Unknown,Daylight,01 - Daylight,Municipal (excl. Twp. Rd.),Stop sign,unknown,0,0,0,False,False,False,Rain,,False,Road 1: FEATHERSTONE ST (60 km/h); Road 2: HURON RD (50 km/h); Vehicle #1     Make: VOLK     Model: JTC     Colour: GRN     Style: 4B,5/13/2021 11:32:08 AM,,
50610,20162915,1596549600000,2020,8,4,14,0,0,Tuesday,545095.2927,4807778.98805,-80.442921,43.421552999999996,Non intersection,2,P.D. only,Thru lane,unknown,unknown,Angle,Unknown,Daylight,01 - Daylight,Regional municipality,No control,unknown,0,0,0,False,False,False,Clear,,True,Road 1: WILSON AVE; Road 2: FAIRWAY RD S; Vehicle #1     Make: HOND     Model: ACC     Colour: GRY     Style: 4D; Vehicle #2     Make: HOND     Model: CRV     Colour: SIL     Style: TY,5/13/2021 11:39:38 AM,,
50611,20163019,1596557760000,2020,8,4,16,16,0,Tuesday,537218.99856,4807578.6711,-80.54023099999999,43.420182,At intersection,1,Non-fatal injury,Thru lane,unknown,unknown,Sideswipe,Unknown,Daylight,01 - Daylight,Municipal (excl. Twp. Rd.),Stop sign,Functioning,1,0,0,False,False,False,Clear,,False,Road 1: WESTHEIGHTS DR (50 km/h); Road 2: BROKEN OAK CRESCENT (50 km/h); Vehicle #1     Make: HOND     Model: UDY     Colour: BLK     Style: VN; Vehicle #2     Make: SUBA     Model: I2P     Colour: BLU     Style: SW,5/13/2021 11:34:23 AM,,
50612,20163080,1596561600000,2020,8,4,17,20,0,Tuesday,541838.28256,4808906.68881,-80.483068,43.431895999999995,Intersection related,2,Non-reportable,Thru lane,unknown,unknown,Rear end,Unknown,Daylight,01 - Daylight,Municipal (excl. Twp. Rd.),Stop sign,Functioning,0,0,0,False,False,False,Clear,,True,Road 1: HOFFMAN ST; Road 2: MEINZINGER AVE; Vehicle #1     Make: CHEV     Model: IMP     Colour: BLK     Style: 4D; Vehicle #2     Make:      Model:      Colour:      Style:,5/13/2021 11:31:56 AM,,
50613,20163188,1596572700000,2020,8,4,20,25,0,Tuesday,542108.48129,4807131.2973,-80.479867,43.415895,Intersection related,1,Non-fatal injury,Thru lane,unknown,unknown,Rear end,Unknown,Dark,07 - Dark,Municipal (excl. Twp. Rd.),Traffic signal,Functioning,1,0,0,False,True,False,Clear,,False,Road 1: STRASBURG RD (50 km/h); Road 2: BLOCK LINE RD (50 km/h); Vehicle #1     Make: PETE     Model:      Colour:      Style: ; Vehicle #2     Make: BICY     Model: .     Colour:      Style:,5/13/2021 11:34:21 AM,,
50614,20164520,1596725100000,2020,8,6,14,45,0,Thursday,541497.62357,4808743.14102,-80.48729,43.430442,Intersection related,2,P.D. only,Thru lane,unknown,unknown,Rear end,Unknown,Daylight,01 - Daylight,Regional municipality,unknown,Functioning,0,0,0,False,False,False,Clear,,True,Road 1: HOFFMAN ST; Road 2: HIGHLAND RD E SOUTHDALE KITCHENER; Vehicle #1     Make: MERZ     Model: M35     Colour: SIL     Style: TY; Vehicle #2     Make: CHEV     Model: CAL     Colour: GRY     Style: PK,5/13/2021 11:38:27 AM,,
50615,20164550,1596724200000,2020,8,6,14,30,0,Thursday,538077.22257,4810112.35966,-80.52945299999999,43.442952,At/near private drive,2,Non-reportable,Thru lane,unknown,unknown,SMV unattended vehicle,Unknown,Daylight,01 - Daylight,Municipal (excl. Twp. Rd.),No control,unknown,0,0,0,False,False,False,Clear,,True,Road 1: MARKWOOD DR (IFO 88); Vehicle #1     Make:      Model:      Colour:      Style: ; Vehicle #2     Make: HOND     Model: AST     Colour: GRN     Style: 4D,5/13/2021 11:29:14 AM,,
50616,20164743,1596749880000,2020,8,6,21,38,0,Thursday,544282.5586,4808358.31006,-80.45291399999999,43.426817,Intersection related,2,P.D. only,Not on roadway - left side,unknown,unknown,SMV other,Unknown,Dark,07 - Dark,Municipal (excl. Twp. Rd.),unknown,Functioning,0,0,0,False,False,False,Clear,,False,Road 1: WILSON AVE (40 km/h); Road 2: FRANKLIN ST S (50 km/h); Vehicle #1     Make: OLDS     Model: AUR     Colour: BLK     Style: 4D,5/13/2021 11:32:12 AM,,
50617,20165143,1596803400000,2020,8,7,12,30,0,Friday,545146.94592,4807735.2341,-80.442287,43.421155999999996,At/near private drive,2,P.D. only,Thru lane,unknown,unknown,Turning movement,Unknown,Daylight,01 - Daylight,Regional municipality,No control,unknown,0,0,0,False,False,False,Clear,,True,Road 1: 385 FAIRWAY RD S; Road 2: WILSON AVE; Vehicle #1     Make: HOND     Model: UCL     Colour: WHI     Style: 4D; Vehicle #2     Make: MERZ     Model: C4A     Colour: BLK     Style: 4D; Vehicle #3     Make: HYUN     Model: ESM     Colour: RED     Styl,8/16/2022 2:57:17 PM,,
50618,20165151,1596804300000,2020,8,7,12,45,0,Friday,541515.30302,4807850.75894,-80.487139,43.422405999999995,Non intersection,2,P.D. only,Thru lane,unknown,unknown,Rear end,Unknown,Daylight,01 - Daylight,Regional municipality,No control,unknown,0,0,0,False,False,False,Clear,,True,Road 1: STRASBURG RD; Road 2: OTTAWA ST S; Vehicle #1     Make: VOLV     Model: S6R     Colour: GRY     Style: 4D; Vehicle #2     Make: HOND     Model: UAX     Colour: WHI     Style: 4D,5/13/2021 11:39:40 AM,,
50619,20165963,1596891960000,2020,8,8,13,6,0,Saturday,543726.43309,4812024.71966,-80.45949,43.459862,Non intersection,2,P.D. only,Thru lane,unknown,unknown,SMV unattended vehicle,Unknown,Daylight,01 - Daylight,Regional municipality,No control,unknown,1,0,0,False,False,False,Clear,,False,Road 1: 208 RIVER RD E (50 km/h); Road 2: RIVER RD E; Distance: 2.0 K S; Vehicle #1     Make: TOYT     Model: RG4     Colour: WHI     Style: TY; Vehicle #2     Make: CHEV     Model: CZT     Colour: RED     Style: 4D,5/13/2021 11:40:38 AM,,
50620,20167400,1597063500000,2020,8,10,12,45,0,Monday,543988.59966,4807776.87224,-80.456592,43.421599,At intersection,1,Non-fatal injury,Within intersection,unknown,unknown,Angle,Unknown,Daylight,01 - Daylight,Municipal (excl. Twp. Rd.),unknown,Functioning,0,0,0,False,False,False,Clear,,True,Road 1: VANIER DR; Road 2: SIEBERT AVE; Vehicle #1     Make: HOND     Model: AST     Colour: BLK     Style: 4D; Vehicle #2     Make: HYUN     Model: SAN     Colour: WHI     Style: TY,5/13/2021 11:30:43 AM,,
50621,20168257,1596933960000,2020,8,9,0,46,0,Sunday,547022.54674,4810472.06977,-80.418882,43.445682999999995,At/near private drive,2,P.D. only,Thru lane,unknown,unknown,SMV unattended vehicle,Unknown,Dark,07 - Dark,Municipal (excl. Twp. Rd.),No control,unknown,0,0,0,False,False,False,Clear,,True,Road 1: ROLLING ACRES DR (IFO 47); Vehicle #1     Make: VOLK     Model: JES     Colour: BLK     Style: 4D; Vehicle #2     Make: MAZD     Model: 3TR     Colour: WHI     Style: 4D,5/13/2021 11:32:40 AM,,
50622,20168370,1594449000000,2020,7,11,6,30,0,Saturday,544755.44469,4808023.9598,-80.447099,43.423778999999996,Intersection related,2,Non-reportable,Thru lane,unknown,unknown,Rear end,Unknown,Daylight,01 - Daylight,Municipal (excl. Twp. Rd.),Traffic signal,Functioning,0,0,0,False,False,False,Clear,,True,Road 1: TRAYNOR AVE; Road 2: WILSON AVE; Vehicle #1     Make: TOYT     Model: MTL     Colour: GRY     Style: 4D; Vehicle #2     Make: NISS     Model: SML     Colour: RED     Style: 4D,5/13/2021 11:33:57 AM,,
50623,20168399,1597163400000,2020,8,11,16,30,0,Tuesday,546355.88048,4809129.62451,-80.427234,43.433637,Non intersection,2,P.D. only,Thru lane,unknown,unknown,Angle,Unknown,Daylight,01 - Daylight,Regional municipality,No control,unknown,0,0,0,False,False,False,Clear,,True,Road 1: RIVER RD E; Road 2: FAIRWAY RD N; Vehicle #1     Make: CHEV     Model: CZT     Colour: GRY     Style: 4D; Vehicle #2     Make: TOYT     Model: CBL     Colour: GRY     Style: 4D,5/13/2021 11:40:49 AM,,
50624,20168410,1597161600000,2020,8,11,16,0,0,Tuesday,540966.97199,4810535.00237,-80.49371099999999,43.446605,Non intersection,2,Non-reportable,Thru lane,unknown,unknown,Rear end,Unknown,Daylight,01 - Daylight,Regional municipality,No control,unknown,0,0,0,False,False,False,Clear,,True,Road 1: COURTLAND AVE W; Road 2: JUBILEE DR; Vehicle #1     Make: HOND     Model: CXG     Colour: SIL     Style: 4D; Vehicle #2     Make: NISS     Model: A2S     Colour: WHI     Style: 4D,8/16/2022 2:55:55 PM,,
50625,20168417,1597165080000,2020,8,11,16,58,0,Tuesday,542476.55369,4810188.69808,-80.475083,43.443402999999996,Non intersection,1,Non-fatal injury,Thru lane,unknown,unknown,Approaching,Unknown,Daylight,01 - Daylight,Municipal (excl. Twp. Rd.),No control,unknown,1,0,0,False,False,False,Clear,,False,Road 1: 880 KING ST E (50 km/h); Road 2: KING ST E; Distance: 5.0 M W; Vehicle #1     Make: HYUN     Model: EST     Colour: SIL     Style: 4D; Vehicle #2     Make: NISS     Model: KIC     Colour: MLT     Style: 4B,5/13/2021 11:27:02 AM,,