OBJECTID,ACCIDENTNUM,ACCIDENTDATE,ACCIDENT_YEAR,ACCIDENT_MONTH,ACCIDENT_DAY,ACCIDENT_HOUR,ACCIDENT_MINUTE,ACCIDENT_SECOND,ACCIDENT_WEEKDAY,XCOORD,YCOORD,LONGITUDE,LATITUDE,ACCIDENTLOCATION,COLLISIONTYPE,CLASSIFICATIONOFACCIDENT,IMPACTLOCATION,INITIALDIRECTIONOFTRAVELONE,INITIALDIRECTIONOFTRAVELTWO,INITIALIMPACTTYPE,INTTRAFFICCONTROL,LIGHT,LIGHTFORREPORT,ROADJURISDICTION,TRAFFICCONTROL,TRAFFICCONTROLCONDITION,THRULANENO,NORTHBOUNDDISOBEYCOUNT,SOUTHBOUNDDISOBEYCOUNT,PEDESTRIANINVOLVED,CYCLISTINVOLVED,MOTORCYCLISTINVOLVED,ENVIRONMENTCONDITION1,ENVIRONMENTCONDITION2,SELFREPORTED,XMLIMPORTNOTES,LASTEDITEDDATE,CREATE_BY,CREATE_DATE
50724,20201382,1594728000000,2020,7,14,12,0,0,Tuesday,540171.47209,4808228.3956,-80.503712,43.425878999999995,Non intersection,2,Non-reportable,Thru lane,unknown,unknown,SMV unattended vehicle,Unknown,Daylight,01 - Daylight,Municipal (excl. Twp. Rd.),No control,unknown,0,0,0,False,False,False,Clear,,True,Road 1: 149 STONYBROOK DR; Vehicle #1     Make:      Model:      Colour:      Style: ; Vehicle #2     Make: SUBA     Model: GKG     Colour: RED     Style: 4D,5/13/2021 11:29:35 AM,,
50725,20201383,1594755000000,2020,7,14,19,30,0,Tuesday,547281.53189,4811202.22555,-80.415618,43.452241,At/near private drive,2,P.D. only,Thru lane,unknown,unknown,SMV unattended vehicle,Unknown,Daylight,01 - Daylight,Municipal (excl. Twp. Rd.),No control,unknown,0,0,0,False,False,False,Clear,,True,Road 1: 935 BRIDGEMILL COURT; Vehicle #1     Make: TOYT     Model: RV4     Colour: BLK     Style: TY; Vehicle #2     Make: DODG     Model: RPC     Colour: BLK     Style: CW,5/13/2021 11:27:24 AM,,
50726,20201814,1600902840000,2020,9,23,23,14,0,Wednesday,545144.2358,4806803.84462,-80.442397,43.412769999999995,At/near private drive,2,P.D. only,Thru lane,unknown,unknown,Angle,Unknown,"Dark, artificial","08 - Dark, artificial",Municipal (excl. Twp. Rd.),No control,unknown,2,0,0,False,False,False,Clear,,False,Road 1: 851 WILSON AVE (50 km/h); Road 2: WILSON AVE; Distance: 2.0 K N; Vehicle #1     Make: MAZD     Model: TRI     Colour: WHI     Style: TY; Vehicle #2     Make: PONT     Model: WLT     Colour: BLK     Style: 4D,5/13/2021 11:28:51 AM,,
50727,20201951,1594983600000,2020,7,17,11,0,0,Friday,542582.64312,4810126.40951,-80.473776,43.442836,At intersection,2,P.D. only,Thru lane,unknown,unknown,Rear end,Unknown,Daylight,01 - Daylight,Regional municipality,Traffic signal,Functioning,0,0,0,False,False,False,Clear,,True,Road 1: KING ST E; Road 2: BORDEN AVE N; Vehicle #1     Make: MERZ     Model: CSP     Colour: WHI     Style: FV; Vehicle #2     Make: VOLV     Model: XC9     Colour: BLK     Style: TY,5/13/2021 11:36:29 AM,,
50728,20201958,1594985400000,2020,7,17,11,30,0,Friday,541962.20135,4815618.32347,-80.481021,43.49232,Non intersection,2,Non-reportable,Thru lane,unknown,unknown,SMV unattended vehicle,Unknown,Daylight,01 - Daylight,Municipal (excl. Twp. Rd.),No control,unknown,0,0,0,False,False,False,Clear,,True,Road 1: 239 WOOLWICH ST; Vehicle #1     Make: FORD     Model: COF     Colour: GRY     Style: PK; Vehicle #2     Make: CHEV     Model: SIL     Colour: YEL     Style: PK,5/13/2021 11:30:57 AM,,
50729,20201974,1595161800000,2020,7,19,12,30,0,Sunday,544057.45349,4805076.48137,-80.455959,43.397281,Intersection related,2,P.D. only,Thru lane,unknown,unknown,SMV unattended vehicle,Unknown,Daylight,01 - Daylight,Municipal (excl. Twp. Rd.),Stop sign,unknown,0,0,0,False,False,False,Rain,,True,Road 1: OLD HURON PL; Road 2: OLD HURON RD; Vehicle #1     Make: VOLK     Model: GLF     Colour: BLK     Style: 4D; Vehicle #2     Make:      Model:      Colour:      Style:,5/13/2021 11:26:00 AM,,
50730,20202104,1595707200000,2020,7,25,20,0,0,Saturday,544272.60924,4804825.76462,-80.453323,43.395011,At/near private drive,2,Non-reportable,Thru lane,unknown,unknown,SMV unattended vehicle,Unknown,Daylight,01 - Daylight,Municipal (excl. Twp. Rd.),No control,unknown,0,0,0,False,False,False,Clear,,True,Road 1: 108 CARLYLE DR; Vehicle #1     Make:      Model:      Colour:      Style: ; Vehicle #2     Make: CHEV     Model: SIL     Colour: BLK     Style: PK,5/13/2021 11:35:01 AM,,
50731,20202117,1595761200000,2020,7,26,11,0,0,Sunday,540800.45675,4808813.94249,-80.495898,43.431118,Non intersection,2,P.D. only,Thru lane,unknown,unknown,SMV other,Unknown,Daylight,01 - Daylight,Regional municipality,No control,unknown,0,0,0,False,False,False,Clear,,True,Road 1: HOMER WATSON BLVD; Road 2: STIRLING AVE S; Vehicle #1     Make: TOYT     Model: SIE     Colour: GRY     Style: VN,5/13/2021 11:37:04 AM,,
50732,20203213,1601048880000,2020,9,25,15,48,0,Friday,538524.7517,4807897.411,-80.524079,43.422985999999995,Non intersection,1,Non-fatal injury,Not on roadway - right side,unknown,unknown,SMV other,Unknown,Daylight,01 - Daylight,Regional municipality,No control,unknown,0,0,0,False,False,False,Clear,,False,Road 1: ELM RIDGE DR (50 km/h); Road 2: SILVER ASPEN CRESCENT; Distance: 80.0 K S; Vehicle #1     Make: NISS     Model: NV2     Colour: WHI     Style: FV,5/13/2021 11:37:21 AM,,
50733,20203725,1601101500000,2020,9,26,6,25,0,Saturday,544163.35389,4809837.79498,-80.454267,43.440146,Intersection related,2,P.D. only,Thru lane,unknown,unknown,SMV unattended vehicle,Unknown,Dark,07 - Dark,Regional municipality,Stop sign,Functioning,1,0,0,False,False,False,Clear,,False,Road 1: ROSS AVE (50 km/h); Road 2: SHANTZ LN (50 km/h); Distance: 30.0 M W; Vehicle #1     Make:      Model:      Colour:      Style: ; Vehicle #2     Make: VOLK     Model: CLF     Colour: BLK     Style: 4B,5/13/2021 11:36:31 AM,,
50734,20203801,1601067600000,2020,9,25,21,0,0,Friday,536416.70351,4808449.29977,-80.550083,43.428059999999995,At/near private drive,2,P.D. only,Thru lane,unknown,unknown,Angle,Unknown,Dark,07 - Dark,Municipal (excl. Twp. Rd.),No control,unknown,0,0,0,False,False,False,Clear,,True,Road 1: 108 WESTMEADOW DR; Vehicle #1     Make: HYUN     Model: ESS     Colour: GRY     Style: 4D; Vehicle #2     Make: HOND     Model: CIV     Colour: SIL     Style: 4D,5/13/2021 11:26:38 AM,,
50735,20204553,1601168400000,2020,9,27,1,0,0,Sunday,536771.6114,4806609.9301,-80.545822,43.411480999999995,At intersection,2,P.D. only,Not on roadway - left side,unknown,unknown,SMV other,Unknown,Dark,07 - Dark,Municipal (excl. Twp. Rd.),Stop sign,unknown,0,0,0,False,False,False,Clear,,False,Road 1: YELLOW BIRCH DR (50 km/h); Road 2: FRAN ELLEN CRES (50 km/h); Vehicle #1     Make: DODG     Model: DAK     Colour: BLK     Style: PK,5/13/2021 11:27:49 AM,,
50736,20207386,1601486820000,2020,9,30,17,27,0,Wednesday,541684.84325,4814660.87743,-80.484524,43.483715,Non intersection,2,P.D. only,Not on roadway - left side,unknown,unknown,SMV unattended vehicle,Unknown,Daylight,01 - Daylight,Regional municipality,No control,unknown,0,0,0,False,False,False,Rain,,False,Road 1: 39  WOOLWICH ST (50 km/h); Road 2: WOOLWICH ST; Distance: 2.0 M E; Vehicle #1     Make:      Model:      Colour:      Style: ; Vehicle #2     Make: LEXS     Model: RX5     Colour: WHI     Style: TY,5/13/2021 11:36:46 AM,,
50737,20207392,1601487180000,2020,9,30,17,33,0,Wednesday,543931.13969,4809146.97142,-80.45719199999999,43.433938999999995,At intersection,2,P.D. only,Thru lane,unknown,unknown,Approaching,Unknown,Daylight,01 - Daylight,Municipal (excl. Twp. Rd.),Stop sign,unknown,1,0,0,False,True,False,Clear,,False,Road 1: ECKERT ST (50 km/h); Road 2: FIRST AVE (50 km/h); Vehicle #1     Make: BICY     Model: .     Colour:      Style: 36; Vehicle #2     Make: NOVA     Model: HEV     Colour: WHI     Style: BU,5/13/2021 11:27:58 AM,,
50738,20207802,1601537400000,2020,10,1,7,30,0,Thursday,538060.39955,4807973.84705,-80.52981,43.423697999999995,At/near private drive,2,P.D. only,Thru lane,unknown,unknown,Sideswipe,Unknown,Daylight,01 - Daylight,Regional municipality,No control,unknown,0,0,0,False,False,False,Clear,,True,Road 1: 193 WESTHEIGHTS DR; Vehicle #1     Make: HYUN     Model: SFT     Colour: RED     Style: TY; Vehicle #2     Make: HYUN     Model: ESM     Colour: BLK     Style: 4D,5/13/2021 11:51:24 AM,,
50739,20207981,1601488800000,2020,9,30,18,0,0,Wednesday,546447.23618,4810180.30059,-80.42601599999999,43.443090999999995,At/near private drive,2,Non-reportable,Thru lane,unknown,unknown,SMV unattended vehicle,Unknown,Daylight,01 - Daylight,Municipal (excl. Twp. Rd.),No control,unknown,0,0,0,False,False,False,Clear,,True,Road 1: BRIARMEADOW PLACE (IFO 106); Road 2: DAIMLER DR; Distance: 10.0 M N; Vehicle #1     Make:      Model:      Colour:      Style: ; Vehicle #2     Make: CHEV     Model: COB     Colour: BLK     Style: 4D,5/13/2021 11:29:03 AM,,
50740,20207998,1601552700000,2020,10,1,11,45,0,Thursday,541538.76065,4811905.07906,-80.486541,43.458909999999996,Non intersection,2,P.D. only,Thru lane,unknown,unknown,SMV unattended vehicle,Unknown,Daylight,01 - Daylight,Municipal (excl. Twp. Rd.),No control,unknown,0,0,0,False,False,False,Clear,,True,Road 1: ST LEGER ST (IFO 72); Road 2: BREITHAUPT ST; Distance: 20.0 M W; Vehicle #1     Make: TOYT     Model: SIE     Colour: GRY     Style: VN; Vehicle #2     Make: NISS     Model: A2S     Colour: SIL     Style: 4D,5/13/2021 11:58:29 AM,,
50741,20208671,1599319800000,2020,9,5,15,30,0,Saturday,539261.61025,4805632.59288,-80.51513899999999,43.402555,Other,2,Non-reportable,Off highway,unknown,unknown,SMV unattended vehicle,Unknown,Daylight,01 - Daylight,Municipal (excl. Twp. Rd.),No control,unknown,0,0,0,False,False,False,Clear,,True,Road 1: 3 HENHOEFFER CRESCENT; Vehicle #1     Make:      Model:      Colour:      Style: ; Vehicle #2     Make: DODG     Model: DAX     Colour: SIL     Style: 4D,5/13/2021 11:35:02 AM,,
50742,20208679,1598601600000,2020,8,28,8,0,0,Friday,538497.38108,4808057.62128,-80.524405,43.42443,Non intersection,2,Non-reportable,Thru lane,unknown,unknown,SMV unattended vehicle,Unknown,Daylight,01 - Daylight,Municipal (excl. Twp. Rd.),No control,unknown,0,0,0,False,False,False,Clear,,True,Road 1: 90 HICKORY HEIGHTS CRESCENT; Vehicle #1     Make:      Model:      Colour:      Style: ; Vehicle #2     Make: FORD     Model: COF     Colour: BLK     Style: PK,5/13/2021 11:33:33 AM,,
50743,20208685,1601630100000,2020,10,2,9,15,0,Friday,545509.64297,4808452.63189,-80.43774599999999,43.427592999999995,At/near private drive,1,Non-fatal injury,Thru lane,unknown,unknown,Approaching,Unknown,Daylight,01 - Daylight,Regional municipality,No control,unknown,1,0,0,False,False,False,Clear,,False,Road 1: 2960 KINGSWAY DR (50 km/h); Road 2: KINGSWAY DR; Distance: 67.0 M N; Vehicle #1     Make: TOYT     Model: SIE     Colour: GLD     Style: VN; Vehicle #2     Make: DODG     Model: JOU     Colour: WHI     Style: TY,5/13/2021 11:51:10 AM,,
50744,20208723,1598113200000,2020,8,22,16,20,0,Saturday,539867.46685,4808466.83705,-80.50744999999999,43.428042999999995,At/near private drive,2,P.D. only,Thru lane,unknown,unknown,Other,Unknown,Daylight,01 - Daylight,Regional municipality,No control,unknown,0,0,0,False,False,False,Clear,,True,Road 1: GREENBROOK DR; Road 2: WESTMOUNT RD; Vehicle #1     Make: HOND     Model: UDY     Colour: RED     Style: TY; Vehicle #2     Make: CHEV     Model: SIL     Colour: WHI     Style: PK,5/13/2021 11:37:37 AM,,
50745,20208754,1601629200000,2020,10,2,9,0,0,Friday,540038.28055,4806717.94277,-80.505468,43.412285999999995,Non intersection,2,Non-reportable,Thru lane,unknown,unknown,SMV unattended vehicle,Unknown,Daylight,01 - Daylight,Municipal (excl. Twp. Rd.),No control,unknown,0,0,0,False,False,False,Clear,,True,Road 1: 103 DINISON CRESCENT (ON THE ROADWAY); Vehicle #1     Make:      Model:      Colour:      Style: ; Vehicle #2     Make: VOLK     Model: JSA     Colour: WHI     Style: 4D,5/13/2021 11:51:15 AM,,
50746,20208842,1605206400000,2020,11,12,18,40,0,Thursday,542582.37094,4810126.16517,-80.47377999999999,43.442834,At intersection,2,P.D. only,Within intersection,unknown,unknown,Turning movement,Unknown,Dark,07 - Dark,Regional municipality,Traffic signal,Functioning,0,0,0,False,False,False,Clear,,True,Road 1: KING; Road 2: BORDEN; Vehicle #1     Make:      Model:      Colour:      Style: ; Vehicle #2     Make: SUBA     Model: FOR     Colour: GRN     Style: TY,5/13/2021 11:51:08 AM,,
50747,20209484,1601707920000,2020,10,3,6,52,0,Saturday,539316.89599,4810615.70328,-80.51409699999999,43.44742,At intersection,2,P.D. only,Within intersection,unknown,unknown,Angle,Unknown,Dawn,03 - Dawn,Municipal (excl. Twp. Rd.),Traffic signal,Functioning,0,0,1,False,False,False,Clear,,False,Road 1: GAGE AVE (50 km/h); Road 2: BELMONT AVE W (50 km/h); Vehicle #1     Make: TOYT     Model: TIM     Colour: RED     Style: 4B; Vehicle #2     Make: HOND     Model: CRV     Colour: BLK     Style: TY,5/13/2021 11:50:35 AM,,
50748,20210618,1601748000000,2020,10,3,18,0,0,Saturday,544526.17258,4811752.84648,-80.44962699999999,43.457367,Non intersection,2,P.D. only,Thru lane,unknown,unknown,SMV other,Unknown,Dusk,05 - Dusk,Regional municipality,No control,unknown,0,0,0,False,False,False,Clear,,True,Road 1: RIVER RD E; Road 2: LORRAINE AVE; Vehicle #1     Make: HOND     Model: UCL     Colour: WHI     Style: 4D,5/13/2021 11:51:42 AM,,
50749,20210679,1601830680000,2020,10,4,16,58,0,Sunday,538918.80679,4807525.29738,-80.51923699999999,43.419615,Non intersection,2,P.D. only,Off highway,unknown,unknown,SMV unattended vehicle,Unknown,Daylight,01 - Daylight,Municipal (excl. Twp. Rd.),No control,unknown,0,0,0,False,False,False,Rain,,False,Road 1: FORESTWOOD DR (50 km/h); Road 2: GLEN AVON CRESCENT; Distance: 10.0 K E; Vehicle #1     Make: TOYT     Model: FRS     Colour: BLK     Style: 2D; Vehicle #2     Make: KIA     Model: OEX     Colour: WHI     Style: 4D,5/13/2021 11:51:58 AM,,
50750,20211478,1601915940000,2020,10,5,16,39,0,Monday,545137.87552,4806391.02001,-80.44251,43.409053,At/near private drive,2,P.D. only,Thru lane,unknown,unknown,Rear end,Unknown,Daylight,01 - Daylight,Municipal (excl. Twp. Rd.),No control,unknown,1,0,0,False,False,False,Clear,,False,Road 1: 685 WABANAKI DR (50 km/h); Road 2: WABANAKI DR; Distance: 7.0 M E; Vehicle #1     Make: TOYT     Model: CYR     Colour: WHI     Style: 4D; Vehicle #2     Make: HYUN     Model: CTS     Colour: GRY     Style: 2D; Vehicle #3     Make: LEXU     Model:,5/13/2021 11:51:18 AM,,
50751,20212209,1601971200000,2020,10,6,8,0,0,Tuesday,546607.37932,4809861.74787,-80.424065,43.440213,At/near private drive,2,P.D. only,Thru lane,unknown,unknown,SMV unattended vehicle,Unknown,Daylight,01 - Daylight,Municipal (excl. Twp. Rd.),No control,unknown,0,0,0,False,False,False,Clear,,True,Road 1: SANDWELL COURT (IFO 18); Vehicle #1     Make: FORD     Model: SRW     Colour: WHI     Style: PK; Vehicle #2     Make: AUDI     Model: 4PP     Colour: BLU     Style: 4D,5/13/2021 11:51:39 AM,,
50752,20212756,1602100140000,2020,10,7,19,49,0,Wednesday,541708.95649,4810677.91609,-80.48453099999999,43.447851,Intersection related,2,P.D. only,Thru lane,unknown,unknown,SMV other,Unknown,Dark,07 - Dark,Regional municipality,Stop sign,unknown,1,0,0,True,False,False,Clear,,False,Road 1: KING ST E (40 km/h); Road 2: EBY ST S (50 km/h); Vehicle #1     Make: HOND     Model: UAX     Colour: BLU     Style: 4D,5/13/2021 11:50:44 AM,,
50753,20212758,1602056700000,2020,10,7,7,45,0,Wednesday,538626.46006,4807726.14396,-80.522834,43.421437999999995,Non intersection,2,P.D. only,Thru lane,unknown,unknown,Sideswipe,Unknown,Daylight,01 - Daylight,Municipal (excl. Twp. Rd.),No control,unknown,0,0,0,False,False,False,Rain,,True,Road 1: MCGARRY DR; Road 2: PINEHURST CRES; Distance: 1.0 M W; Vehicle #1     Make:      Model:      Colour:      Style: ; Vehicle #2     Make: TOYT     Model: UCS     Colour: BLU     Style: 4D,5/13/2021 11:51:30 AM,,
50754,20213571,1602139920000,2020,10,8,6,52,0,Thursday,543741.9895,4808124.88771,-80.45961,43.424746999999996,Non intersection,1,Non-fatal injury,Right shoulder,unknown,unknown,SMV other,Unknown,Dawn,03 - Dawn,Regional municipality,No control,unknown,0,0,0,False,False,False,Clear,,False,Road 1: SHELLEY DR (50 km/h); Road 2: VANIER DR; Distance: 30.0 M N; Vehicle #1     Make: JAGU     Model: XTY     Colour: BRN     Style: 4D,5/13/2021 11:58:26 AM,,
50755,20214974,1602256980000,2020,10,9,15,23,0,Friday,539869.74124,4810633.70456,-80.50726399999999,43.447553,Intersection related,2,P.D. only,Within intersection,unknown,unknown,Rear end,Unknown,Daylight,01 - Daylight,Municipal (excl. Twp. Rd.),Stop sign,unknown,0,0,0,False,False,False,Clear,,False,Road 1: STRANGE ST (50 km/h); Road 2: CHERRY ST (50 km/h); Vehicle #1     Make: HYUN     Model: TUC     Colour: BLK     Style: TY; Vehicle #2     Make: CHEV     Model: ETV     Colour: YEL     Style: BU,5/13/2021 11:50:37 AM,,
50756,20215526,1602296400000,2020,10,10,2,20,0,Saturday,546965.99985,4803234.9603,-80.420203,43.380523,At/near private drive,1,Non-fatal injury,Not on roadway - right side,unknown,unknown,SMV other,Unknown,Dark,07 - Dark,Municipal (excl. Twp. Rd.),No control,unknown,0,0,0,False,False,False,Clear,,False,Road 1: 43 AUTUMN RIDGE TRAIL (50 km/h); Road 2: AUTUMN RIDGE TRAIL; Distance: 2.0 M S; Vehicle #1     Make: MITS     Model: LST     Colour: BLU     Style: 4B,5/13/2021 11:51:12 AM,,
50757,20215620,1602317040000,2020,10,10,8,4,0,Saturday,538718.55776,4810186.15963,-80.52152199999999,43.443584,Non intersection,2,P.D. only,Right shoulder,unknown,unknown,SMV unattended vehicle,Unknown,Daylight,01 - Daylight,Municipal (excl. Twp. Rd.),No control,unknown,0,0,0,False,False,False,Clear,,False,Road 1: 180 BRYBECK CRES (50 km/h); Road 2: BRYBECK CRES; Distance: 5.0 M N; Vehicle #1     Make: TOYT     Model: CBA     Colour: GRY     Style: 4D; Vehicle #2     Make: NISS     Model: VSL     Colour: GRY     Style: 4B,5/13/2021 11:51:13 AM,,
50758,20215706,1602324000000,2020,10,10,10,0,0,Saturday,538607.56235,4808974.90724,-80.52297899999999,43.432683,At/near private drive,2,P.D. only,Thru lane,unknown,unknown,SMV unattended vehicle,Unknown,Daylight,01 - Daylight,Municipal (excl. Twp. Rd.),No control,unknown,0,0,0,False,False,False,Clear,,True,Road 1: 11- 205 HIGHLAND CRESCENT; Vehicle #1     Make: HYUN     Model: TUC     Colour: BLU     Style: TY; Vehicle #2     Make: HOND     Model: UCL     Colour: RED     Style: 4D,4/22/2022 2:26:46 PM,,
50759,20216313,1602370320000,2020,10,10,22,52,0,Saturday,542977.24092,4811302.02498,-80.468808,43.453399,Non intersection,2,P.D. only,Left shoulder,unknown,unknown,SMV other,Unknown,Dark,07 - Dark,Municipal (excl. Twp. Rd.),No control,unknown,0,0,0,False,False,False,Clear,,False,Road 1: 340 DUMFRIES AVE (50 km/h); Road 2: DUMFRIES AVE; Distance: 3.0 K S; Vehicle #1     Make:      Model: -     Colour:      Style:,4/22/2022 2:24:58 PM,,
50760,20218820,1602666000000,2020,10,14,9,0,0,Wednesday,540830.26932,4809572.65953,-80.49547299999999,43.437948,Non intersection,2,P.D. only,Thru lane,unknown,unknown,SMV unattended vehicle,Unknown,Daylight,01 - Daylight,Municipal (excl. Twp. Rd.),No control,unknown,0,0,0,False,False,False,Clear,,True,Road 1: GLEN RD; Road 2: ST CLAIR AVE; Vehicle #1     Make:      Model:      Colour:      Style: ; Vehicle #2     Make: DODG     Model: CAR     Colour: BLK     Style: VN,5/13/2021 11:51:43 AM,,
50761,20219195,1602680400000,2020,10,14,13,0,0,Wednesday,545343.65394,4802519.53522,-80.44028899999999,43.374181,At/near private drive,2,P.D. only,Thru lane,unknown,unknown,SMV unattended vehicle,Unknown,Daylight,01 - Daylight,Regional municipality,No control,unknown,0,0,0,False,False,False,Clear,,True,Road 1: 16 MEADOWRIDGE ST; Vehicle #1     Make:      Model:      Colour:      Style: ; Vehicle #2     Make: VOLK     Model: GLF     Colour:      Style: 4DO,5/13/2021 11:52:13 AM,,
50762,20219357,1602705120000,2020,10,14,19,52,0,Wednesday,544855.61152,4812437.5112,-80.445499,43.463512,Non intersection,2,P.D. only,Off highway,unknown,unknown,SMV other,Unknown,Dark,07 - Dark,Municipal (excl. Twp. Rd.),No control,unknown,0,0,0,False,False,False,Clear,,False,Road 1: 45 HALIFAX DR (50 km/h); Road 2: HALIFAX DR; Distance: 2.0 M N; Vehicle #1     Make: HYUN     Model: SGL     Colour: SIL     Style: 4D,5/13/2021 11:56:11 AM,,
50763,20219931,1602772200000,2020,10,15,14,30,0,Thursday,545148.50178,4807184.3303,-80.442313,43.416194999999995,Non intersection,2,P.D. only,Thru lane,unknown,unknown,Approaching,Unknown,Daylight,01 - Daylight,Regional municipality,No control,unknown,0,0,0,False,False,False,Rain,,True,Road 1: WILSON AVE; Road 2: WEBSTER RD; Vehicle #1     Make: HYUN     Model: EGM     Colour: BLU     Style: 4D; Vehicle #2     Make: MASE     Model: GQ4     Colour: WHI     Style: 4D,5/13/2021 11:58:06 AM,,
50764,20221362,1602923700000,2020,10,17,8,35,0,Saturday,541741.09981,4811636.76746,-80.48406,43.456483,Non intersection,2,P.D. only,Thru lane,unknown,unknown,SMV unattended vehicle,Unknown,Daylight,01 - Daylight,Municipal (excl. Twp. Rd.),No control,unknown,1,0,0,False,False,False,Clear,,False,Road 1: ST LEGER ST (50 km/h); Road 2: QUEEN ST N; Distance: 20.0 K W; Charged Driver #1 on page 1: NA NA (NA) (NA); Vehicle #1     Make: TOYT     Model: UCS     Colour: GRY     Style: 4D; Vehicle #2     Make: MERZ     Model: B25     Colour: BLK     Style,4/27/2022 10:39:25 AM,,
50765,20221674,1602951240000,2020,10,17,16,14,0,Saturday,544548.71848,4813339.80255,-80.449219,43.471655,Non intersection,1,Non-fatal injury,Thru lane,unknown,unknown,Turning movement,Unknown,Daylight,01 - Daylight,Municipal (excl. Twp. Rd.),No control,unknown,2,0,0,False,False,False,Clear,,False,Road 1: 460 BINGEMANS CENTRE DR (50 km/h); Road 2: BINGEMANS CENTRE DR; Distance: 0.0 K E; Vehicle #1     Make: HOND     Model: PIL     Colour: WHI     Style: TY; Vehicle #2     Make: SUZI     Model: GVT     Colour: RED     Style: TY,5/13/2021 11:51:34 AM,,
50766,20222622,1603059360000,2020,10,18,22,16,0,Sunday,539370.87587,4810185.58964,-80.51346099999999,43.443545,Non intersection,2,P.D. only,Right shoulder,unknown,unknown,SMV unattended vehicle,Unknown,Dark,07 - Dark,Regional municipality,No control,unknown,0,0,0,False,False,False,Rain,,False,Road 1: TALBOT ST (50 km/h); Road 2: BELMONT AVE W; Distance: 100.0 K W; Vehicle #1     Make:      Model:      Colour:      Style: ; Vehicle #2     Make: HOND     Model: CXG     Colour: BLK     Style: 4D,5/13/2021 11:51:57 AM,,
50767,20223878,1603210980000,2020,10,20,16,23,0,Tuesday,541915.69608,4813835.69148,-80.48173299999999,43.476272,Non intersection,2,P.D. only,Thru lane,unknown,unknown,Rear end,Unknown,Daylight,01 - Daylight,Municipal (excl. Twp. Rd.),No control,unknown,2,0,0,False,False,False,Clear,,False,Road 1: SHIRLEY AVE (50 km/h); Road 2: RIVERBEND DR; Distance: 50.0 K E; Vehicle #1     Make: KIA     Model: FLX     Colour: WHI     Style: 4D; Vehicle #2     Make: NISS     Model: ROG     Colour: BLU     Style: TY; Vehicle #3     Make: GMC     Model: TER,5/13/2021 11:28:23 AM,,
50768,20223928,1603213200000,2020,10,20,17,0,0,Tuesday,543529.85713,4805014.01449,-80.462479,43.396749,Non intersection,2,P.D. only,Thru lane,unknown,unknown,Sideswipe,Unknown,Daylight,01 - Daylight,Regional municipality,No control,unknown,0,0,0,False,False,False,Clear,,True,Road 1: BATTLER RD; Road 2: HURON RD; Vehicle #1     Make: HOND     Model: UEX     Colour: GRY     Style: 4D; Vehicle #2     Make: CHEV     Model: SIL     Colour: GRY     Style: PK,5/13/2021 11:37:11 AM,,
50769,20225036,1603346280000,2020,10,22,5,58,0,Thursday,545582.89458,4807129.66205,-80.43695199999999,43.415676999999995,At intersection,1,Non-fatal injury,Within intersection,unknown,unknown,SMV other,Unknown,Dark,07 - Dark,Regional municipality,Stop sign,unknown,0,0,0,True,False,False,Rain,,False,Road 1: GOODRICH DR (50 km/h); Road 2: CHANDARIA PL (50 km/h); Vehicle #1     Make: RAM     Model: RTR     Colour: WHI     Style: CW,5/13/2021 11:36:37 AM,,
50770,20225118,1603356900000,2020,10,22,8,55,0,Thursday,538629.30858,4811280.72919,-80.522547,43.453444,Intersection related,2,P.D. only,Thru lane,unknown,unknown,Rear end,Unknown,Daylight,01 - Daylight,Regional municipality,Stop sign,Functioning,1,0,0,False,False,False,Rain,,False,Road 1: UNION BLVD (40 km/h); Road 2: DUNBAR RD (40 km/h); Vehicle #1     Make: CHEV     Model: EXP     Colour: YEL     Style: BU; Vehicle #2     Make: TOYT     Model: CEP     Colour: BLK     Style: 4D,5/13/2021 11:36:04 AM,,
50771,20226459,1603481580000,2020,10,23,19,33,0,Friday,545364.58301,4811022.70563,-80.439325,43.450742999999996,At intersection,2,P.D. only,Within intersection,unknown,unknown,Angle,Unknown,"Dark, artificial","08 - Dark, artificial",Municipal (excl. Twp. Rd.),unknown,Functioning,0,0,0,False,False,False,Rain,,False,Road 1: OLD CHICOPEE DR (50 km/h); Road 2: HOLBORN DR (50 km/h); Vehicle #1     Make: NISS     Model: XTR     Colour: BGE     Style: 4W; Vehicle #2     Make: TOYT     Model: RV4     Colour: RED     Style: TY,5/13/2021 11:27:51 AM,,
50772,20227034,1603544400000,2020,10,24,13,0,0,Saturday,539426.67982,4810321.99132,-80.512762,43.44477,At intersection,2,P.D. only,Within intersection,unknown,unknown,Approaching,Unknown,Daylight,01 - Daylight,Municipal (excl. Twp. Rd.),Stop sign,unknown,0,0,0,False,False,False,Clear,,True,Road 1: BELMONT AVE W; Road 2: ADELAIDE ST; Vehicle #1     Make: DODG     Model: CAR     Colour: BLK     Style: VN; Vehicle #2     Make: SUBA     Model: FOR     Colour: BLK     Style: TY,5/13/2021 11:25:57 AM,,
50773,20227597,1603598400000,2020,10,25,4,0,0,Sunday,537281.48341,4807521.98053,-80.539463,43.419668,Non intersection,2,P.D. only,Right shoulder,unknown,unknown,SMV unattended vehicle,Unknown,Dark,07 - Dark,Municipal (excl. Twp. Rd.),No control,unknown,0,0,0,False,False,False,Clear,,False,Road 1: WESTHEIGHTS DR (40 km/h); Road 2: LORILEE CRESCENT; Distance: 500.0 K W; Vehicle #1     Make:      Model:      Colour:      Style: ; Vehicle #2     Make: NISS     Model: QST     Colour: SIL     Style: VN,5/13/2021 11:28:22 AM,,