OBJECTID,ACCIDENTNUM,ACCIDENTDATE,ACCIDENT_YEAR,ACCIDENT_MONTH,ACCIDENT_DAY,ACCIDENT_HOUR,ACCIDENT_MINUTE,ACCIDENT_SECOND,ACCIDENT_WEEKDAY,XCOORD,YCOORD,LONGITUDE,LATITUDE,ACCIDENTLOCATION,COLLISIONTYPE,CLASSIFICATIONOFACCIDENT,IMPACTLOCATION,INITIALDIRECTIONOFTRAVELONE,INITIALDIRECTIONOFTRAVELTWO,INITIALIMPACTTYPE,INTTRAFFICCONTROL,LIGHT,LIGHTFORREPORT,ROADJURISDICTION,TRAFFICCONTROL,TRAFFICCONTROLCONDITION,THRULANENO,NORTHBOUNDDISOBEYCOUNT,SOUTHBOUNDDISOBEYCOUNT,PEDESTRIANINVOLVED,CYCLISTINVOLVED,MOTORCYCLISTINVOLVED,ENVIRONMENTCONDITION1,ENVIRONMENTCONDITION2,SELFREPORTED,XMLIMPORTNOTES,LASTEDITEDDATE,CREATE_BY,CREATE_DATE
50774,20228710,1603723800000,2020,10,26,14,50,0,Monday,541797.36561,4810623.23265,-80.483442,43.447354,At intersection,1,Non-fatal injury,Within intersection,unknown,unknown,Angle,Unknown,Daylight,01 - Daylight,Municipal (excl. Twp. Rd.),Traffic signal,Functioning,0,0,0,False,False,False,Clear,,False,Road 1: CEDAR ST N (50 km/h); Road 2: KING ST E (40 km/h); Vehicle #1     Make: KIA     Model: SOR     Colour: GRY     Style: TY; Vehicle #2     Make: DODG     Model: JOU     Colour: GRY     Style: TY,5/13/2021 11:25:50 AM,,
50775,20228735,1603729740000,2020,10,26,16,29,0,Monday,540894.83308,4811104.82316,-80.49455999999999,43.45174,At intersection,2,P.D. only,Within intersection,unknown,unknown,Rear end,Unknown,Daylight,01 - Daylight,Regional municipality,Traffic signal,Functioning,0,0,0,False,False,False,Clear,,False,Road 1: KING ST W (50 km/h); Road 2: WATER ST N (50 km/h); Vehicle #1     Make: CHEV     Model: TRX     Colour: WHI     Style: TY; Vehicle #2     Make: FORD     Model: COF     Colour: BLU     Style: PK,5/13/2021 11:38:09 AM,,
50776,20228790,1603733760000,2020,10,26,17,36,0,Monday,542501.39019,4806640.55311,-80.47505199999999,43.411454,Non intersection,1,Non-fatal injury,Thru lane,unknown,unknown,Rear end,Unknown,Daylight,01 - Daylight,Municipal (excl. Twp. Rd.),No control,unknown,1,0,0,False,False,False,Clear,,False,Road 1: OLD COUNTRY DR (50 km/h); Road 2: STRASBURG RD (50 km/h); Distance: 100.0 M E; Vehicle #1     Make: FORD     Model: FE     Colour: BLK     Style: 4D; Vehicle #2     Make: RAM     Model: RTR     Colour: BRN     Style: PK,5/13/2021 11:26:50 AM,,
50777,20229679,1603815300000,2020,10,27,16,15,0,Tuesday,542405.8171,4806620.2746,-80.47623399999999,43.411277,At intersection,2,P.D. only,Thru lane,unknown,unknown,Rear end,Unknown,Daylight,01 - Daylight,Regional municipality,unknown,unknown,0,0,0,False,False,False,Rain,,True,Road 1: STRASBURG RD; Road 2: OLD COUNTRY DR; Vehicle #1     Make: HOND     Model: UCL     Colour: WHI     Style: 4D; Vehicle #2     Make: HOND     Model: UAX     Colour: BLU     Style: 4D,5/13/2021 11:35:58 AM,,
50778,20230241,1603885500000,2020,10,28,11,45,0,Wednesday,542844.20486,4809872.09573,-80.470564,43.440531,At intersection,2,P.D. only,Within intersection,unknown,unknown,Angle,Unknown,Daylight,01 - Daylight,Regional municipality,Stop sign,Functioning,0,0,0,False,False,False,Clear,,True,Road 1: SYDNEY ST S; Road 2: CHARLES ST E; Vehicle #1     Make: MAZD     Model: CX5     Colour: GRY     Style: TY; Vehicle #2     Make: KIA     Model: FEX     Colour: BRZ     Style: 4D,5/13/2021 11:36:23 AM,,
50779,20230865,1603947900000,2020,10,29,5,5,0,Thursday,538348.48354,4805470.63844,-80.526426,43.401143999999995,At/near private drive,2,P.D. only,Thru lane,unknown,unknown,SMV unattended vehicle,Unknown,Dark,07 - Dark,Municipal (excl. Twp. Rd.),No control,unknown,0,0,0,False,False,False,Clear,,True,Road 1: GRAVEL RIDGE TRAIL (IFO 259); Vehicle #1     Make: ACUR     Model: CPN     Colour: GRY     Style: 4D; Vehicle #2     Make: HOND     Model: CVL     Colour: BLK     Style: 2D,5/13/2021 11:27:15 AM,,
50780,20230912,1601064000000,2020,9,25,20,0,0,Friday,541388.70889,4808687.94707,-80.48863899999999,43.429950999999996,Non intersection,2,Non-reportable,Thru lane,unknown,unknown,Rear end,Unknown,Dusk,05 - Dusk,Regional municipality,No control,unknown,0,0,0,False,False,False,Clear,,True,Road 1: HOFFMAN ST; Road 2: HOMER WATSON BLVD; Vehicle #1     Make: FORD     Model: RNG     Colour: BLU     Style: PK; Vehicle #2     Make: KIA     Model: FSX     Colour: SIL     Style: 4D,5/13/2021 11:36:51 AM,,
50781,20230917,1600633800000,2020,9,20,20,30,0,Sunday,542699.5624,4816100.32469,-80.471864,43.496618,At/near private drive,2,P.D. only,Thru lane,unknown,unknown,SMV unattended vehicle,Unknown,Dark,07 - Dark,Municipal (excl. Twp. Rd.),No control,unknown,0,0,0,False,False,False,Clear,,True,Road 1: KESTREL ST (IFO 102); Road 2: EAGLECREST ST; Distance: 20.0 M S; Vehicle #1     Make: BMW     Model: 328I     Colour:      Style: 4D; Vehicle #2     Make: KIA     Model: SOR     Colour: BLK     Style: TY,5/13/2021 11:27:05 AM,,
50782,20231514,1602349200000,2020,10,10,17,0,0,Saturday,543431.65962,4812327.15426,-80.46311,43.462603,Non intersection,2,P.D. only,Thru lane,unknown,unknown,SMV unattended vehicle,Unknown,Daylight,01 - Daylight,Regional municipality,No control,unknown,0,0,0,False,False,False,Clear,,True,Road 1: EPHRAIM ST; Road 2: RIVER RD E; Vehicle #1     Make: MAZD     Model: CX9     Colour: WHI     Style: TY; Vehicle #2     Make: FORD     Model: FPA     Colour: BLK     Style: 4D,5/13/2021 11:58:37 AM,,
50783,20231538,1602086400000,2020,10,7,16,0,0,Wednesday,536795.40551,4808907.82622,-80.545374,43.43217,Non intersection,2,P.D. only,Thru lane,unknown,unknown,SMV unattended vehicle,Unknown,Daylight,01 - Daylight,Municipal (excl. Twp. Rd.),No control,unknown,0,0,0,False,False,False,Rain,,True,Road 1: WESTFOREST TRAIL; Road 2: WOOD HURST CT; Distance: 1.0 M N; Vehicle #1     Make:      Model:      Colour:      Style: ; Vehicle #2     Make: TOYT     Model: TIM     Colour: RED     Style: 4B,5/13/2021 11:58:09 AM,,
50784,20231875,1604048580000,2020,10,30,9,3,0,Friday,545391.23729,4809332.34961,-80.43913599999999,43.435521,Other,2,P.D. only,Thru lane,unknown,unknown,SMV unattended vehicle,Unknown,Daylight,01 - Daylight,Municipal (excl. Twp. Rd.),No control,unknown,1,0,0,False,False,False,Clear,,False,Road 1: FERGUS AVE (50 km/h); Road 2: CLOVER PL; Distance: 1.0 M S; Vehicle #1     Make: HOND     Model: CRV     Colour: GRY     Style: TY; Vehicle #2     Make: HYUN     Model: ESM     Colour: WHI     Style: 4D; Vehicle #3     Make: KIA     Model: OLX    ,5/13/2021 11:28:42 AM,,
50785,20232215,1604074260000,2020,10,30,16,11,0,Friday,543988.6103000001,4807776.91207,-80.456592,43.421600000000005,At intersection,1,Non-fatal injury,Within intersection,unknown,unknown,Angle,Unknown,Daylight,01 - Daylight,Regional municipality,unknown,Functioning,0,0,0,False,False,False,Clear,,False,Road 1: VANIER DR (50 km/h); Road 2: SIEBERT AVE (50 km/h); Vehicle #1     Make: NISS     Model: PFI     Colour: WHI     Style: TY; Vehicle #2     Make: TOYT     Model: MTL     Colour: RED     Style: 4D,5/13/2021 11:36:35 AM,,
50786,20232380,1601893320000,2020,10,5,10,22,0,Monday,540547.7204,4810791.85291,-80.498873,43.448941,Non intersection,2,Non-reportable,Thru lane,unknown,unknown,SMV unattended vehicle,Unknown,Daylight,01 - Daylight,Municipal (excl. Twp. Rd.),No control,unknown,0,0,0,False,True,False,Clear,,True,Road 1: LINDEN AVE; Road 2: OAT ST; Distance: 20.0 M S; Vehicle #1     Make:      Model:      Colour:      Style: ; Vehicle #2     Make: SUBA     Model: 30R     Colour: SIL     Style: SW,5/13/2021 11:52:06 AM,,
50787,20232833,1602062400000,2020,10,7,9,20,0,Wednesday,544232.59089,4803538.45255,-80.453921,43.383421999999996,Non intersection,2,P.D. only,Thru lane,unknown,unknown,Angle,Unknown,Daylight,01 - Daylight,Municipal (excl. Twp. Rd.),No control,unknown,0,0,0,False,False,False,Clear,,True,Road 1: 442 CARYNDALE DR (ON THE ROADWAY); Vehicle #1     Make: ACUR     Model: RDX     Colour: BLK     Style: TY; Vehicle #2     Make: HOND     Model: UDY     Colour: RED     Style: VN,5/13/2021 11:52:11 AM,,
50788,20232947,1601304300000,2020,9,28,14,45,0,Monday,544397.3356,4813271.37218,-80.45109599999999,43.471047999999996,Non intersection,2,P.D. only,Thru lane,unknown,unknown,Angle,Unknown,Daylight,01 - Daylight,Regional municipality,No control,unknown,0,0,0,False,False,False,Clear,,True,Road 1: 400 BINGEMANS CENTRE DR VICTORIA NORTH; Vehicle #1     Make: TOYT     Model: UCS     Colour: BLU     Style: 4D; Vehicle #2     Make: FORD     Model: COF     Colour: RED     Style: PK,5/13/2021 11:37:26 AM,,
50789,20233059,1601557800000,2020,10,1,13,10,0,Thursday,543008.25449,4810493.26857,-80.468488,43.446115,Non intersection,2,Non-reportable,Thru lane,unknown,unknown,Turning movement,Unknown,Daylight,01 - Daylight,Regional municipality,No control,unknown,0,0,0,False,False,False,Clear,,True,Road 1: 400 EAST AVE; Vehicle #1     Make: HYUN     Model: SAN     Colour: WHI     Style: TY; Vehicle #2     Make: TOYT     Model: CBS     Colour: RED     Style: 4D,5/13/2021 11:52:03 AM,,
50790,20233150,1602001260000,2020,10,6,16,21,0,Tuesday,544989.80079,4808198.32983,-80.44418999999999,43.425335,Non intersection,2,P.D. only,Thru lane,unknown,unknown,Rear end,Unknown,Daylight,01 - Daylight,Regional municipality,No control,unknown,0,0,0,False,False,False,Clear,,True,Road 1: 560 GREENFIELD AVE; Vehicle #1     Make: HOND     Model: UCL     Colour: WHI     Style: 4D; Vehicle #2     Make: FORD     Model: FSE     Colour: BLK     Style: 4D,5/13/2021 11:52:15 AM,,
50791,20233151,1601988600000,2020,10,6,12,50,0,Tuesday,546932.59772,4811266.99027,-80.41992499999999,43.452846,Non intersection,2,P.D. only,Thru lane,unknown,unknown,Rear end,Unknown,Daylight,01 - Daylight,Regional municipality,No control,unknown,0,0,0,False,False,False,Clear,,True,Road 1: 122 ZELLER DR; Vehicle #1     Make: CHEV     Model: CZT     Colour: RED     Style: 4D; Vehicle #2     Make: FORD     Model: CTN     Colour: WHI     Style: FV,5/13/2021 11:53:39 AM,,
50792,20234384,1604304000000,2020,11,2,8,0,0,Monday,543880.06293,4805121.97015,-80.458146,43.397701,Non intersection,2,P.D. only,Thru lane,unknown,unknown,Turning movement,Unknown,Daylight,01 - Daylight,Municipal (excl. Twp. Rd.),No control,unknown,0,0,0,False,False,False,Clear,,True,Road 1: HURON RD; Road 2: TRILLIUM DR; Vehicle #1     Make: HOND     Model: UDY     Colour: SIL     Style: TY; Vehicle #2     Make: FORD     Model: FSE     Colour: RED     Style: 4B,4/27/2022 10:39:29 AM,,
50793,20234455,1604308500000,2020,11,2,9,15,0,Monday,538099.73139,4811073.06226,-80.529107,43.451601,Intersection related,2,Non-reportable,Thru lane,unknown,unknown,Angle,Unknown,Daylight,01 - Daylight,unknown,Stop sign,Functioning,0,0,0,False,False,False,Clear,,True,Road 1: ABERDEEN RD; Road 2: WESTGATE WALK; Vehicle #1     Make: FORD     Model: EDG     Colour: BLK     Style: TY; Vehicle #2     Make:      Model:      Colour:      Style:,5/13/2021 11:51:01 AM,,
50794,20234487,1604296800000,2020,11,2,6,0,0,Monday,543250.8868,4811487.42174,-80.465411,43.455051999999995,At/near private drive,2,Non-reportable,Thru lane,unknown,unknown,SMV unattended vehicle,Unknown,Dark,07 - Dark,Regional municipality,No control,unknown,0,0,0,False,False,False,Clear,,True,Road 1: 410 KRUG ST; Vehicle #1     Make:      Model:      Colour:      Style: ; Vehicle #2     Make: NISS     Model: MSV     Colour: SIL     Style: 4D,5/13/2021 11:51:38 AM,,
50795,20234513,1604315280000,2020,11,2,11,8,0,Monday,545034.04798,4807869.14261,-80.44367,43.422368,At intersection,2,P.D. only,Right shoulder,unknown,unknown,SMV other,Unknown,Daylight,01 - Daylight,Municipal (excl. Twp. Rd.),Traffic signal,Functioning,0,0,0,False,False,False,Clear,,False,Road 1: WILSON AVE (50 km/h); Road 2: KINGSWAY DR (50 km/h); Vehicle #1     Make: KIA     Model: SPO     Colour: BLK     Style: TY,5/13/2021 11:50:56 AM,,
50796,20235567,1604427600000,2020,11,3,18,20,0,Tuesday,542406.36042,4806619.02742,-80.476227,43.411265,Intersection related,2,P.D. only,Thru lane,unknown,unknown,Rear end,Unknown,Dark,07 - Dark,Municipal (excl. Twp. Rd.),unknown,Functioning,0,0,0,False,False,False,Clear,,True,Road 1: STRASBURG RD; Road 2: OLD COUNTRY DR; Vehicle #1     Make: CHRY     Model: S30     Colour: WHI     Style: 4D; Vehicle #2     Make: GMC     Model: SIE     Colour: BLK     Style: PK,5/13/2021 11:57:37 AM,,
50797,20236129,1601026200000,2020,9,25,9,30,0,Friday,536511.84772,4808517.24105,-80.548903,43.428667,At/near private drive,2,Non-reportable,Thru lane,unknown,unknown,SMV unattended vehicle,Unknown,Daylight,01 - Daylight,Municipal (excl. Twp. Rd.),No control,unknown,0,0,0,False,False,False,Clear,,True,Road 1: WESTMEADOW DR (IFO 81); Road 2: BRAMBLEWOOD ST; Vehicle #1     Make:      Model:      Colour:      Style: ; Vehicle #2     Make: TOYT     Model: RV4     Colour: GRY     Style: TY,5/13/2021 11:29:10 AM,,
50798,20236191,1600794000000,2020,9,22,17,0,0,Tuesday,544797.96848,4809474.11401,-80.446455,43.436833,At/near private drive,2,P.D. only,Thru lane,unknown,unknown,Rear end,Unknown,Daylight,01 - Daylight,Municipal (excl. Twp. Rd.),No control,unknown,0,0,0,False,False,False,Clear,,True,Road 1: FRANKLIN ST N (IFO 122); Vehicle #1     Make: RAM     Model: RTR     Colour: YEL     Style: CW; Vehicle #2     Make: DODG     Model: NR4     Colour: SIL     Style: 4D; Vehicle #3     Make: GMC     Model: TER     Colour: BLK     Style: TY,5/13/2021 11:26:09 AM,,
50799,20236360,1604508300000,2020,11,4,16,45,0,Wednesday,543073.04652,4812800.76623,-80.467505,43.466888,Intersection related,1,Non-fatal injury,Thru lane,unknown,unknown,Rear end,Unknown,Dusk,05 - Dusk,Municipal (excl. Twp. Rd.),unknown,Functioning,1,0,0,False,False,False,Clear,,False,Road 1: SHIRLEY AVE (50 km/h); Road 2: RIVERBEND DR (50 km/h); Vehicle #1     Make: VOLK     Model: JBS     Colour: WHI     Style: 4D; Vehicle #2     Make:      Model:      Colour:      Style:,5/13/2021 11:50:51 AM,,
50800,20237088,1602748800000,2020,10,15,8,0,0,Thursday,541252.60718,4809246.68104,-80.490279,43.434988999999995,Non intersection,2,P.D. only,Thru lane,unknown,unknown,Rear end,Unknown,Daylight,01 - Daylight,Regional municipality,No control,unknown,0,0,0,False,False,False,Clear,,True,Road 1: HIGHLAND RD E; Road 2: MAUSSER AVE SOUTHDALE KITCHENER; Vehicle #1     Make: PONT     Model: MON     Colour: WHI     Style: VN; Vehicle #2     Make: HOND     Model: HRV     Colour: GRY     Style: TY,5/13/2021 11:58:10 AM,,
50801,20237283,1604598240000,2020,11,5,17,44,0,Thursday,539269.09839,4805651.84182,-80.515045,43.402727999999996,At intersection,1,Non-fatal injury,Within intersection,unknown,unknown,SMV other,Unknown,Dark,07 - Dark,Municipal (excl. Twp. Rd.),Stop sign,Functioning,0,0,0,True,False,False,Clear,,False,Road 1: HENHOEFFER CRES (40 km/h); Road 2: ACTIVA AVE (50 km/h); Vehicle #1     Make: TOYT     Model: SIE     Colour: GRN     Style: VN,5/13/2021 11:50:49 AM,,
50802,20237687,1603377000000,2020,10,22,14,30,0,Thursday,544140.33336,4808844.28356,-80.45463099999999,43.431202,Intersection related,2,P.D. only,Within intersection,unknown,unknown,Turning movement,Unknown,Daylight,01 - Daylight,Municipal (excl. Twp. Rd.),Stop sign,unknown,0,0,0,False,False,False,Clear,,True,Road 1: 4TH AVE; Road 2: CONNAUGHT ST; Vehicle #1     Make: RAM     Model: RTR     Colour: WHI     Style: PK; Vehicle #2     Make: KIA     Model: OHY     Colour: BLK     Style: 4D,5/13/2021 11:25:54 AM,,
50803,20237770,1604659440000,2020,11,6,10,44,0,Friday,543078.40144,4812171.18222,-80.467489,43.461219,Non intersection,2,P.D. only,Thru lane,unknown,unknown,Rear end,Unknown,Daylight,01 - Daylight,Municipal (excl. Twp. Rd.),No control,unknown,1,0,0,False,False,False,Clear,,False,Road 1: EPHRAIM ST (50 km/h); Road 2: ETHEL ST; Distance: 40.0 M S; Vehicle #1     Make: VOLK     Model: CTG     Colour: SIL     Style: 4B; Vehicle #2     Make: CANA     Model: DT     Colour: BLK     Style: DT,5/13/2021 11:58:34 AM,,
50804,20237942,1603549800000,2020,10,24,14,30,0,Saturday,542844.20232,4809872.49572,-80.470564,43.440535,Intersection related,2,P.D. only,Within intersection,unknown,unknown,Angle,Unknown,Daylight,01 - Daylight,Regional municipality,Stop sign,Functioning,0,1,0,False,False,False,Clear,,True,Road 1: CHARLES ST E; Road 2: SYDNEY ST S; Vehicle #1     Make: HYUN     Model: K6G     Colour: GRY     Style: TY; Vehicle #2     Make: HOND     Model: UAX     Colour: BLU     Style: 4D,5/13/2021 11:36:19 AM,,
50805,20237943,1604670600000,2020,11,6,13,50,0,Friday,542398.22526,4811081.05396,-80.47598099999999,43.451442,At intersection,2,P.D. only,Within intersection,unknown,unknown,Angle,Unknown,Daylight,01 - Daylight,Municipal (excl. Twp. Rd.),Stop sign,Functioning,0,0,0,False,False,False,Clear,,True,Road 1: KRUG ST; Road 2: SIMEON ST; Vehicle #1     Make: FORD     Model: 5SE     Colour: GRY     Style: 4D; Vehicle #2     Make: GMC     Model: TER     Colour: BLK     Style: TY,5/13/2021 11:52:37 AM,,
50806,20238048,1604675700000,2020,11,6,15,15,0,Friday,541920.46157,4803576.66534,-80.482462,43.383899,At intersection,2,Non-reportable,Thru lane,unknown,unknown,Sideswipe,Unknown,Daylight,01 - Daylight,Regional municipality,Stop sign,unknown,0,0,0,False,False,False,Clear,,True,Road 1: 20 ROCHEFORT ST; Road 2: CANNES ST; Vehicle #1     Make: MAZD     Model: MA5     Colour: SIL     Style: 4B; Vehicle #2     Make: DODG     Model: AVN     Colour: BLK     Style: 4D,5/13/2021 11:50:53 AM,,
50807,20238594,1603533600000,2020,10,24,10,0,0,Saturday,545973.3885,4808972.79895,-80.431973,43.432248,At/near private drive,2,P.D. only,Thru lane,unknown,unknown,SMV unattended vehicle,Unknown,Daylight,01 - Daylight,Regional municipality,No control,unknown,0,0,0,False,False,False,Clear,,True,Road 1: 164 JANSEN AVE; Vehicle #1     Make:      Model:      Colour:      Style: ; Vehicle #2     Make: MERZ     Model: C4A     Colour: BLK     Style: 4D,5/13/2021 11:37:15 AM,,
50808,20239619,1604835600000,2020,11,8,11,40,0,Sunday,542842.10099,4809875.04483,-80.47059,43.440557999999996,At intersection,2,P.D. only,Within intersection,unknown,unknown,Angle,Unknown,Daylight,01 - Daylight,Regional municipality,unknown,Functioning,0,0,0,False,False,True,Clear,,False,Road 1: CHARLES ST E (50 km/h); Road 2: SYDNEY ST S (50 km/h); Distance: 1.0 M E; Charged Driver #1 on page 1: CAI 2 (1) (NA); Vehicle #1     Make: MERZ     Model: M50     Colour: GRY     Style: TY; Vehicle #2     Make: HOND     Model: SC5     Colour: BLK,4/27/2022 10:41:12 AM,,
50809,20239627,1603882800000,2020,10,28,11,0,0,Wednesday,539870.25834,4808470.05417,-80.507415,43.428070999999996,At/near private drive,2,P.D. only,Off highway,unknown,unknown,Other,Unknown,Daylight,01 - Daylight,Municipal (excl. Twp. Rd.),No control,unknown,0,0,0,False,False,False,Clear,,True,Road 1: GREENBROOK DR; Road 2: WESTMOUNT RD E; Vehicle #1     Make: TOYT     Model: TER     Colour: BLU     Style: 4D; Vehicle #2     Make: FORD     Model: SPE     Colour: GRY     Style: TY,5/13/2021 11:27:22 AM,,
50810,20239630,1603999800000,2020,10,29,19,30,0,Thursday,545918.14476,4804792.12871,-80.43300699999999,43.394608999999996,At/near private drive,2,P.D. only,Thru lane,unknown,unknown,Angle,Unknown,Dark,07 - Dark,Municipal (excl. Twp. Rd.),No control,unknown,0,0,0,False,False,False,Rain,,True,Road 1: 123 PIONEER DR; Vehicle #1     Make: TOYT     Model: TAC     Colour: RED     Style: PK; Vehicle #2     Make: MAZD     Model: CX5     Colour: BLK     Style: TY,5/13/2021 11:27:29 AM,,
50811,20239655,1602187200000,2020,10,8,20,0,0,Thursday,545979.50014,4802966.25755,-80.432403,43.378164999999996,Non intersection,2,Non-reportable,Thru lane,unknown,unknown,SMV unattended vehicle,Unknown,Dark,07 - Dark,Municipal (excl. Twp. Rd.),No control,unknown,0,0,0,False,False,False,Clear,,True,Road 1: ROBERT FERRIE DR; Road 2: DOON S DR; Vehicle #1     Make:      Model:      Colour:      Style: ; Vehicle #2     Make: HOND     Model: HRV     Colour: BLK     Style: TY,5/13/2021 11:51:52 AM,,
50812,20239663,1603899000000,2020,10,28,15,30,0,Wednesday,544903.68333,4804856.75998,-80.445528,43.395252,At/near private drive,2,P.D. only,Thru lane,unknown,unknown,Rear end,Unknown,Daylight,01 - Daylight,Municipal (excl. Twp. Rd.),No control,unknown,0,0,0,False,False,False,Clear,,True,Road 1: PIONEER DR (IFO 450); Road 2: DOON VILLAGE RD; Vehicle #1     Make: FORD     Model: FE     Colour: GRY     Style: 4D; Vehicle #2     Make: FORD     Model: FCL     Colour: RED     Style: 4B,5/13/2021 11:27:20 AM,,
50813,20239679,1601996400000,2020,10,6,15,0,0,Tuesday,546123.496,4809662.69937,-80.430061,43.438451,At/near private drive,2,Non-reportable,Thru lane,unknown,unknown,Sideswipe,Unknown,Daylight,01 - Daylight,Regional municipality,No control,unknown,0,0,0,False,False,False,Clear,,True,Road 1: 211 VERONICA DR; Vehicle #1     Make: FORD     Model: TST     Colour: WHI     Style: FV; Vehicle #2     Make: FRHT     Model: FM2     Colour: WHI     Style: CT,5/13/2021 11:51:54 AM,,
50814,20240407,1604929800000,2020,11,9,13,50,0,Monday,541548.845,4811887.91177,-80.486417,43.458755,Intersection related,2,P.D. only,Within intersection,unknown,unknown,Angle,Unknown,Daylight,01 - Daylight,Municipal (excl. Twp. Rd.),Stop sign,Functioning,0,0,0,False,False,False,Clear,,True,Road 1: ST LEGER ST; Road 2: BREITHAUPT ST; Vehicle #1     Make: TOYT     Model: GZG     Colour: GRY     Style: TY; Vehicle #2     Make: HYUN     Model: SFT     Colour: ONG     Style: TY,5/13/2021 11:52:39 AM,,
50815,20240544,1604940300000,2020,11,9,16,45,0,Monday,543247.8249,4804520.83688,-80.46600000000001,43.392325,At intersection,2,Non-reportable,Within intersection,unknown,unknown,Angle,Unknown,Dusk,05 - Dusk,Municipal (excl. Twp. Rd.),Stop sign,Functioning,0,0,0,False,False,False,Clear,,True,Road 1: HURON RD; Road 2: STRASBURG RD; Vehicle #1     Make: FORD     Model: FE     Colour: BLK     Style: 4D; Vehicle #2     Make:      Model:      Colour:      Style:,5/13/2021 11:50:42 AM,,
50816,20240743,1604958000000,2020,11,9,21,40,0,Monday,541941.25088,4815042.59134,-80.481324,43.487137,Non intersection,2,P.D. only,Thru lane,unknown,unknown,SMV other,Unknown,Dark,07 - Dark,Municipal (excl. Twp. Rd.),No control,unknown,1,0,0,False,False,False,Clear,,False,Road 1: MACVILLE AVE (50 km/h); Road 2: 12 MACVILLE AVE; Distance: 1.0 K S; Vehicle #1     Make: HYUN     Model: VRZ     Colour: SIL     Style: TY,5/13/2021 11:52:24 AM,,
50817,20241135,1605009000000,2020,11,10,11,50,0,Tuesday,539296.70468,4811575.41982,-80.51427799999999,43.456063,Intersection related,2,P.D. only,Within intersection,unknown,unknown,Angle,Unknown,Daylight,01 - Daylight,Regional municipality,Stop sign,Functioning,0,0,1,False,False,False,Clear,,True,Road 1: MOUNT HOPE ST; Road 2: PARK ST; Vehicle #1     Make: HOND     Model: UAX     Colour: BLU     Style: 4D; Vehicle #2     Make: NISS     Model: VRS     Colour: SIL     Style: 4B,5/13/2021 11:52:42 AM,,
50818,20241363,1605027600000,2020,11,10,17,0,0,Tuesday,542312.82792,4810283.9548,-80.477098,43.444269999999996,At intersection,2,P.D. only,Within intersection,unknown,unknown,Rear end,Unknown,Dusk,05 - Dusk,Regional municipality,Traffic signal,Functioning,0,0,0,False,False,False,Clear,,True,Road 1: KING ST E; Road 2: STIRLING AVE N; Vehicle #1     Make: HYUN     Model: SFT     Colour: BLK     Style: TY; Vehicle #2     Make: RAM     Model: RTR     Colour: WHI     Style: CW,5/13/2021 11:52:54 AM,,
50819,20241584,1605042000000,2020,11,10,21,0,0,Tuesday,542013.3427,4813739.93833,-80.480533,43.475404,Non intersection,2,Non-reportable,Thru lane,unknown,unknown,SMV other,Unknown,Dark,07 - Dark,Regional municipality,No control,unknown,0,0,0,False,False,False,Clear,,True,Road 1: 575 RIVERBEND DR; Vehicle #1     Make: HYUN     Model: SAN     Colour: SIL     Style: TY,5/13/2021 11:58:41 AM,,
50820,20241609,1605045600000,2020,11,10,22,0,0,Tuesday,537983.4253,4809787.11018,-80.53063399999999,43.440028,Non intersection,2,P.D. only,Thru lane,unknown,unknown,Sideswipe,Unknown,Dark,07 - Dark,Municipal (excl. Twp. Rd.),No control,unknown,1,0,0,False,False,False,Clear,,False,Road 1: 43 INGLESIDE DR (50 km/h); Road 2: INGLESIDE DR; Distance: 15.0 M S; Vehicle #1     Make: RAM     Model: RTR     Colour: RED     Style: CW; Vehicle #2     Make:      Model:      Colour:      Style:,5/13/2021 11:56:34 AM,,
50821,20242278,1605117600000,2020,11,11,18,0,0,Wednesday,536852.60248,4808264.93044,-80.54471,43.426379,Intersection related,2,P.D. only,Thru lane,unknown,unknown,Other,Unknown,"Dark, artificial","08 - Dark, artificial",Municipal (excl. Twp. Rd.),unknown,Functioning,1,0,0,False,False,False,Clear,,False,Road 1: WESTMEADOW DR (50 km/h); Road 2: WESTFOREST TRAIL; Distance: 5.0 K W; Vehicle #1     Make: HOND     Model: UAX     Colour: BLK     Style: 4D; Vehicle #2     Make: DODG     Model: CAR     Colour: BLK     Style: VN; Vehicle #3     Make: FORD     Mod,5/13/2021 11:57:39 AM,,
50822,20243146,1605201960000,2020,11,12,17,26,0,Thursday,543946.06882,4808106.1462,-80.45709099999999,43.424566999999996,Intersection related,2,P.D. only,Right shoulder,unknown,unknown,SMV other,Unknown,Dark,07 - Dark,Municipal (excl. Twp. Rd.),Stop sign,Functioning,0,0,0,False,False,False,Clear,,False,Road 1: HARBER AVE (50 km/h); Road 2: SIEBERT AVE (50 km/h); Vehicle #1     Make: MAZD     Model: M6I     Colour: GRY     Style: 4D,5/13/2021 11:55:13 AM,,