OBJECTID,ACCIDENTNUM,ACCIDENTDATE,ACCIDENT_YEAR,ACCIDENT_MONTH,ACCIDENT_DAY,ACCIDENT_HOUR,ACCIDENT_MINUTE,ACCIDENT_SECOND,ACCIDENT_WEEKDAY,XCOORD,YCOORD,LONGITUDE,LATITUDE,ACCIDENTLOCATION,COLLISIONTYPE,CLASSIFICATIONOFACCIDENT,IMPACTLOCATION,INITIALDIRECTIONOFTRAVELONE,INITIALDIRECTIONOFTRAVELTWO,INITIALIMPACTTYPE,INTTRAFFICCONTROL,LIGHT,LIGHTFORREPORT,ROADJURISDICTION,TRAFFICCONTROL,TRAFFICCONTROLCONDITION,THRULANENO,NORTHBOUNDDISOBEYCOUNT,SOUTHBOUNDDISOBEYCOUNT,PEDESTRIANINVOLVED,CYCLISTINVOLVED,MOTORCYCLISTINVOLVED,ENVIRONMENTCONDITION1,ENVIRONMENTCONDITION2,SELFREPORTED,XMLIMPORTNOTES,LASTEDITEDDATE,CREATE_BY,CREATE_DATE
50924,20271127,1607257800000,2020,12,6,12,30,0,Sunday,539687.32787,4807476.40518,-80.50974699999999,43.419134,Non intersection,2,P.D. only,Thru lane,unknown,unknown,Rear end,Unknown,Daylight,01 - Daylight,Municipal (excl. Twp. Rd.),No control,unknown,0,0,0,False,False,False,Clear,,True,Road 1: 17 WINDALE CRESCENT; Vehicle #1     Make: TOYT     Model: LLX     Colour: GRY     Style: 4D; Vehicle #2     Make: CHEV     Model: CZT     Colour: BGE     Style: 4D,5/13/2021 11:55:52 AM,,
50925,20271130,1608285240000,2020,12,18,9,54,0,Friday,540780.60607,4812295.01558,-80.49588299999999,43.462461999999995,At intersection,2,P.D. only,Within intersection,unknown,unknown,Angle,Unknown,Daylight,01 - Daylight,Regional municipality,Stop sign,Functioning,0,1,0,False,False,False,Clear,,False,Road 1: GUELPH ST (50 km/h); Road 2: BRUNSWICK AVE (50 km/h); Vehicle #1     Make:      Model:      Colour:      Style: ; Vehicle #2     Make: DODG     Model: CAR     Colour: BLK     Style: VN,5/13/2021 11:53:03 AM,,
50926,20271367,1597932000000,2020,8,20,14,0,0,Thursday,545531.69329,4803103.8657,-80.437919,43.379431,Non intersection,2,Non-reportable,Thru lane,unknown,unknown,SMV unattended vehicle,Unknown,Daylight,01 - Daylight,Municipal (excl. Twp. Rd.),No control,unknown,0,0,0,False,False,False,Clear,,True,Road 1: 11 REYNOLDS COURT; Vehicle #1     Make: HOND     Model: ULS     Colour: BLU     Style: 4D; Vehicle #2     Make: CHEV     Model: CZT     Colour: RED     Style: 4D,5/13/2021 11:26:59 AM,,
50927,20271436,1608304020000,2020,12,18,15,7,0,Friday,542582.09443,4810126.14547,-80.473783,43.442834,At intersection,1,Non-fatal injury,Within intersection,unknown,unknown,Angle,Unknown,Daylight,01 - Daylight,Regional municipality,Traffic signal,Functioning,0,1,0,False,False,False,Clear,,False,Road 1: KING ST E (50 km/h); Road 2: BORDEN AVE N (50 km/h); Vehicle #1     Make: FORD     Model: FSH     Colour: BLK     Style: 4D; Vehicle #2     Make: TOYT     Model: YSE     Colour: GRY     Style: 4B,5/13/2021 11:53:27 AM,,
50928,20271866,1608332400000,2020,12,18,23,0,0,Friday,541662.02405,4810409.26726,-80.485131,43.445434999999996,At intersection,2,P.D. only,Within intersection,unknown,unknown,Angle,Unknown,Dark,07 - Dark,Municipal (excl. Twp. Rd.),Stop sign,unknown,0,0,0,False,False,False,Clear,,True,Road 1: CEDAR ST S; Road 2: CHURCH ST; Vehicle #1     Make: HYUN     Model: EGM     Colour: GRY     Style: 4D; Vehicle #2     Make:      Model:      Colour:      Style:,5/13/2021 11:53:12 AM,,
50929,20272096,1598099400000,2020,8,22,12,30,0,Saturday,543248.61082,4804518.46773,-80.465991,43.392303999999996,At intersection,2,P.D. only,Within intersection,unknown,unknown,Sideswipe,Unknown,Daylight,01 - Daylight,Regional municipality,Stop sign,Functioning,0,0,0,False,False,False,Clear,,True,Road 1: HURON; Road 2: STRASBURG RD; Vehicle #1     Make: LEXS     Model: RX0     Colour: GRY     Style: TY; Vehicle #2     Make: OLDS     Model: AUR     Colour: GRY     Style: 4D,5/13/2021 11:36:10 AM,,
50930,20272168,1598145000000,2020,8,23,1,10,0,Sunday,541747.33163,4812108.4016,-80.483947,43.460729,Non intersection,2,P.D. only,Thru lane,unknown,unknown,SMV other,Unknown,Dark,07 - Dark,Regional municipality,No control,unknown,0,0,0,False,False,False,Clear,,True,Road 1: WELLINGTON ST N; Road 2: LANCASTER ST W; Vehicle #1     Make: HYUN     Model: SFT     Colour: GRY     Style: TY,5/13/2021 11:37:33 AM,,
50931,20272233,1596799800000,2020,8,7,11,30,0,Friday,541937.73393,4811093.66043,-80.48167099999999,43.451581,At/near private drive,2,P.D. only,Thru lane,unknown,unknown,Other,Unknown,Daylight,01 - Daylight,Regional municipality,No control,unknown,0,0,0,False,False,False,Clear,,True,Road 1: 168 LANCASTER ST E; Vehicle #1     Make:      Model:      Colour:      Style: ; Vehicle #2     Make: HYUN     Model: ESS     Colour: BLK     Style: 4D,5/13/2021 11:37:24 AM,,
50932,20272236,1596781800000,2020,8,7,6,30,0,Friday,540268.45381,4809967.12166,-80.50238499999999,43.44153,Non intersection,2,P.D. only,Thru lane,unknown,unknown,Other,Unknown,Daylight,01 - Daylight,Regional municipality,No control,unknown,0,0,0,False,False,False,Clear,,True,Road 1: WEST AVE; Road 2: HIGHLAND RD W; Vehicle #1     Make: HYUN     Model: SGL     Colour: BLK     Style: 4D; Vehicle #2     Make:      Model:      Colour:      Style:,8/16/2022 3:05:49 PM,,
50933,20272247,1596708000000,2020,8,6,10,0,0,Thursday,545157.70442,4807241.88964,-80.442194,43.416713,Intersection related,2,P.D. only,Within intersection,unknown,unknown,Sideswipe,Stop sign,Daylight,01 - Daylight,Municipal (excl. Twp. Rd.),Stop sign,Functioning,0,0,0,False,False,False,Clear,,True,Road 1: WILSON AVE; Road 2: WEBSTER RD; Vehicle #1     Make: GMC     Model: SAV     Colour: WHI     Style: FV; Vehicle #2     Make: TOYT     Model: SIE     Colour: GRY     Style: VN,5/13/2021 11:25:47 AM,,
50934,20272250,1608379980000,2020,12,19,12,13,0,Saturday,545056.71205,4804814.77571,-80.443642,43.394864999999996,At/near private drive,2,P.D. only,Right shoulder,unknown,unknown,SMV unattended vehicle,Unknown,Daylight,01 - Daylight,Township,No control,unknown,0,0,0,False,False,False,Snow,,False,Road 1: PIONEER DR (50 km/h); Road 2: 399 PIONEER DR; Distance: 5.0 K W; Vehicle #1     Make: TOYT     Model: RUN     Colour: BLK     Style: TY; Vehicle #2     Make: SUBA     Model: FOR     Colour: RED     Style: TY,5/13/2021 11:54:31 AM,,
50935,20272419,1608387300000,2020,12,19,14,15,0,Saturday,544116.66614,4809295.55414,-80.454887,43.435266,At intersection,2,P.D. only,Within intersection,unknown,unknown,Angle,Unknown,Daylight,01 - Daylight,Regional municipality,Stop sign,Functioning,0,0,0,False,False,False,Snow,,False,Road 1: 2ND AVE (50 km/h); Road 2: KINGSWAY DR (50 km/h); Vehicle #1     Make: KIA     Model: RIO     Colour: SIL     Style: 4B; Vehicle #2     Make: CHEV     Model: CZT     Colour: GRY     Style: 4D,5/13/2021 11:54:40 AM,,
50936,20272420,1608387600000,2020,12,19,14,20,0,Saturday,543930.65674,4809147.06925,-80.45719799999999,43.43394,At intersection,2,P.D. only,Thru lane,unknown,unknown,Rear end,Unknown,Daylight,01 - Daylight,Municipal (excl. Twp. Rd.),Stop sign,unknown,1,0,0,False,False,False,Snow,,False,Road 1: FIRST AVE (20 km/h); Road 2: ECKERT ST (20 km/h); Vehicle #1     Make: KIA     Model: RIO     Colour: SIL     Style: 4B; Vehicle #2     Make: CHEV     Model: CZT     Colour: GRY     Style: 4D,5/13/2021 11:54:43 AM,,
50937,20272931,1596718800000,2020,8,6,13,0,0,Thursday,542747.97355,4816293.22086,-80.47125,43.498352,At/near private drive,2,P.D. only,Thru lane,unknown,unknown,SMV unattended vehicle,Unknown,Daylight,01 - Daylight,Municipal (excl. Twp. Rd.),No control,unknown,0,0,0,False,False,False,Clear,,True,Road 1: EAGLECREST ST (IFO 65); Road 2: KESTREL ST; Vehicle #1     Make: HYUN     Model: EGM     Colour: BLK     Style: 4D; Vehicle #2     Make: BMW     Model: 325     Colour: BLK     Style: 4D,5/13/2021 11:28:34 AM,,
50938,20272936,1595774400000,2020,7,26,14,40,0,Sunday,542581.61691,4810126.52268,-80.473789,43.442837,Intersection related,2,Non-reportable,Thru lane,unknown,unknown,Other,Unknown,Daylight,01 - Daylight,Regional municipality,Traffic signal,Functioning,0,0,0,False,False,False,Clear,,True,Road 1: KING ST; Road 2: BORDEN AVE N; Vehicle #1     Make:      Model:      Colour:      Style: ; Vehicle #2     Make: KIA     Model: FLG     Colour: SIL     Style: 4D,5/13/2021 11:38:03 AM,,
50939,20272968,1593858600000,2020,7,4,10,30,0,Saturday,538293.1529,4807863.58472,-80.52694199999999,43.422692999999995,Non intersection,2,P.D. only,Thru lane,unknown,unknown,SMV unattended vehicle,Unknown,Daylight,01 - Daylight,Municipal (excl. Twp. Rd.),No control,unknown,0,0,0,False,False,False,Clear,,True,Road 1: SILVER ASPEN CRESCENT (IFO 62); Vehicle #1     Make:      Model:      Colour:      Style: ; Vehicle #2     Make: TOYT     Model: TUN     Colour: WHI     Style: PK,5/13/2021 11:31:33 AM,,
50940,20272999,1594825380000,2020,7,15,15,3,0,Wednesday,541132.1115,4813888.77079,-80.491417,43.476793,At/near private drive,2,P.D. only,Thru lane,unknown,unknown,Other,Unknown,Daylight,01 - Daylight,Municipal (excl. Twp. Rd.),No control,unknown,0,0,0,False,False,False,Clear,,True,Road 1: LANG CRESCENT (IFO 91); Vehicle #1     Make:      Model:      Colour:      Style: ; Vehicle #2     Make: RAM     Model: RTR     Colour: BLK     Style: PK,5/13/2021 11:26:08 AM,,
50941,20273081,1593175200000,2020,6,26,12,40,0,Friday,539600.42932,4805656.47091,-80.510953,43.402752,At/near private drive,2,Non-reportable,Thru lane,unknown,unknown,SMV unattended vehicle,Unknown,Daylight,01 - Daylight,Municipal (excl. Twp. Rd.),No control,unknown,0,0,0,False,False,False,Clear,,True,Road 1: 11 YARROW COURT (IFO HOSUE); Vehicle #1     Make:      Model:      Colour:      Style: ; Vehicle #2     Make: LEXS     Model: RX5     Colour: GRY     Style: TY,5/13/2021 11:28:54 AM,,
50942,20273111,1593106200000,2020,6,25,17,30,0,Thursday,541409.6617,4808700.56113,-80.48837999999999,43.430063,At/near private drive,2,Non-reportable,Thru lane,unknown,unknown,Angle,Unknown,Daylight,01 - Daylight,Municipal (excl. Twp. Rd.),No control,unknown,0,0,0,False,False,False,Clear,,True,Road 1: HOFFMAN ST (IFO 357); Vehicle #1     Make: FORD     Model: FL     Colour: BLK     Style: 4D; Vehicle #2     Make: TOYT     Model: RV4     Colour: SIL     Style: TY,5/13/2021 11:28:56 AM,,
50943,20273119,1592409600000,2020,6,17,16,0,0,Wednesday,542406.93345,4816057.44311,-80.47548599999999,43.496249,At/near private drive,2,P.D. only,Thru lane,unknown,unknown,SMV unattended vehicle,Unknown,Daylight,01 - Daylight,Municipal (excl. Twp. Rd.),No control,unknown,0,0,0,False,False,False,Clear,,True,Road 1: HAWKSWOOD DR (IFO 135); Vehicle #1     Make:      Model:      Colour:      Style: ; Vehicle #2     Make: LEXS     Model: RX5     Colour: GRY     Style: TY,5/13/2021 11:31:36 AM,,
50944,20273141,1592898300000,2020,6,23,7,45,0,Tuesday,543565.16852,4812259.4169,-80.46146499999999,43.461985,Intersection related,2,Non-reportable,Thru lane,unknown,unknown,Rear end,Unknown,Daylight,01 - Daylight,Regional municipality,Traffic signal,Functioning,0,0,0,False,False,False,Clear,,True,Road 1: FREDERICK ST; Road 2: RIVER RD E; Vehicle #1     Make:      Model:      Colour:      Style: ; Vehicle #2     Make: HYUN     Model: SFT     Colour: ONG     Style: TY,5/13/2021 11:38:43 AM,,
50945,20273835,1589378400000,2020,5,13,14,0,0,Wednesday,544211.53459,4811863.28152,-80.453507,43.45838,Intersection related,2,P.D. only,Right turn lane,unknown,unknown,Rear end,Unknown,Daylight,01 - Daylight,Regional municipality,Stop sign,Functioning,0,0,0,False,False,False,Clear,,True,Road 1: NIAGARA RD; Road 2: RIVER RD; Vehicle #1     Make:      Model:      Colour:      Style: ; Vehicle #2     Make: TOYT     Model: HV4     Colour: BLU     Style: TY,5/13/2021 11:36:00 AM,,
50946,20273931,1586510400000,2020,4,10,9,20,0,Friday,539122.18959,4809001.60324,-80.51661899999999,43.432897,Non intersection,2,P.D. only,Thru lane,unknown,unknown,SMV unattended vehicle,Unknown,Daylight,01 - Daylight,Municipal (excl. Twp. Rd.),No control,unknown,0,0,0,False,False,False,Clear,,True,Road 1: OVERLEA COURT (IFO 10); Road 2: OVERLEA DR; Vehicle #1     Make:      Model:      Colour:      Style: ; Vehicle #2     Make: ACUR     Model: RSX     Colour: BGE     Style: 2B,5/13/2021 11:35:18 AM,,
50947,20273964,1606838400000,2020,12,1,16,0,0,Tuesday,542110.9394,4812324.919,-80.47943599999999,43.462658,Intersection related,2,P.D. only,Thru lane,unknown,unknown,Angle,Unknown,Dusk,05 - Dusk,Regional municipality,Stop sign,unknown,0,0,0,False,False,False,Snow,,True,Road 1: WELLINGTON ST N; Road 2: SPRING VALLEY RD; Vehicle #1     Make: HYUN     Model: EGM     Colour: BLK     Style: 4D; Vehicle #2     Make: FORD     Model: COF     Colour: WHI     Style: PK,5/13/2021 11:54:47 AM,,
50948,20273996,1606924800000,2020,12,2,16,0,0,Wednesday,543485.16148,4811605.91955,-80.46250599999999,43.456106,Non intersection,2,P.D. only,Thru lane,unknown,unknown,SMV other,Unknown,Dusk,05 - Dusk,Municipal (excl. Twp. Rd.),No control,unknown,0,0,0,False,False,False,Clear,,True,Road 1: KRUG ST; Road 2: ETON DR; Vehicle #1     Make: ACUR     Model: MDX     Colour: WHI     Style: TY; Vehicle #2     Make:      Model:      Colour:      Style:,5/13/2021 11:58:42 AM,,
50949,20275251,1608030900000,2020,12,15,11,15,0,Tuesday,547406.2558,4805674.04842,-80.414557,43.402457,At/near private drive,2,P.D. only,Thru lane,unknown,unknown,SMV unattended vehicle,Unknown,Daylight,01 - Daylight,Municipal (excl. Twp. Rd.),No control,unknown,0,0,0,False,False,False,Clear,,True,Road 1: 216 LONGVIEW CRESCENT (IFO); Vehicle #1     Make:      Model:      Colour:      Style: ; Vehicle #2     Make: HYUN     Model: R5G     Colour: BLU     Style: TY,5/13/2021 11:56:29 AM,,
50950,20275266,1608568200000,2020,12,21,16,30,0,Monday,541741.3481,4810345.90756,-80.484156,43.44486,Non intersection,2,Non-reportable,Thru lane,unknown,unknown,SMV unattended vehicle,Unknown,Dusk,05 - Dusk,Regional municipality,No control,unknown,0,0,0,False,False,False,Clear,,True,Road 1: 162 CHURCH ST; Vehicle #1     Make: GMC     Model: ACA     Colour: BLK     Style: TY; Vehicle #2     Make: DODG     Model: CHS     Colour: BLK     Style: 4D,5/13/2021 11:58:01 AM,,
50951,20275279,1608733800000,2020,12,23,14,30,0,Wednesday,542546.20308,4804126.97716,-80.474694,43.388819,At/near private drive,2,P.D. only,Thru lane,unknown,unknown,Other,Unknown,Daylight,01 - Daylight,Municipal (excl. Twp. Rd.),No control,unknown,0,0,0,False,False,False,Clear,,True,Road 1: FEATHERSTONE CRESCENT (IFO 313); Road 2: FEATHERSTONE ST; Vehicle #1     Make: ACUR     Model: ATL     Colour: GRY     Style: 4D; Vehicle #2     Make: TOYT     Model: CEP     Colour: BLK     Style: 4D,5/13/2021 11:54:26 AM,,
50952,20275327,1608739320000,2020,12,23,16,2,0,Wednesday,546155.40817,4812407.76837,-80.429434,43.463165,At/near private drive,2,P.D. only,Not on roadway - right side,unknown,unknown,SMV other,Unknown,Dusk,05 - Dusk,Municipal (excl. Twp. Rd.),No control,unknown,0,0,0,False,False,False,Clear,,False,Road 1: 12 STANMORE AVE (10 km/h); Road 2: STANMORE AVE; Distance: 5.0 M S; Vehicle #1     Make: HYUN     Model: ION     Colour: GRY     Style: 4B,5/13/2021 11:57:53 AM,,
50953,20275871,1608631200000,2020,12,22,10,0,0,Tuesday,543000.29647,4810512.24702,-80.46858499999999,43.446286,Non intersection,2,P.D. only,Thru lane,unknown,unknown,Sideswipe,Unknown,Daylight,01 - Daylight,Municipal (excl. Twp. Rd.),No control,unknown,0,0,0,False,False,False,Clear,,True,Road 1: EAST AVE (IFO 400); Vehicle #1     Make: GMC     Model: CAN     Colour: BLK     Style: PK; Vehicle #2     Make: KIA     Model: FNG     Colour: WHI     Style: 4D,5/13/2021 11:53:53 AM,,
50954,20275884,1607277600000,2020,12,6,18,0,0,Sunday,541510.34993,4812289.96693,-80.486862,43.462377,Non intersection,2,Non-reportable,Thru lane,unknown,unknown,SMV unattended vehicle,Unknown,Dark,07 - Dark,Municipal (excl. Twp. Rd.),No control,unknown,0,0,0,False,False,False,Clear,,True,Road 1: 42 EDWIN ST; Vehicle #1     Make: FORD     Model: TRN     Colour: WHI     Style: FV; Vehicle #2     Make: CHEV     Model: SIL     Colour: WHI     Style: PK,5/13/2021 11:55:34 AM,,
50955,20276135,1608840000000,2020,12,24,20,0,0,Thursday,544611.62955,4809092.40854,-80.448788,43.433408,At intersection,2,P.D. only,Within intersection,unknown,unknown,Turning movement,Unknown,Dark,07 - Dark,Municipal (excl. Twp. Rd.),Traffic signal,Functioning,0,0,0,False,False,False,Snow,,True,Road 1: KINGSWAY DR; Road 2: FRANKLIN ST S; Vehicle #1     Make: VOLK     Model: PTL     Colour: WHI     Style: 4D; Vehicle #2     Make:      Model:      Colour:      Style:,5/13/2021 11:53:24 AM,,
50956,20276149,1608834120000,2020,12,24,18,22,0,Thursday,546633.92972,4802741.21015,-80.42434399999999,43.376098,Intersection related,2,P.D. only,Within intersection,unknown,unknown,SMV other,Unknown,Dark,07 - Dark,Municipal (excl. Twp. Rd.),Stop sign,Functioning,0,0,0,False,False,False,Snow,,False,Road 1: THOMAS SLEE DR (50 km/h); Road 2: ROBERT FERRIE DR (50 km/h); Vehicle #1     Make: TOYT     Model: CBL     Colour: SIL     Style: 4D,5/13/2021 11:57:09 AM,,
50957,20276157,1608834360000,2020,12,24,18,26,0,Thursday,544910.67878,4812482.34813,-80.444814,43.463913,At intersection,2,P.D. only,Not on roadway - right side,unknown,unknown,SMV other,Unknown,"Dark, artificial","08 - Dark, artificial",Municipal (excl. Twp. Rd.),Stop sign,Functioning,0,0,0,False,False,False,Snow,,False,Road 1: NATCHEZ RD (50 km/h); Road 2: HALIFAX DR (50 km/h); Vehicle #1     Make: PETE     Model:      Colour:      Style:,5/13/2021 11:55:03 AM,,
50958,20276161,1608834600000,2020,12,24,18,30,0,Thursday,544812.44842,4812886.83483,-80.445995,43.467560999999996,Non intersection,2,P.D. only,Not on roadway - right side,unknown,unknown,SMV unattended vehicle,Unknown,Dark,07 - Dark,Municipal (excl. Twp. Rd.),No control,unknown,0,0,0,False,False,False,Snow,,False,Road 1: 63 MATTHEW ST (50 km/h); Road 2: MATTHEW ST; Distance: 2.0 M E; Vehicle #1     Make: CHEV     Model: CAL     Colour: BLK     Style: PK; Vehicle #2     Make: DODG     Model: CJO     Colour: SIL     Style: TY,5/13/2021 11:56:31 AM,,
50959,20276328,1608901200000,2020,12,25,13,0,0,Friday,544305.58273,4813255.94883,-80.452231,43.470914,Non intersection,2,P.D. only,Not on roadway - right side,unknown,unknown,SMV other,Unknown,"Daylight, artificial","02 - Daylight, artificial",Municipal (excl. Twp. Rd.),No control,unknown,0,0,0,False,False,False,Snow,,False,Road 1: 400 BINGEMANS CENTRE DR (50 km/h); Road 2: BINGEMANS CENTRE DR; Distance: 24.0 M W; Vehicle #1     Make: TOYT     Model: CBL     Colour: GRY     Style: 4D,5/13/2021 11:57:55 AM,,
50960,20277404,1609026900000,2020,12,26,23,55,0,Saturday,541068.0,4811108.0,-80.5122389,43.4219719,Other,2,P.D. only,Off highway,unknown,unknown,SMV other,Unknown,"Dark, artificial","08 - Dark, artificial",Municipal (excl. Twp. Rd.),No control,unknown,0,0,0,False,False,False,Clear,,False,Road 1: 529 GREENBROOK DR; Road 2: GREENBROOK DR; Vehicle #1     Make: CHEV     Model: SIL     Colour: WHI     Style: CW,5/13/2021 11:54:03 AM,,
50961,20277580,1608890400000,2020,12,25,10,0,0,Friday,536121.82758,4808855.15799,-80.553699,43.431729,At/near private drive,2,P.D. only,Thru lane,unknown,unknown,SMV unattended vehicle,Unknown,Daylight,01 - Daylight,Municipal (excl. Twp. Rd.),No control,unknown,0,0,0,False,False,False,Snow,,True,Road 1: HUCK CRESCENT (IFO 187); Road 2: LAUREL SPRINGS CT; Vehicle #1     Make: HOND     Model: UCL     Colour: BRN     Style: 4D; Vehicle #2     Make: CHRY     Model: 20S     Colour: BLK     Style: 4D,5/13/2021 11:54:29 AM,,
50962,20277663,1608927300000,2020,12,25,20,15,0,Friday,542562.03539,4812547.72007,-80.47384199999999,43.464639,Intersection related,2,Non-reportable,Thru lane,unknown,unknown,SMV other,Unknown,Dark,07 - Dark,Municipal (excl. Twp. Rd.),Stop sign,unknown,0,0,0,False,False,False,Clear,,True,Road 1: WELLINGTON ST N; Road 2: HWY 7 OFFRAMP; Vehicle #1     Make: KIA     Model: RES     Colour: WHI     Style: 4D,5/13/2021 11:57:19 AM,,
50963,20277831,1609083000000,2020,12,27,15,30,0,Sunday,546510.43496,4810012.33397,-80.42524999999999,43.441575,Non intersection,2,P.D. only,Thru lane,unknown,unknown,SMV unattended vehicle,Unknown,Daylight,01 - Daylight,Regional municipality,No control,unknown,0,0,0,False,False,False,Clear,,True,Road 1: 231 BRIARMEADOW DR; Vehicle #1     Make: FORD     Model: EPR     Colour: BLK     Style: TY; Vehicle #2     Make: HOND     Model: CPL     Colour: GRN     Style: TY,5/13/2021 11:58:04 AM,,
50964,20277872,1609087800000,2020,12,27,16,50,0,Sunday,540223.9859,4811994.89665,-80.502785,43.45979,Intersection related,2,P.D. only,Off highway,unknown,unknown,SMV other,Unknown,Dusk,05 - Dusk,Municipal (excl. Twp. Rd.),Stop sign,Functioning,0,0,0,False,False,False,Clear,,False,Road 1: 175 WATERLOO ST (50 km/h); Road 2: GUELPH ST (50 km/h); Vehicle #1     Make: TOYT     Model: CXR     Colour: BLU     Style: 4B,5/13/2021 11:55:01 AM,,
50965,20278300,1609153200000,2020,12,28,11,0,0,Monday,542313.69377,4810287.61667,-80.477087,43.444303,At intersection,2,Non-reportable,Within intersection,unknown,unknown,Angle,Unknown,Daylight,01 - Daylight,Regional municipality,Traffic signal,Functioning,0,0,0,False,False,False,Clear,,True,Road 1: KING ST E; Road 2: STIRLING AVE N; Vehicle #1     Make: VOLK     Model: JTD     Colour: GRY     Style: 4D; Vehicle #2     Make:      Model:      Colour:      Style:,5/13/2021 11:57:16 AM,,
50966,20278422,1609165800000,2020,12,28,14,30,0,Monday,540987.87467,4809702.7463,-80.493515,43.43911,Non intersection,2,P.D. only,Thru lane,unknown,unknown,Angle,Unknown,Daylight,01 - Daylight,Regional municipality,No control,unknown,0,0,0,False,False,False,Drifting Snow,,True,Road 1: HIGHLAND RD E; Road 2: SPADINA RD E; Vehicle #1     Make: DODG     Model: JOU     Colour: GRY     Style: TY; Vehicle #2     Make: FORD     Model: SPE     Colour: SIL     Style: TY,5/13/2021 11:55:24 AM,,
50967,20278676,1609188360000,2020,12,28,20,46,0,Monday,542244.22013,4810332.81975,-80.477942,43.444714,Non intersection,2,P.D. only,Thru lane,unknown,unknown,Approaching,Unknown,"Dark, artificial","08 - Dark, artificial",Regional municipality,No control,unknown,1,0,0,False,False,False,Clear,,False,Road 1: KING ST E (50 km/h); Road 2: FAIRVIEW AVE; Distance: 5.0 M E; Vehicle #1     Make: FORD     Model: COF     Colour: RED     Style: PK; Vehicle #2     Make: CHEV     Model: ETV     Colour: WHI     Style: CB,8/16/2022 3:00:42 PM,,
50968,20279028,1608890400000,2020,12,25,10,0,0,Friday,542095.94817,4812317.47752,-80.47962199999999,43.462592,At/near private drive,2,P.D. only,Thru lane,unknown,unknown,SMV unattended vehicle,Unknown,Daylight,01 - Daylight,Municipal (excl. Twp. Rd.),No control,unknown,0,0,0,False,False,False,Clear,,True,Road 1: 543 WELLINGTON ST N; Vehicle #1     Make:      Model:      Colour:      Style: ; Vehicle #2     Make: CHEV     Model: ML2     Colour: BRN     Style: 4D,5/13/2021 11:55:27 AM,,
50969,20279126,1609089300000,2020,12,27,17,15,0,Sunday,543374.79804,4807674.60341,-80.464182,43.420714,Non intersection,2,P.D. only,Thru lane,unknown,unknown,Turning movement,Unknown,Dark,07 - Dark,Regional municipality,No control,unknown,0,0,0,False,False,False,Clear,,True,Road 1: BLOCK LINE RD; Road 2: COURTLAND AVE E VANIER KITCHENER; Vehicle #1     Make: HOND     Model: CCL     Colour: BLK     Style: 4D; Vehicle #2     Make: BUIC     Model: ENC     Colour: WHI     Style: TY,8/16/2022 2:54:35 PM,,
50970,20279157,1609249200000,2020,12,29,13,40,0,Tuesday,546135.20458,4814096.60829,-80.429541,43.478373,At/near private drive,2,P.D. only,Thru lane,unknown,unknown,Angle,Unknown,Daylight,01 - Daylight,Municipal (excl. Twp. Rd.),No control,unknown,0,0,0,False,False,False,Clear,,True,Road 1: 2365 SHIRLEY DR; Vehicle #1     Make: BMW     Model: M55     Colour: BLK     Style: 4D; Vehicle #2     Make: VOLV     Model: ARO     Colour: WHI     Style: CT,5/13/2021 11:54:16 AM,,
50971,20279238,1608820560000,2020,12,24,14,36,0,Thursday,544038.29769,4809307.21383,-80.455855,43.435376,Non intersection,2,P.D. only,Thru lane,unknown,unknown,Approaching,Unknown,Daylight,01 - Daylight,Municipal (excl. Twp. Rd.),No control,unknown,0,0,0,False,False,False,Snow,,True,Road 1: KINGSWAY DR; Road 2: 2ND AVE; Vehicle #1     Make: JEEP     Model: WUL     Colour: BLK     Style: TY; Vehicle #2     Make: NISS     Model: TTN     Colour: WHI     Style: PK,5/13/2021 11:55:18 AM,,
50972,20280191,1609371660000,2020,12,30,23,41,0,Wednesday,548100.33475,4806107.4094,-80.405947,43.406315,At/near private drive,2,P.D. only,Not on roadway - left side,unknown,unknown,SMV other,Unknown,"Dark, artificial","08 - Dark, artificial",Township,No control,unknown,0,0,0,False,False,False,Clear,,False,Road 1: 210 PIONEER TOWER RD (50 km/h); Road 2: PIONEER TOWER RD; Distance: 15.0 M W; Vehicle #1     Make: FORD     Model: EDG     Colour: SIL     Style: TY,5/13/2021 11:54:02 AM,,
50973,20280745,1609438800000,2020,12,31,18,20,0,Thursday,547233.97168,4808838.80101,-80.416411,43.430963,Non intersection,2,P.D. only,Thru lane,unknown,unknown,SMV unattended vehicle,Unknown,Dark,07 - Dark,Municipal (excl. Twp. Rd.),No control,unknown,0,0,0,False,False,False,Clear,,True,Road 1: 270 MORRISON RD (ON THE ROADWAY); Vehicle #1     Make: HOND     Model: HRV     Colour: WHI     Style: TY; Vehicle #2     Make: KIA     Model: E5G     Colour: GRY     Style: 4B,5/13/2021 11:55:28 AM,,