OBJECTID,ACCIDENTNUM,ACCIDENTDATE,ACCIDENT_YEAR,ACCIDENT_MONTH,ACCIDENT_DAY,ACCIDENT_HOUR,ACCIDENT_MINUTE,ACCIDENT_SECOND,ACCIDENT_WEEKDAY,XCOORD,YCOORD,LONGITUDE,LATITUDE,ACCIDENTLOCATION,COLLISIONTYPE,CLASSIFICATIONOFACCIDENT,IMPACTLOCATION,INITIALDIRECTIONOFTRAVELONE,INITIALDIRECTIONOFTRAVELTWO,INITIALIMPACTTYPE,INTTRAFFICCONTROL,LIGHT,LIGHTFORREPORT,ROADJURISDICTION,TRAFFICCONTROL,TRAFFICCONTROLCONDITION,THRULANENO,NORTHBOUNDDISOBEYCOUNT,SOUTHBOUNDDISOBEYCOUNT,PEDESTRIANINVOLVED,CYCLISTINVOLVED,MOTORCYCLISTINVOLVED,ENVIRONMENTCONDITION1,ENVIRONMENTCONDITION2,SELFREPORTED,XMLIMPORTNOTES,LASTEDITEDDATE,CREATE_BY,CREATE_DATE
50974,20280852,1609447500000,2020,12,31,20,45,0,Thursday,539675.77628,4806484.5007,-80.509962,43.410204,Intersection related,2,P.D. only,Thru lane,unknown,unknown,Sideswipe,Unknown,Dark,07 - Dark,Regional municipality,unknown,Functioning,0,0,0,False,False,False,Clear,,True,Road 1: ACTIVA AVE; Road 2: WILDERNESS DR; Vehicle #1     Make: TOYT     Model: MTL     Colour: SIL     Style: 4D; Vehicle #2     Make: HYUN     Model: TUC     Colour: BLK     Style: TY,5/13/2021 11:57:30 AM,,
50976,20422202,1591962900000,2020,6,12,11,55,0,Friday,541723.95151,4810360.46958,-80.48437,43.444992,Non intersection,2,P.D. only,Thru lane,unknown,unknown,SMV unattended vehicle,Unknown,Daylight,01 - Daylight,Municipal (excl. Twp. Rd.),No control,unknown,0,0,0,False,False,False,Clear,,True,Road 1: 156 CHURCH ST; Vehicle #1     Make:      Model:      Colour:      Style: ; Vehicle #2     Make: HYUN     Model: ESM     Colour: BLK     Style: 4D,5/13/2021 11:29:22 AM,,
50979,20924191,1605214200000,2020,11,12,20,50,0,Thursday,542651.67904,4816445.64662,-80.47242899999999,43.49973,Non intersection,2,Non-reportable,Thru lane,unknown,unknown,SMV unattended vehicle,Unknown,Dark,07 - Dark,Municipal (excl. Twp. Rd.),No control,unknown,0,0,0,False,False,False,Clear,,True,Road 1: 117 EAGLECREST ST; Vehicle #1     Make:      Model:      Colour:      Style: ; Vehicle #2     Make: VOLK     Model: GLF     Colour: GRY     Style: 4D,5/13/2021 11:51:47 AM,,
50980,21000071,1609464720000,2021,1,1,1,32,0,Friday,540044.96135,4806709.66169,-80.505386,43.412211,Non intersection,2,P.D. only,Right shoulder,unknown,unknown,SMV unattended vehicle,Unknown,Dark,07 - Dark,Municipal (excl. Twp. Rd.),No control,unknown,0,0,0,False,False,False,Clear,,False,Road 1: DINISON CRESCENT (40 km/h); Road 2: WILLIAMSBURG RD; Distance: 300.0 M E; Vehicle #1     Make: INFI     Model: G35     Colour: BLK     Style: 2D; Vehicle #2     Make: TOYT     Model: XLL     Colour: BRN     Style: 4D,12/20/2021 10:55:05 AM,,
50981,21000205,1609488660000,2021,1,1,8,11,0,Friday,539112.03455,4811656.13845,-80.516554,43.456799,At intersection,1,Non-fatal injury,Within intersection,unknown,unknown,Angle,Unknown,Daylight,01 - Daylight,Municipal (excl. Twp. Rd.),unknown,Functioning,0,0,1,False,False,False,Clear,,False,Road 1: UNION BLVD (50 km/h); Road 2: PARK ST (50 km/h); Vehicle #1     Make: HOND     Model: CXG     Colour: SIL     Style: 4D; Vehicle #2     Make: TOYT     Model: VEN     Colour: WHI     Style: TY,12/20/2021 10:47:49 AM,,
50982,21000570,1609531080000,2021,1,1,19,58,0,Friday,538878.04102,4807912.66206,-80.519713,43.423105,At/near private drive,2,P.D. only,Not on roadway - right side,unknown,unknown,SMV other,Unknown,"Dark, artificial","08 - Dark, artificial",Municipal (excl. Twp. Rd.),No control,unknown,0,0,0,False,False,False,Snow,,False,Road 1: 15 MCGARRY DR (50 km/h); Road 2: MCGARRY DR; Distance: 10.0 K N; Charged Driver #1 on page 1: CCC 320.14SU (NA) (NA); Vehicle #1     Make: HYUN     Model: C2G     Colour: WHI     Style: 4B,12/20/2021 10:57:02 AM,,
50983,21000613,1609535700000,2021,1,1,21,15,0,Friday,538842.16822,4807873.11965,-80.52015899999999,43.42275,At/near private drive,2,P.D. only,Thru lane,unknown,unknown,SMV unattended vehicle,Unknown,Dark,07 - Dark,Municipal (excl. Twp. Rd.),No control,unknown,1,0,0,False,False,False,Freezing Rain,,False,Road 1: 27 MCGARRY DR (50 km/h); Road 2: MCGARRY DR; Distance: 1.0 K W; Vehicle #1     Make: FORD     Model: EPR     Colour: BLU     Style: TY; Vehicle #2     Make: MERZ     Model: SPR     Colour: WHI     Style: FV,12/20/2021 10:55:03 AM,,
50984,21001068,1609600800000,2021,1,2,15,20,0,Saturday,539618.51499,4811374.66692,-80.51031499999999,43.454238,Intersection related,2,P.D. only,Thru lane,unknown,unknown,Turning movement,Unknown,Daylight,01 - Daylight,Municipal (excl. Twp. Rd.),unknown,Functioning,0,0,0,False,False,False,Clear,,True,Road 1: PARK ST; Road 2: GLASGOW ST; Vehicle #1     Make: TOYT     Model: YAR     Colour: GRY     Style: 4B; Vehicle #2     Make: SUBA     Model: FOR     Colour: SIL     Style: TY,12/20/2021 10:47:37 AM,,
50985,21001357,1606038600000,2020,11,22,9,50,0,Sunday,542112.23653,4803623.28515,-80.480091,43.384308,Non intersection,2,P.D. only,Thru lane,unknown,unknown,Rear end,Unknown,Daylight,01 - Daylight,Municipal (excl. Twp. Rd.),No control,unknown,0,0,0,False,False,False,Snow,,True,Road 1: ROCHEFORT ST.; Road 2: MADELEINE ST; Vehicle #1     Make: DODG     Model: CAR     Colour: WHI     Style: VN; Vehicle #2     Make:      Model:      Colour:      Style:,5/13/2021 11:54:24 AM,,
50986,21001536,1606065300000,2020,11,22,17,15,0,Sunday,545099.28174,4804324.05244,-80.443157,43.390443999999995,Intersection related,2,P.D. only,Within intersection,unknown,unknown,Angle,Unknown,Dusk,05 - Dusk,Municipal (excl. Twp. Rd.),Stop sign,unknown,0,0,0,False,False,False,Snow,,True,Road 1: BECHTEL DR; Road 2: PATHFINDER CRESCENT; Vehicle #1     Make:      Model:      Colour:      Style: ; Vehicle #2     Make: VOLK     Model: TIG     Colour: BLK     Style: TY,5/13/2021 11:53:23 AM,,
50987,21001546,1606055400000,2020,11,22,14,30,0,Sunday,545760.74528,4803959.37389,-80.43502,43.387121,At intersection,2,P.D. only,Within intersection,unknown,unknown,Rear end,Unknown,Daylight,01 - Daylight,Municipal (excl. Twp. Rd.),unknown,Functioning,0,0,0,False,False,False,Snow,,True,Road 1: DOON MILLS DR; Road 2: APPLE RIDGE DR DOON SOUTH KITCHENER; Distance:  S; Vehicle #1     Make: JAGU     Model: XER     Colour: WHI     Style: 4D; Vehicle #2     Make:      Model:      Colour:      Style:,5/13/2021 11:53:20 AM,,
50988,21004050,1609949640000,2021,1,6,16,14,0,Wednesday,539112.51031,4811656.14121,-80.516548,43.456799,At intersection,1,Non-fatal injury,Within intersection,unknown,unknown,Angle,Unknown,Daylight,01 - Daylight,Municipal (excl. Twp. Rd.),unknown,Functioning,0,0,0,False,False,False,Clear,,False,Road 1: UNION BLVD (50 km/h); Road 2: PARK ST (50 km/h); Vehicle #1     Make: NISS     Model: VSA     Colour: BLU     Style: 4D; Vehicle #2     Make: TOYT     Model: CIE     Colour: BLU     Style: VN,12/20/2021 10:54:15 AM,,
50989,21004649,1607584800000,2020,12,10,7,20,0,Thursday,543135.58607,4806537.80914,-80.467227,43.410492,Intersection related,2,P.D. only,Thru lane,unknown,unknown,Rear end,Unknown,Dawn,03 - Dawn,Municipal (excl. Twp. Rd.),Stop sign,Functioning,0,0,0,False,False,False,Clear,,True,Road 1: CENTURY HILL DR; Road 2: COUNTRY HILL DR; Vehicle #1     Make: FORD     Model: FSE     Colour: GRY     Style: 4D; Vehicle #2     Make: RAM     Model: RTR     Colour: WHI     Style: PK,5/13/2021 11:54:58 AM,,
50990,21004669,1607682900000,2020,12,11,10,35,0,Friday,539110.93705,4811656.69113,-80.51656799999999,43.456804,Intersection related,2,Non-reportable,Thru lane,unknown,unknown,Sideswipe,Unknown,Daylight,01 - Daylight,Municipal (excl. Twp. Rd.),Traffic signal,Functioning,0,0,0,False,False,False,Clear,,True,Road 1: PARK ST; Road 2: UNION BLVD; Distance: 100.0 M S; Vehicle #1     Make: CHEV     Model: ETV     Colour: MLT     Style: CB; Vehicle #2     Make:      Model:      Colour:      Style:,5/13/2021 11:53:10 AM,,
50991,21004786,1604666700000,2020,11,6,12,45,0,Friday,541904.19376,4812108.01693,-80.482008,43.460716999999995,Non intersection,2,Non-reportable,Thru lane,unknown,unknown,SMV unattended vehicle,Unknown,Daylight,01 - Daylight,Regional municipality,No control,unknown,0,0,0,False,False,False,Clear,,True,Road 1: 399 BREITHAUPT ST; Vehicle #1     Make:      Model:      Colour:      Style: ; Vehicle #2     Make: NISS     Model: VMT     Colour: GRY     Style: 4D,5/13/2021 11:54:22 AM,,
50992,21004858,1609252800000,2020,12,29,14,40,0,Tuesday,541314.41538,4811057.10625,-80.489378,43.451287,At/near private drive,2,P.D. only,Thru lane,unknown,unknown,Other,Unknown,Daylight,01 - Daylight,Municipal (excl. Twp. Rd.),No control,unknown,0,0,0,False,False,False,Clear,,True,Road 1: 30 DUKE ST W; Vehicle #1     Make: FORD     Model: TST     Colour: WHI     Style: FV; Vehicle #2     Make: HYUN     Model: EGM     Colour: BRN     Style: 4D,5/13/2021 11:55:39 AM,,
50993,21004860,1609184700000,2020,12,28,19,45,0,Monday,547114.51408,4808354.95296,-80.417928,43.426614,Non intersection,2,P.D. only,Thru lane,unknown,unknown,SMV unattended vehicle,Unknown,Dark,07 - Dark,Regional municipality,No control,unknown,0,0,0,False,False,False,Snow,,True,Road 1: 15 MANOR DR; Vehicle #1     Make: NISS     Model: FRT     Colour: BLK     Style: PK; Vehicle #2     Make: KIA     Model: SOU     Colour: BLU     Style: TY,5/13/2021 11:55:37 AM,,
50994,21005049,1610048700000,2021,1,7,19,45,0,Thursday,545598.53436,4804030.86252,-80.437017,43.387774,Intersection related,2,P.D. only,Thru lane,unknown,unknown,Rear end,Unknown,Dark,07 - Dark,Municipal (excl. Twp. Rd.),unknown,Functioning,0,0,0,False,False,False,Clear,,True,Road 1: TILT DR; Road 2: DOON MILLS DR; Vehicle #1     Make: CHEV     Model: CZT     Colour: WHI     Style: 4D; Vehicle #2     Make: HOND     Model: PIL     Colour: BLK     Style: TY,12/20/2021 10:47:41 AM,,
50995,21005666,1600186800000,2020,9,15,16,20,0,Tuesday,541758.09265,4810557.07524,-80.483933,43.44676,At/near private drive,2,Non-reportable,Thru lane,unknown,unknown,Other,Unknown,Daylight,01 - Daylight,Municipal (excl. Twp. Rd.),No control,unknown,0,0,0,False,False,False,Clear,,True,Road 1: CEDAR ST S (IFO 21); Road 2: CHARLES ST E; Distance: 10.0 M N; Vehicle #1     Make:      Model:      Colour:      Style: ; Vehicle #2     Make: FORD     Model: TST     Colour: WHI     Style: VN,5/13/2021 11:29:06 AM,,
50996,21006372,1603207800000,2020,10,20,15,30,0,Tuesday,543986.18743,4807778.99693,-80.456622,43.421619,Intersection related,2,Non-reportable,Thru lane,unknown,unknown,Rear end,Unknown,Daylight,01 - Daylight,Municipal (excl. Twp. Rd.),unknown,Functioning,0,0,0,False,False,False,Clear,,True,Road 1: VANIER DR; Road 2: SIEBERT AVE; Vehicle #1     Make:      Model:      Colour:      Style: ; Vehicle #2     Make: TOYT     Model: YSE     Colour: GRY     Style: 4B,5/13/2021 11:27:47 AM,,
50997,21006466,1610193600000,2021,1,9,12,0,0,Saturday,545501.98839,4808976.04419,-80.437797,43.432306,At/near private drive,2,P.D. only,Not on roadway - right side,unknown,unknown,SMV other,Unknown,Daylight,01 - Daylight,Municipal (excl. Twp. Rd.),No control,unknown,0,0,0,False,False,False,Clear,,False,Road 1: KINZIE AVE (50 km/h); Road 2: 58 KINZIE AVE; Distance: 3.0 M E; Vehicle #1     Make: HINO     Model: HIN     Colour: WHI     Style: CT,12/20/2021 10:49:19 AM,,
50998,21006559,1610200800000,2021,1,9,14,0,0,Saturday,540914.53481,4805850.53071,-80.49471,43.404429,At/near private drive,2,P.D. only,Thru lane,unknown,unknown,SMV unattended vehicle,Unknown,Daylight,01 - Daylight,Regional municipality,No control,unknown,0,0,0,False,False,False,Clear,,True,Road 1: 267 ERINBROOK DR; Vehicle #1     Make: SUBA     Model: OBK     Colour: GRY     Style: TY; Vehicle #2     Make: HOND     Model: UCL     Colour: BLK     Style: 4D,12/20/2021 10:50:53 AM,,
50999,21006650,1610206800000,2021,1,9,15,40,0,Saturday,545681.18558,4808889.14451,-80.435591,43.431512999999995,At/near private drive,2,P.D. only,Right shoulder,unknown,unknown,SMV unattended vehicle,Unknown,Daylight,01 - Daylight,Municipal (excl. Twp. Rd.),No control,unknown,0,0,0,False,False,False,Clear,,False,Road 1: FLORENCE AVE (50 km/h); Road 2: 80 FLORENCE AVE; Distance: 3.0 M E; Vehicle #1     Make: PETE     Model:      Colour:      Style: ; Vehicle #2     Make: SUBA     Model: OBK     Colour: WHI     Style: TY,12/20/2021 10:50:24 AM,,
51000,21007256,1609678800000,2021,1,3,13,0,0,Sunday,545634.54472,4811941.21293,-80.435912,43.458997,At/near private drive,2,P.D. only,Thru lane,unknown,unknown,SMV unattended vehicle,Unknown,Daylight,01 - Daylight,Municipal (excl. Twp. Rd.),No control,unknown,0,0,0,False,False,False,Clear,,True,Road 1: 108 OAKHURST CRESCENT; Vehicle #1     Make: CHRY     Model: PIF     Colour: WHI     Style: VN; Vehicle #2     Make: JEEP     Model: GCK     Colour: WHI     Style: TY,12/20/2021 10:48:48 AM,,
51001,21007368,1609588800000,2021,1,2,12,0,0,Saturday,545251.80075,4812770.02757,-80.440574,43.466482,At/near private drive,2,P.D. only,Thru lane,unknown,unknown,Other,Unknown,Daylight,01 - Daylight,Municipal (excl. Twp. Rd.),No control,unknown,0,0,0,False,False,False,Clear,,True,Road 1: GEORGIAN CRESCENT (IFO 15); Road 2: GEORGIAN ST; Vehicle #1     Make: MERZ     Model: MS6     Colour: GRY     Style: TY; Vehicle #2     Make: HOND     Model: UDY     Colour: WHI     Style: TY,12/20/2021 10:48:50 AM,,
51002,21007410,1610017200000,2021,1,7,11,0,0,Thursday,542904.20681,4812717.23185,-80.469599,43.466145,At intersection,2,P.D. only,Within intersection,unknown,unknown,Angle,Unknown,Daylight,01 - Daylight,Municipal (excl. Twp. Rd.),unknown,Functioning,0,0,0,False,False,False,Clear,,True,Road 1: WELLINGTON ST N; Road 2: CONESTOGA PKWY; Vehicle #1     Make: HOND     Model: UCL     Colour: BLK     Style: 4D; Vehicle #2     Make: HYUN     Model: ELA     Colour: GRY     Style: 4D,12/20/2021 10:49:46 AM,,
51003,21008299,1610373000000,2021,1,11,13,50,0,Monday,545302.20536,4812133.23347,-80.440004,43.460746,Non intersection,2,Non-reportable,Thru lane,unknown,unknown,Sideswipe,Unknown,Daylight,01 - Daylight,Municipal (excl. Twp. Rd.),No control,unknown,0,0,0,False,False,False,Snow,,True,Road 1: LORRAINE AVE; Road 2: HERITAGE DR; Vehicle #1     Make: HOND     Model: ULS     Colour: WHI     Style: 4D; Vehicle #2     Make:      Model:      Colour:      Style:,12/20/2021 10:55:34 AM,,
51004,21008317,1610380740000,2021,1,11,15,59,0,Monday,544995.59802,4811791.54188,-80.443822,43.457688,Non intersection,2,P.D. only,Off highway,unknown,unknown,SMV other,Unknown,Daylight,01 - Daylight,Municipal (excl. Twp. Rd.),No control,unknown,0,0,0,False,False,False,Clear,,False,Road 1: 28 HUDSON COURT (50 km/h); Road 2: HUDSON CRT; Distance: 10.0 M S; Vehicle #1     Make: CONS     Model: UNK     Colour:      Style: ROT,12/20/2021 10:54:27 AM,,
51005,21008409,1607420400000,2020,12,8,9,40,0,Tuesday,546054.98458,4802616.55181,-80.431501,43.375012,Non intersection,2,Non-reportable,Thru lane,unknown,unknown,Sideswipe,Unknown,Daylight,01 - Daylight,Regional municipality,No control,unknown,0,0,0,False,False,False,Clear,,True,Road 1: 413 THOMAS SLEE DR; Vehicle #1     Make: FORD     Model: TST     Colour: WHI     Style: FV; Vehicle #2     Make:      Model:      Colour:      Style:,5/13/2021 11:55:32 AM,,
51006,21008486,1607931000000,2020,12,14,7,30,0,Monday,540121.85693,4806071.33571,-80.504483,43.406459999999996,Non intersection,2,Non-reportable,Thru lane,unknown,unknown,SMV unattended vehicle,Unknown,Dawn,03 - Dawn,Municipal (excl. Twp. Rd.),No control,unknown,0,0,0,False,False,False,Clear,,True,Road 1: COTTON GRASS ST; Road 2: COMMONWEALTH DR; Vehicle #1     Make:      Model:      Colour:      Style: ; Vehicle #2     Make: WSTR     Model: WB1     Colour: YEL     Style: DP,5/13/2021 11:57:45 AM,,
51007,21008503,1609509600000,2021,1,1,14,0,0,Friday,541244.66244,4806253.74644,-80.490603,43.408041,Non intersection,2,Non-reportable,Thru lane,unknown,unknown,SMV unattended vehicle,Unknown,Daylight,01 - Daylight,Regional municipality,No control,unknown,0,0,0,False,False,False,Clear,,True,Road 1: 81 FOLKSTONE CRESCENT; Vehicle #1     Make: RAM     Model: RTR     Colour: GRY     Style: PK; Vehicle #2     Make: CHEV     Model: CAV     Colour: RED     Style: 4D,12/20/2021 10:55:07 AM,,
51008,21008962,1610451600000,2021,1,12,11,40,0,Tuesday,545245.30433,4803051.27713,-80.441459,43.378975,Non intersection,2,P.D. only,Thru lane,unknown,unknown,Rear end,Unknown,Daylight,01 - Daylight,Regional municipality,No control,unknown,0,0,0,False,False,False,Drifting Snow,,True,Road 1: FOREST CREEK DR; Road 2: ROBERT FERRIE DR; Vehicle #1     Make: HYUN     Model: TUC     Colour: GRY     Style: TY; Vehicle #2     Make: TOYT     Model: RV4     Colour: RED     Style: TY,12/20/2021 10:50:50 AM,,
51009,21009062,1609884900000,2021,1,5,22,15,0,Tuesday,544036.06327,4802432.31585,-80.456436,43.373473999999995,Non intersection,2,P.D. only,Thru lane,unknown,unknown,SMV other,Unknown,Dark,07 - Dark,Municipal (excl. Twp. Rd.),No control,unknown,0,0,0,False,False,False,Clear,,True,Road 1: STAUFFER DR (IFO 500); Road 2: REIDEL DR; Distance: 40.0 M W; Vehicle #1     Make: HYUN     Model: SSE     Colour: WHI     Style: 4D,12/20/2021 10:52:50 AM,,
51010,21009068,1608984900000,2020,12,26,12,15,0,Saturday,539732.76062,4808902.1881,-80.50908299999999,43.43197,At/near private drive,2,Non-reportable,Thru lane,unknown,unknown,Other,Unknown,Daylight,01 - Daylight,Regional municipality,No control,unknown,0,0,0,False,False,False,Snow,,True,Road 1: 195 GATEWOOD RD; Vehicle #1     Make: VOLK     Model: CGD     Colour: BLU     Style: 4B; Vehicle #2     Make:      Model:      Colour:      Style:,5/13/2021 11:55:22 AM,,
51011,21009142,1610466660000,2021,1,12,15,51,0,Tuesday,540344.34396,4812005.01042,-80.501297,43.459875,Non intersection,2,P.D. only,Thru lane,unknown,unknown,SMV other,Unknown,Daylight,01 - Daylight,Municipal (excl. Twp. Rd.),No control,unknown,1,0,0,False,False,False,Snow,,False,Road 1: 514 DUKE ST W (50 km/h); Road 2: DUKE ST W; Distance: 1.0 M N; Vehicle #1     Make: BMW     Model: BX6     Colour: BLK     Style: TY,12/20/2021 10:55:52 AM,,
51012,21009196,1608185400000,2020,12,17,6,10,0,Thursday,536790.74086,4808876.46227,-80.545433,43.431888,Non intersection,2,P.D. only,Thru lane,unknown,unknown,Angle,Unknown,Dark,07 - Dark,Regional municipality,No control,unknown,0,0,0,False,False,False,Snow,,True,Road 1: 905 WOODHURST COURT; Vehicle #1     Make:      Model:      Colour:      Style: ; Vehicle #2     Make: DODG     Model: CHS     Colour: BLU     Style: 4D,5/13/2021 11:54:05 AM,,
51013,21009254,1606656600000,2020,11,29,13,30,0,Sunday,544553.92651,4810515.47453,-80.44938499999999,43.446224,Non intersection,2,P.D. only,Thru lane,unknown,unknown,Other,Unknown,Daylight,01 - Daylight,Regional municipality,No control,unknown,0,0,0,False,False,False,Clear,,True,Road 1: 445 FRANKLIN ST N; Vehicle #1     Make: CHEV     Model: SIL     Colour: RED     Style: PK; Vehicle #2     Make:      Model:      Colour:      Style:,5/13/2021 11:56:37 AM,,
51014,21009357,1610483100000,2021,1,12,20,25,0,Tuesday,544330.52494,4808468.03531,-80.45231199999999,43.427803,At intersection,2,P.D. only,Within intersection,unknown,unknown,Angle,Unknown,"Dark, artificial","08 - Dark, artificial",Municipal (excl. Twp. Rd.),unknown,Functioning,0,0,0,False,False,False,Clear,,False,Road 1: FRANKLIN ST S (50 km/h); Road 2: GREENFIELD AVE (50 km/h); Vehicle #1     Make: DODG     Model: CAR     Colour: RED     Style: VN; Vehicle #2     Make: FORD     Model: SPE     Colour: GRY     Style: TY,12/20/2021 10:47:52 AM,,
51015,21010447,1610597400000,2021,1,14,4,10,0,Thursday,543234.40443,4808715.80734,-80.465834,43.430098,Non intersection,2,P.D. only,Not on roadway - right side,unknown,unknown,SMV other,Unknown,Dark,07 - Dark,Municipal (excl. Twp. Rd.),No control,unknown,0,0,0,False,False,False,Clear,,False,Road 1: 23 VANIER DR (50 km/h); Road 2: VANIER DR; Distance: 10.0 M S; Charged Driver #1 on page 1: HTA 4 (NA) (NA); Vehicle #1     Make: RAM     Model: RTR     Colour: GRY     Style: PK,2/11/2022 11:09:11 AM,,
51016,21010782,1621104780000,2021,5,15,18,53,0,Saturday,536817.12365,4808475.55741,-80.545135,43.428277,Non intersection,2,P.D. only,Thru lane,unknown,unknown,SMV unattended vehicle,Unknown,Daylight,01 - Daylight,Municipal (excl. Twp. Rd.),No control,unknown,1,0,0,False,False,False,Clear,,False,Road 1: WESTMEADOW DR (50 km/h); Road 2: WESTFOREST TRAIL; Distance: 2.0 M E; Vehicle #1     Make: FORD     Model: COF     Colour: BLU     Style: PK; Vehicle #2     Make: TOYT     Model: RV4     Colour: GRY     Style: TY,2/11/2022 11:13:26 AM,,
51017,21011621,1621896420000,2021,5,24,22,47,0,Monday,545275.2634,4806435.01052,-80.440809,43.409441,At intersection,1,Non-fatal injury,Within intersection,unknown,unknown,Angle,Stop sign,Dark,07 - Dark,Regional municipality,Stop sign,Functioning,0,0,0,False,False,False,Clear,,False,Road 1: WABANAKI DR (50 km/h); Road 2: WILSON AVE (50 km/h); Charged Driver #1 on page 1: HTA 142 (NA) (NA); Vehicle #1     Make: HYUN     Model: ESM     Colour: BLU     Style: 4D; Vehicle #2     Make: HYUN     Model: AGS     Colour: RED     Style: 4B,2/11/2022 11:17:10 AM,,
51018,21012521,1622828520000,2021,6,4,17,42,0,Friday,542555.66744,4812548.6242,-80.47392099999999,43.464647,Intersection related,1,Non-fatal injury,Thru lane,unknown,unknown,Angle,Unknown,Daylight,01 - Daylight,Regional municipality,unknown,Functioning,1,0,0,False,False,False,Clear,,False,Road 1: WELLINGTON ST N (50 km/h); Road 2: HIGHWAY 85 (50 km/h); Charged Driver #1 on page 1: HTA 144 (NA) (NA); Vehicle #1     Make: HOND     Model: UDY     Colour: GRY     Style: TY; Vehicle #2     Make: HOND     Model: AXL     Colour: WHI     Style: 4D,8/16/2022 3:05:39 PM,,
51019,21012642,1610828280000,2021,1,16,20,18,0,Saturday,543082.39189,4810049.69824,-80.467607,43.442116999999996,Intersection related,2,P.D. only,Not on roadway - right side,unknown,unknown,SMV other,Unknown,Dark,07 - Dark,Municipal (excl. Twp. Rd.),unknown,Functioning,0,0,0,False,False,False,Clear,,False,Road 1: ROSEDALE AVE (50 km/h); Road 2: SYDNEY ST N (50 km/h); Charged Driver #1 on page 1: NA NA (NA) (NA); Vehicle #1     Make: SUBA     Model: IR4     Colour: GRY     Style: 4W,12/20/2021 10:56:51 AM,,
51020,21013112,1610889900000,2021,1,17,13,25,0,Sunday,539946.14601,4808510.63613,-80.506475,43.428433,At/near private drive,2,P.D. only,Off highway,unknown,unknown,SMV other,Unknown,Daylight,01 - Daylight,Municipal (excl. Twp. Rd.),No control,unknown,0,0,0,False,False,False,Clear,,False,Road 1: 258 GREENBROOK DR (50 km/h); Road 2: GREENBROOK DR; Distance: 10.0 M N; Vehicle #1     Make: KIA     Model: SEV     Colour: BLK     Style: TY,12/20/2021 10:55:37 AM,,
51021,21013360,1642505040000,2022,1,18,11,24,0,Tuesday,545861.86111,4808691.20827,-80.433375,43.429719999999996,Intersection related,1,Non-fatal injury,Within intersection,unknown,unknown,Angle,Unknown,Daylight,01 - Daylight,Municipal (excl. Twp. Rd.),Stop sign,Functioning,0,0,0,False,False,False,Clear,,False,Road 1: MORGAN AVE (50 km/h); Road 2: CENTREVILLE ST (50 km/h); Distance: 5.0 M E; Charged Driver #1 on page 1: NA NA (NA) (NA); Vehicle #1     Make: HINO     Model: HIN     Colour: PLE     Style: CT; Vehicle #2     Make: HOND     Model: UDY     Colour: S,12/22/2022 9:37:12 AM,,
51022,21015484,1610719200000,2021,1,15,14,0,0,Friday,545648.23386,4809093.94526,-80.435981,43.433358999999996,Non intersection,2,P.D. only,Thru lane,unknown,unknown,Other,Unknown,Daylight,01 - Daylight,Municipal (excl. Twp. Rd.),No control,unknown,0,0,0,False,False,False,Clear,,True,Road 1: KINZIE AVE; Road 2: WALKER ST; Vehicle #1     Make: FORD     Model: FE     Colour: GRY     Style: 4D; Vehicle #2     Make: MITS     Model: COT     Colour: WHI     Style: TY,12/20/2021 10:51:18 AM,,
51023,21015603,1611159480000,2021,1,20,16,18,0,Wednesday,545967.91954,4809262.99588,-80.432017,43.434861999999995,At/near private drive,2,Non-reportable,Off highway,unknown,unknown,SMV unattended vehicle,Unknown,Daylight,01 - Daylight,Municipal (excl. Twp. Rd.),No control,unknown,0,0,0,False,False,False,Clear,,True,Road 1: 119 THALER AVE (IFO); Vehicle #1     Make:      Model:      Colour:      Style: ; Vehicle #2     Make: CHEV     Model: CZT     Colour: GRY     Style: 4D,12/20/2021 10:48:35 AM,,
51024,21015609,1610209800000,2021,1,9,16,30,0,Saturday,546328.76529,4812264.26955,-80.427303,43.461863,At/near private drive,2,Non-reportable,Thru lane,unknown,unknown,SMV unattended vehicle,Unknown,Daylight,01 - Daylight,Municipal (excl. Twp. Rd.),No control,unknown,0,0,0,False,False,False,Clear,,True,Road 1: MISTY COURT (IFO 203); Vehicle #1     Make: TOYT     Model: TUN     Colour: GRY     Style: CW; Vehicle #2     Make: GMC     Model: TER     Colour: GRY     Style: TY,12/20/2021 10:48:53 AM,,
51025,21016318,1602520200000,2020,10,12,16,30,0,Monday,541979.49458,4812825.91286,-80.481022,43.467175999999995,Non intersection,2,Non-reportable,Thru lane,unknown,unknown,SMV unattended vehicle,Unknown,Daylight,01 - Daylight,Municipal (excl. Twp. Rd.),No control,unknown,0,0,0,False,False,False,Clear,,True,Road 1: 25 BIRCH AVE (ON THE ROADWAY); Vehicle #1     Make: SUBA     Model: XVC     Colour: SIL     Style: TY; Vehicle #2     Make: DODG     Model: RPC     Colour: GRY     Style: CW,5/13/2021 11:56:43 AM,,
51026,21016362,1601764200000,2020,10,3,22,30,0,Saturday,541057.71854,4811034.02971,-80.492552,43.451093,At intersection,2,Non-reportable,Within intersection,unknown,unknown,Rear end,Unknown,Dark,07 - Dark,Regional municipality,Traffic signal,Functioning,0,0,0,False,False,False,Clear,,True,Road 1: KING ST W; Road 2: GAUKEL ST; Vehicle #1     Make:      Model:      Colour:      Style: ; Vehicle #2     Make: CHEV     Model: EQU     Colour: BLU     Style: TY,5/13/2021 11:50:46 AM,,