OBJECTID,ACCIDENTNUM,ACCIDENTDATE,ACCIDENT_YEAR,ACCIDENT_MONTH,ACCIDENT_DAY,ACCIDENT_HOUR,ACCIDENT_MINUTE,ACCIDENT_SECOND,ACCIDENT_WEEKDAY,XCOORD,YCOORD,LONGITUDE,LATITUDE,ACCIDENTLOCATION,COLLISIONTYPE,CLASSIFICATIONOFACCIDENT,IMPACTLOCATION,INITIALDIRECTIONOFTRAVELONE,INITIALDIRECTIONOFTRAVELTWO,INITIALIMPACTTYPE,INTTRAFFICCONTROL,LIGHT,LIGHTFORREPORT,ROADJURISDICTION,TRAFFICCONTROL,TRAFFICCONTROLCONDITION,THRULANENO,NORTHBOUNDDISOBEYCOUNT,SOUTHBOUNDDISOBEYCOUNT,PEDESTRIANINVOLVED,CYCLISTINVOLVED,MOTORCYCLISTINVOLVED,ENVIRONMENTCONDITION1,ENVIRONMENTCONDITION2,SELFREPORTED,XMLIMPORTNOTES,LASTEDITEDDATE,CREATE_BY,CREATE_DATE
51027,21016374,1602338400000,2020,10,10,14,0,0,Saturday,543544.42171,4809126.05017,-80.46197099999999,43.433772999999995,Non intersection,2,Non-reportable,Thru lane,unknown,unknown,SMV unattended vehicle,Unknown,Daylight,01 - Daylight,Municipal (excl. Twp. Rd.),No control,unknown,0,0,0,False,False,False,Clear,,True,Road 1: 70 CORNELL AVE (ON ROADWAY IN FRONT OF 70); Vehicle #1     Make:      Model:      Colour:      Style: ; Vehicle #2     Make: MAZD     Model: MA5     Colour: BLK     Style: 4B,5/13/2021 11:56:39 AM,,
51028,21016518,1601670600000,2020,10,2,20,30,0,Friday,539065.59057,4806661.77045,-80.51748599999999,43.411832,At/near private drive,2,Non-reportable,Thru lane,unknown,unknown,SMV unattended vehicle,Unknown,Dark,07 - Dark,Municipal (excl. Twp. Rd.),No control,unknown,0,0,0,False,False,False,Clear,,True,Road 1: 30 WATERCRESS COURT; Vehicle #1     Make:      Model:      Colour:      Style: ; Vehicle #2     Make: TOYT     Model: PRI     Colour: BLK     Style: 4B,5/13/2021 11:56:41 AM,,
51029,21017113,1600788600000,2020,9,22,15,30,0,Tuesday,542506.93449,4806170.1499,-80.47502,43.407218,Non intersection,2,Non-reportable,Thru lane,unknown,unknown,Rear end,Unknown,Daylight,01 - Daylight,Regional municipality,No control,unknown,0,0,0,False,False,False,Clear,,True,Road 1: 975 STRASBURG RD; Vehicle #1     Make:      Model:      Colour:      Style: ; Vehicle #2     Make: FORD     Model: COF     Colour: RED     Style: PK,5/13/2021 11:36:45 AM,,
51030,21017316,1600012800000,2020,9,13,16,0,0,Sunday,543244.36886,4806681.35028,-80.46587199999999,43.411778999999996,Non intersection,2,Non-reportable,Thru lane,unknown,unknown,SMV unattended vehicle,Unknown,Daylight,01 - Daylight,Municipal (excl. Twp. Rd.),No control,unknown,0,0,0,False,False,False,Clear,,True,Road 1: 14 MARTINGLEN CRESCENT (ON THE ROADWAY); Vehicle #1     Make:      Model:      Colour:      Style: ; Vehicle #2     Make: DODG     Model: AVN     Colour: BLU     Style: 4D,5/13/2021 11:24:58 AM,,
51031,21020204,1611667200000,2021,1,26,13,20,0,Tuesday,543984.91837,4809244.75232,-80.456519,43.434816,Non intersection,2,P.D. only,Thru lane,unknown,unknown,Angle,Unknown,Daylight,01 - Daylight,Municipal (excl. Twp. Rd.),No control,unknown,0,0,0,False,False,False,Snow,,True,Road 1: FIRST AVE; Road 2: KINGSWAY DR; Vehicle #1     Make: MAZD     Model: 3GT     Colour: WHI     Style: 4D; Vehicle #2     Make: DODG     Model: JOU     Colour: SIL     Style: TY,12/20/2021 10:55:15 AM,,
51032,21020354,1611680400000,2021,1,26,17,0,0,Tuesday,538843.36335,4809022.3413,-80.520063,43.433098,At/near private drive,2,P.D. only,Thru lane,unknown,unknown,SMV unattended vehicle,Unknown,Dusk,05 - Dusk,Municipal (excl. Twp. Rd.),No control,unknown,0,0,0,False,False,False,Snow,,True,Road 1: 97 RALGREEN CRESCENT; Vehicle #1     Make: FORD     Model: RNG     Colour: WHI     Style: FV; Vehicle #2     Make: KIA     Model: ROL     Colour: RED     Style: 4W,12/20/2021 10:55:41 AM,,
51033,21021712,1611564900000,2021,1,25,8,55,0,Monday,543388.33721,4810029.65651,-80.46382799999999,43.441919,At/near private drive,2,P.D. only,Thru lane,unknown,unknown,Rear end,Unknown,Daylight,01 - Daylight,Municipal (excl. Twp. Rd.),No control,unknown,0,0,0,False,False,False,Clear,,True,Road 1: 22 RAYMOND RD; Vehicle #1     Make: FORD     Model: CTV     Colour: WHI     Style: BU; Vehicle #2     Make: BMW     Model: C3I     Colour: GRY     Style: 4D,12/20/2021 10:52:59 AM,,
51034,21021754,1611229800000,2021,1,21,11,50,0,Thursday,546608.10345,4809835.63771,-80.424058,43.439977999999996,Non intersection,2,Non-reportable,Thru lane,unknown,unknown,SMV unattended vehicle,Unknown,Daylight,01 - Daylight,Municipal (excl. Twp. Rd.),No control,unknown,0,0,0,False,False,False,Snow,,True,Road 1: 3 LYNN COURT (ON THE ROADWAY); Vehicle #1     Make: MAZD     Model: CX5     Colour: BLK     Style: TY; Vehicle #2     Make: TOYT     Model: MTL     Colour: GRY     Style: 4D,12/20/2021 10:52:52 AM,,
51035,21021912,1611851400000,2021,1,28,16,30,0,Thursday,539815.09545,4805988.86337,-80.50827799999999,43.405733,Intersection related,2,P.D. only,Thru lane,unknown,unknown,Rear end,Unknown,Daylight,01 - Daylight,Municipal (excl. Twp. Rd.),unknown,Functioning,0,0,0,False,False,False,Clear,,True,Road 1: COPPER LEAF ST; Road 2: ACTIVA; Vehicle #1     Make: MAZD     Model: 3TR     Colour: SIL     Style: 4B; Vehicle #2     Make: KIA     Model: FNG     Colour: RED     Style: 4D,12/20/2021 10:54:18 AM,,
51036,21021918,1632268860000,2021,9,22,0,1,0,Wednesday,541876.04135,4811808.95961,-80.482379,43.458026,At intersection,2,P.D. only,Within intersection,unknown,unknown,Angle,Unknown,Dark,07 - Dark,Municipal (excl. Twp. Rd.),unknown,Functioning,0,0,0,False,False,False,Rain,,False,Road 1: LANCASTER ST E (40 km/h); Road 2: QUEEN ST N (40 km/h); Charged Driver #1 on page 1: HTA 139 (NA) (NA); Vehicle #1     Make: ACUR     Model: 32T     Colour: BLK     Style: 4D; Vehicle #2     Make: TOYT     Model: SIE     Colour: GRY     Style: VN,1/3/2023 10:18:31 AM,,
51037,21022603,1599132600000,2020,9,3,11,30,0,Thursday,541804.29276,4803871.89539,-80.483873,43.386564,Non intersection,2,Non-reportable,Thru lane,unknown,unknown,SMV unattended vehicle,Unknown,Daylight,01 - Daylight,Municipal (excl. Twp. Rd.),No control,unknown,0,0,0,False,False,False,Clear,,True,Road 1: WOODBINE CT (CONSTRUCTION ZONE); Road 2: WOODBINE AVE; Vehicle #1     Make: HINO     Model: HIN     Colour: WHI     Style: CT; Vehicle #2     Make: OLDS     Model: AGX     Colour: GRY     Style: 4D,5/13/2021 11:26:14 AM,,
51038,21023413,1599163200000,2020,9,3,20,0,0,Thursday,539613.23061,4805518.19672,-80.51080499999999,43.401506,At/near private drive,2,Non-reportable,Thru lane,unknown,unknown,SMV unattended vehicle,Unknown,Dark,07 - Dark,Municipal (excl. Twp. Rd.),No control,unknown,0,0,0,False,False,False,Clear,,True,Road 1: 74 SWEET WILLIAM ST (IN FRONT OF 74 SWEET WILLIAM); Vehicle #1     Make:      Model:      Colour:      Style: ; Vehicle #2     Make: NISS     Model: ROG     Colour: BLK     Style: TY,5/13/2021 11:26:18 AM,,
51039,21023432,1599060600000,2020,9,2,15,30,0,Wednesday,541126.42707,4811100.66682,-80.491698,43.45169,Non intersection,2,Non-reportable,Thru lane,unknown,unknown,SMV unattended vehicle,Unknown,Daylight,01 - Daylight,Municipal (excl. Twp. Rd.),No control,unknown,0,0,0,False,False,False,Clear,,True,Road 1: YOUNG ST; Road 2: DUKE ST W; Vehicle #1     Make: RAM     Model: RPR     Colour: WHI     Style: FV; Vehicle #2     Make: VOLK     Model: TO2     Colour: GRN     Style: TY,5/13/2021 11:27:12 AM,,
51040,21023463,1587315360000,2020,4,19,16,56,0,Sunday,544264.43478,4807791.88392,-80.453183,43.421718,At/near private drive,2,Non-reportable,Thru lane,unknown,unknown,SMV unattended vehicle,Unknown,Daylight,01 - Daylight,Municipal (excl. Twp. Rd.),No control,unknown,0,0,0,False,False,False,Clear,,True,Road 1: REYBURN AVE (IFO 78); Vehicle #1     Make:      Model:      Colour:      Style: ; Vehicle #2     Make: SUBA     Model: BLB     Colour: BLU     Style: 2D,5/13/2021 11:35:15 AM,,
51041,21023534,1611718200000,2021,1,27,3,30,0,Wednesday,548203.7017,4806873.70979,-80.404603,43.413208,Non intersection,2,Non-reportable,Thru lane,unknown,unknown,SMV other,Unknown,Dark,07 - Dark,Municipal (excl. Twp. Rd.),No control,unknown,0,0,0,False,False,False,Clear,,True,Road 1: GRAND HILL DR; Road 2: THE CRESTWAY; Vehicle #1     Make: TOYT     Model: MTL     Colour: RED     Style: 4D,12/20/2021 10:56:07 AM,,
51042,21024195,1634504400000,2021,10,17,21,0,0,Sunday,539705.85983,4805445.6009,-80.509666,43.400847999999996,At/near private drive,2,P.D. only,Thru lane,unknown,unknown,SMV unattended vehicle,Unknown,Dark,07 - Dark,Municipal (excl. Twp. Rd.),No control,unknown,1,0,0,False,False,False,Rain,,False,Road 1: 14 PERIWINKLE ST (50 km/h); Road 2: PERIWINKLE ST; Distance: 5.0 M N; Vehicle #1     Make: DODG     Model: CCX     Colour: BLK     Style: 4D; Vehicle #2     Make: TOYT     Model: RG4     Colour: GRY     Style: TY,4/22/2022 2:26:55 PM,,
51043,21024402,1634730720000,2021,10,20,11,52,0,Wednesday,541424.28901,4811534.69967,-80.487984,43.455580999999995,At intersection,2,P.D. only,Right turn lane,unknown,unknown,SMV other,Unknown,Daylight,01 - Daylight,Municipal (excl. Twp. Rd.),unknown,Functioning,0,0,0,False,False,False,Rain,,False,Road 1: MARGARET AVE (50 km/h); Road 2: MAYNARD AVE (50 km/h); Vehicle #1     Make: KIA     Model: RI5     Colour: GRY     Style: 4B,4/22/2022 2:26:13 PM,,
51044,21025185,1612209600000,2021,2,1,20,0,0,Monday,540172.58758,4809415.16731,-80.50361099999999,43.436564999999995,Intersection related,2,P.D. only,Thru lane,unknown,unknown,Sideswipe,Unknown,Dark,07 - Dark,Municipal (excl. Twp. Rd.),unknown,Functioning,0,0,0,False,False,False,Clear,,True,Road 1: QUEENS BLVD; Road 2: BELMONT AVE E; Vehicle #1     Make: MAZD     Model: M6I     Colour: SIL     Style: 4D; Vehicle #2     Make: JEEP     Model: CHK     Colour: RED     Style: TY,12/20/2021 10:52:34 AM,,
51045,21025743,1612267200000,2021,2,2,12,0,0,Tuesday,542303.86958,4803942.82903,-80.4777,43.387173999999995,Non intersection,2,Non-reportable,Thru lane,unknown,unknown,SMV unattended vehicle,Unknown,Daylight,01 - Daylight,Municipal (excl. Twp. Rd.),No control,Not applicable,0,0,0,False,False,False,Clear,,True,Road 1: 196 MAITLAND ST; Vehicle #1     Make:      Model:      Colour:      Style: ; Vehicle #2     Make: JEEP     Model: CMP     Colour: BLK     Style: TY,12/20/2021 10:51:21 AM,,
51046,21025860,1612282680000,2021,2,2,16,18,0,Tuesday,546749.10536,4811093.796,-80.422208,43.451298,At/near private drive,2,P.D. only,Thru lane,unknown,unknown,Sideswipe,Unknown,Daylight,01 - Daylight,Municipal (excl. Twp. Rd.),No control,unknown,1,0,0,False,False,False,Clear,,False,Road 1: 46 ZELLER DR (50 km/h); Road 2: ZELLER DR; Distance: 6.0 M S; Vehicle #1     Make: PETE     Model:      Colour:      Style: ; Vehicle #2     Make: NISS     Model: ATL     Colour: GRY     Style: 4D,12/20/2021 10:53:29 AM,,
51047,21026361,1612345380000,2021,2,3,9,43,0,Wednesday,541059.45304,4809626.65965,-80.492637,43.438421,Non intersection,1,Non-fatal injury,Not on roadway - left side,unknown,unknown,SMV other,Unknown,Daylight,01 - Daylight,Regional municipality,No control,unknown,0,0,0,False,False,False,Clear,,False,Road 1: 174 HIGHLAND RD E (50 km/h); Road 2: HIGHLAND RD E; Distance: 20.0 M W; Charged Driver #1 on page 1: HTA 320.16 (NA) (NA); Vehicle #1     Make: GMC     Model: YUK     Colour: GRY     Style: TY,1/3/2023 10:10:48 AM,,
51048,21026616,1612364640000,2021,2,3,15,4,0,Wednesday,541142.69265,4806764.34568,-80.491824,43.412644,At intersection,2,P.D. only,Thru lane,unknown,unknown,Rear end,Unknown,Daylight,01 - Daylight,Regional municipality,unknown,unknown,0,0,0,False,False,False,Clear,,True,Road 1: STRASBURG RD; Road 2: BLOCK LINE RD COUNTRY HILLS WEST KITCHENER; Vehicle #1     Make: HYUN     Model: SFT     Colour: SIL     Style: TY; Vehicle #2     Make: JEEP     Model: GCK     Colour: BLK     Style: TY,12/20/2021 10:52:13 AM,,
51049,21026930,1612395720000,2021,2,3,23,42,0,Wednesday,544610.50705,4809092.40901,-80.448802,43.433408,At intersection,2,P.D. only,Within intersection,unknown,unknown,Turning movement,Unknown,Dark,07 - Dark,Municipal (excl. Twp. Rd.),unknown,Functioning,0,0,0,False,False,False,Clear,,False,Road 1: FRANKLIN ST S (50 km/h); Road 2: KINGSWAY DR (50 km/h); Distance: 7.0 M W; Vehicle #1     Make: HYUN     Model: HEL     Colour: RED     Style: 4D; Vehicle #2     Make: HOND     Model: UAX     Colour: BLU     Style: 2D,12/20/2021 10:52:43 AM,,
51050,21027225,1612249200000,2021,2,2,7,0,0,Tuesday,538960.59349,4805626.16709,-80.518856,43.402513,At/near private drive,2,Non-reportable,Off highway,unknown,unknown,SMV unattended vehicle,Unknown,Dawn,03 - Dawn,Municipal (excl. Twp. Rd.),No control,unknown,0,0,0,False,False,False,Clear,,True,Road 1: 5 SNOWDROP CRESCENT (IN DRIVEWAY); Vehicle #1     Make:      Model:      Colour:      Style: ; Vehicle #2     Make: HOND     Model: UDY     Colour: PLE     Style: TY,12/20/2021 10:51:23 AM,,
51051,21027231,1612074600000,2021,1,31,6,30,0,Sunday,541613.69735,4810810.86453,-80.485698,43.449053,At/near private drive,2,Non-reportable,Off highway,unknown,unknown,SMV other,Unknown,Dark,07 - Dark,Municipal (excl. Twp. Rd.),No control,unknown,0,0,0,False,False,False,Clear,,True,Road 1: 19 SCOTT ST (DRIVEWAY); Vehicle #1     Make: DODG     Model: JOU     Colour: SIL     Style: TY,12/20/2021 10:51:40 AM,,
51052,21027511,1612458000000,2021,2,4,17,0,0,Thursday,545079.41474,4813534.53694,-80.442641,43.473375999999995,At intersection,2,Non-reportable,Within intersection,unknown,unknown,Rear end,Unknown,Daylight,01 - Daylight,Municipal (excl. Twp. Rd.),unknown,Functioning,0,0,0,False,False,False,Clear,,True,Road 1: SHIRLEY DR; Road 2: BINGEMANS CENTRE DR; Vehicle #1     Make: HYUN     Model: EGM     Colour: GRY     Style: 4D; Vehicle #2     Make: TOYT     Model: CUB     Colour: GRY     Style: 4D,12/20/2021 10:49:56 AM,,
51053,21027956,1612558800000,2021,2,5,21,0,0,Friday,540279.72487,4812043.15097,-80.502093,43.460221999999995,At/near private drive,2,P.D. only,Thru lane,unknown,unknown,SMV unattended vehicle,Unknown,Dark,07 - Dark,Municipal (excl. Twp. Rd.),No control,unknown,0,0,0,False,False,False,Clear,,True,Road 1: 237 GUELPH ST; Vehicle #1     Make: INTL     Model: 70S     Colour: WHI     Style: DP; Vehicle #2     Make: FIAT     Model: 5LG     Colour: GRN     Style: 2B,12/20/2021 10:55:39 AM,,
51054,21028197,1612537680000,2021,2,5,15,8,0,Friday,545034.25954,4807867.75649,-80.443668,43.422356,At intersection,1,Non-fatal injury,Within intersection,unknown,unknown,SMV other,Unknown,Daylight,01 - Daylight,Municipal (excl. Twp. Rd.),unknown,Functioning,0,0,0,True,False,False,Strong wind,,False,Road 1: WILSON AVE (50 km/h); Road 2: KINGSWAY DR (50 km/h); Vehicle #1     Make: BUIC     Model: UXL     Colour: RED     Style: 4D,12/20/2021 10:52:02 AM,,
51055,21028570,1612570800000,2021,2,6,0,20,0,Saturday,545056.6785,4803012.55941,-80.44379099999999,43.378637999999995,Non intersection,2,P.D. only,Left shoulder,unknown,unknown,SMV other,Unknown,"Dark, artificial","08 - Dark, artificial",Municipal (excl. Twp. Rd.),No control,unknown,0,0,0,False,False,False,Clear,,False,Road 1: 213 EVENS POND CRESCENT (50 km/h); Road 2: EVENS POND CRES; Distance: 10.0 M S; Vehicle #1     Make: TESL     Model: 3     Colour: BLK     Style: 4D,12/20/2021 10:50:28 AM,,
51056,21028846,1612612140000,2021,2,6,11,49,0,Saturday,539677.0367,4806484.20767,-80.509947,43.410201,Intersection related,2,P.D. only,Within intersection,unknown,unknown,Angle,Unknown,Daylight,01 - Daylight,Municipal (excl. Twp. Rd.),unknown,Functioning,0,0,0,False,False,False,Clear,,False,Road 1: ACTIVA AVE (50 km/h); Road 2: WILDERNESS DR (50 km/h); Charged Driver #1 on page 1: NA NA (NA) (NA); Vehicle #1     Make: TOYO     Model: HAT     Colour: RED     Style: 2B; Vehicle #2     Make: CHEV     Model: CZL     Colour: BLK     Style: 4D,12/20/2021 10:56:46 AM,,
51057,21028931,1612557420000,2021,2,5,20,37,0,Friday,545397.51525,4812228.52659,-80.438817,43.461597999999995,At/near private drive,2,P.D. only,Thru lane,unknown,unknown,SMV unattended vehicle,Unknown,Dark,07 - Dark,Municipal (excl. Twp. Rd.),No control,unknown,1,0,0,False,False,False,Snow,,False,Road 1: WIMBLETON CRESCENT (50 km/h); Road 2: LORRAINE AVE; Distance: 25.0 M W; Vehicle #1     Make:      Model: -     Colour:      Style: ; Vehicle #2     Make: CHEV     Model: SIL     Colour: WHI     Style: PK,12/20/2021 10:50:26 AM,,
51058,21029917,1612732500000,2021,2,7,21,15,0,Sunday,547770.90277,4810989.17361,-80.409589,43.450291,At intersection,2,P.D. only,Within intersection,unknown,unknown,SMV other,Unknown,"Dark, artificial","08 - Dark, artificial",Municipal (excl. Twp. Rd.),unknown,Functioning,0,0,0,True,False,False,Clear,,False,Road 1: ZELLER DR (50 km/h); Road 2: PEBBLECREEK DR (50 km/h); Vehicle #1     Make:      Model: -     Colour:      Style:,12/20/2021 10:49:37 AM,,
51059,21030307,1612789020000,2021,2,8,12,57,0,Monday,543568.91975,4804977.50012,-80.46199899999999,43.396418,At intersection,2,P.D. only,Within intersection,unknown,unknown,Angle,Unknown,Daylight,01 - Daylight,Regional municipality,unknown,Functioning,0,0,0,False,False,False,Clear,,False,Road 1: HURON RD (50 km/h); Road 2: BATTLER RD (50 km/h); Vehicle #1     Make: CHEV     Model: VTL     Colour: SIL     Style: 4B; Vehicle #2     Make: FORD     Model: FSE     Colour: BLU     Style: 4D; Vehicle #3     Make: FRHT     Model: FM2     Colour: ,12/20/2021 10:50:00 AM,,
51060,21030658,1612827420000,2021,2,8,23,37,0,Monday,540318.25393,4811877.7732,-80.501629,43.458731,Non intersection,2,P.D. only,Not on roadway - right side,unknown,unknown,SMV other,Unknown,"Dark, artificial","08 - Dark, artificial",Municipal (excl. Twp. Rd.),No control,unknown,0,0,0,False,False,False,Snow,,False,Road 1: WATERLOO ST (50 km/h); Road 2: SHANLEY ST; Distance: 200.0 M N; Charged Driver #1 on page 1: NA NA (NA) (NA); Vehicle #1     Make: MITS     Model: OUT     Colour: BRN     Style: TY,12/20/2021 10:57:01 AM,,
51061,21031028,1612880100000,2021,2,9,14,15,0,Tuesday,540092.14378,4808379.58551,-80.50468099999999,43.427245,Non intersection,2,Non-reportable,Thru lane,unknown,unknown,Sideswipe,Unknown,Daylight,01 - Daylight,Municipal (excl. Twp. Rd.),No control,unknown,0,0,0,False,False,False,Clear,,True,Road 1: VILLAGE RD; Road 2: WESTMOUNT RD; Vehicle #1     Make: CHEV     Model: EXP     Colour: YEL     Style: BU; Vehicle #2     Make: TOYT     Model: UCS     Colour: GRY     Style: 4D,12/20/2021 10:53:14 AM,,
51062,21031115,1610285400000,2021,1,10,13,30,0,Sunday,549488.9957,4806210.87105,-80.38878799999999,43.407156,At intersection,2,P.D. only,Thru lane,unknown,unknown,Rear end,Unknown,Daylight,01 - Daylight,Municipal (excl. Twp. Rd.),unknown,Functioning,0,0,0,False,False,False,Clear,,True,Road 1: TU-LANE ST; Road 2: GATEWAY PARK DR; Vehicle #1     Make: CHEV     Model: SIL     Colour: BLK     Style: PK; Vehicle #2     Make:      Model:      Colour:      Style:,12/20/2021 10:49:40 AM,,
51063,21031480,1612933080000,2021,2,10,4,58,0,Wednesday,542239.3859,4806971.05632,-80.478262,43.414443999999996,Non intersection,2,P.D. only,Right shoulder,unknown,unknown,SMV other,Unknown,Dark,07 - Dark,Regional municipality,No control,unknown,0,0,0,False,False,False,Clear,,False,Road 1: 695 STRASBURG RD (50 km/h); Road 2: STRASBURG RD; Distance: 27.0 M N; Charged Driver #1 on page 1: NA NA (NA) (NA); Vehicle #1     Make: TOYT     Model: CH4     Colour: GRY     Style: 4D,4/22/2022 2:25:09 PM,,
51064,21031965,1612436700000,2021,2,4,11,5,0,Thursday,544503.58965,4807178.46194,-80.450279,43.416180999999995,Non intersection,2,P.D. only,Thru lane,unknown,unknown,Other,Unknown,Daylight,01 - Daylight,Municipal (excl. Twp. Rd.),No control,unknown,0,0,0,False,False,False,Clear,,True,Road 1: CRESS LN; Road 2: MANITOU DR; Vehicle #1     Make: CHEV     Model: OP5     Colour: RED     Style: 4B; Vehicle #2     Make: LNDR     Model: RRV     Colour: BLK     Style: TY,12/20/2021 10:50:30 AM,,
51065,21031978,1612728000000,2021,2,7,20,0,0,Sunday,542929.33745,4803928.16443,-80.469979,43.387007,Non intersection,2,Non-reportable,Thru lane,unknown,unknown,SMV unattended vehicle,Unknown,Dark,07 - Dark,Municipal (excl. Twp. Rd.),No control,unknown,0,0,0,False,False,False,Snow,,True,Road 1: NEWCASTLE DR (IFO 88); Vehicle #1     Make:      Model:      Colour:      Style: ; Vehicle #2     Make: KIA     Model: RBL     Colour: SIL     Style: 4B,12/20/2021 10:54:44 AM,,
51066,21031989,1612171800000,2021,2,1,9,30,0,Monday,545588.34594,4807850.56159,-80.436824,43.422166999999995,Non intersection,2,P.D. only,Thru lane,unknown,unknown,Sideswipe,Unknown,Daylight,01 - Daylight,Regional municipality,No control,unknown,0,0,0,False,False,False,Clear,,True,Road 1: WABANAKI DR; Road 2: FAIRWAY RD S; Vehicle #1     Make: KIA     Model: ROL     Colour: BLU     Style: SW; Vehicle #2     Make:      Model:      Colour:      Style:,12/20/2021 10:50:33 AM,,
51067,21031992,1612339800000,2021,2,3,8,10,0,Wednesday,545303.73629,4811100.03529,-80.44006999999999,43.451443,At/near private drive,2,Non-reportable,Thru lane,unknown,unknown,Angle,Unknown,Daylight,01 - Daylight,Municipal (excl. Twp. Rd.),No control,unknown,0,0,0,False,False,False,Clear,,True,Road 1: OLD CHICOPEE DR (IFO 23); Road 2: OTTAWA ST N; Vehicle #1     Make: DODG     Model: RPC     Colour: RED     Style: CW; Vehicle #2     Make: RAM     Model: RTR     Colour: SIL     Style: CW,12/20/2021 10:54:39 AM,,
51068,21032303,1612781100000,2021,2,8,10,45,0,Monday,538692.54005,4808592.6386,-80.521957,43.429237,At/near private drive,2,P.D. only,Thru lane,unknown,unknown,Sideswipe,Unknown,Daylight,01 - Daylight,Municipal (excl. Twp. Rd.),No control,unknown,0,0,0,False,False,False,Clear,,True,Road 1: 1500 QUEEN'S BLVD; Vehicle #1     Make: HOND     Model: UEX     Colour: RED     Style: 2D; Vehicle #2     Make: KIA     Model: RIL     Colour: BLU     Style: 4B,12/20/2021 10:51:29 AM,,
51069,21032819,1609669800000,2021,1,3,10,30,0,Sunday,543182.45891,4811451.48202,-80.466259,43.454733,At/near private drive,2,P.D. only,Thru lane,unknown,unknown,SMV unattended vehicle,Unknown,Daylight,01 - Daylight,Municipal (excl. Twp. Rd.),No control,unknown,0,0,0,False,False,False,Clear,,True,Road 1: KRUG ST; Road 2: BECKER ST; Vehicle #1     Make:      Model:      Colour:      Style: ; Vehicle #2     Make: HOND     Model: UCL     Colour: GRY     Style: 4D,12/20/2021 10:50:10 AM,,
51070,21033302,1611439800000,2021,1,23,22,10,0,Saturday,541359.42794,4812629.60658,-80.48870199999999,43.465443,At/near private drive,2,Non-reportable,Thru lane,unknown,unknown,SMV unattended vehicle,Unknown,Dark,07 - Dark,Municipal (excl. Twp. Rd.),No control,unknown,0,0,0,False,False,False,Clear,,True,Road 1: 169 EDWIN ST; Vehicle #1     Make:      Model:      Colour:      Style: ; Vehicle #2     Make: FORD     Model: FKS     Colour: GRY     Style: 4D,12/20/2021 10:54:42 AM,,
51071,21033406,1611496800000,2021,1,24,14,0,0,Sunday,549651.01575,4805822.31036,-80.38682299999999,43.403647,Non intersection,2,P.D. only,Thru lane,unknown,unknown,Other,Unknown,Daylight,01 - Daylight,Regional municipality,No control,unknown,0,0,0,False,False,False,Clear,,True,Road 1: 19 EDGEHILL DR; Vehicle #1     Make: JEEP     Model: WUL     Colour: BLU     Style: TY; Vehicle #2     Make: JEEP     Model: GCK     Colour: BLK     Style: TY,12/20/2021 10:55:18 AM,,
51072,21034362,1613231100000,2021,2,13,15,45,0,Saturday,544710.80176,4811717.1528,-80.44734799999999,43.457035,Non intersection,2,P.D. only,Thru lane,unknown,unknown,SMV unattended vehicle,Unknown,Daylight,01 - Daylight,Municipal (excl. Twp. Rd.),No control,unknown,1,0,0,False,False,False,Clear,,False,Road 1: BAIRD AVE (50 km/h); Road 2: GIBSON DR; Distance: 200.0 K N; Vehicle #1     Make: RAM     Model: RPR     Colour: WHI     Style: FV; Vehicle #2     Make: MAZD     Model: 3TR     Colour: SIL     Style: 4D,1/3/2023 10:09:53 AM,,
51073,21034553,1613255520000,2021,2,13,22,32,0,Saturday,544330.55574,4808468.00502,-80.45231199999999,43.427802,At intersection,2,P.D. only,Within intersection,unknown,unknown,Angle,Unknown,Dark,07 - Dark,Municipal (excl. Twp. Rd.),unknown,Functioning,0,0,0,False,False,False,Snow,,False,Road 1: FRANKLIN ST S (50 km/h); Road 2: GREENFIELD AVE (50 km/h); Charged Driver #1 on page 1: NA NA (NA) (NA); Vehicle #1     Make: FORD     Model: FE     Colour: BLU     Style: 4D; Vehicle #2     Make: TOYT     Model: MTL     Colour: WHI     Style: 4D,12/20/2021 10:56:38 AM,,
51074,21034581,1613254080000,2021,2,13,22,8,0,Saturday,543646.91162,4811769.17817,-80.460494,43.457566,Intersection related,2,P.D. only,Right shoulder,unknown,unknown,SMV other,Unknown,"Dark, artificial","08 - Dark, artificial",Municipal (excl. Twp. Rd.),unknown,unknown,0,0,0,False,False,False,Clear,,False,Road 1: SHERWOOD AVE (50 km/h); Road 2: KRUG ST (50 km/h); Vehicle #1     Make: BUIC     Model: RNR     Colour: BLK     Style: TY,12/20/2021 10:51:54 AM,,
51075,21034718,1613291400000,2021,2,14,8,30,0,Sunday,543567.78878,4809972.47914,-80.461615,43.441393,Non intersection,2,P.D. only,Thru lane,unknown,unknown,SMV unattended vehicle,Unknown,Daylight,01 - Daylight,Municipal (excl. Twp. Rd.),No control,unknown,0,0,0,False,False,False,Clear,,True,Road 1: BRENTWOOD AVE; Road 2: JACKSON AVE; Vehicle #1     Make: HOND     Model: CS3     Colour: WHI     Style: 4D; Vehicle #2     Make: DODG     Model: RPC     Colour: GRY     Style: CW,12/20/2021 10:51:25 AM,,