OBJECTID,ACCIDENTNUM,ACCIDENTDATE,ACCIDENT_YEAR,ACCIDENT_MONTH,ACCIDENT_DAY,ACCIDENT_HOUR,ACCIDENT_MINUTE,ACCIDENT_SECOND,ACCIDENT_WEEKDAY,XCOORD,YCOORD,LONGITUDE,LATITUDE,ACCIDENTLOCATION,COLLISIONTYPE,CLASSIFICATIONOFACCIDENT,IMPACTLOCATION,INITIALDIRECTIONOFTRAVELONE,INITIALDIRECTIONOFTRAVELTWO,INITIALIMPACTTYPE,INTTRAFFICCONTROL,LIGHT,LIGHTFORREPORT,ROADJURISDICTION,TRAFFICCONTROL,TRAFFICCONTROLCONDITION,THRULANENO,NORTHBOUNDDISOBEYCOUNT,SOUTHBOUNDDISOBEYCOUNT,PEDESTRIANINVOLVED,CYCLISTINVOLVED,MOTORCYCLISTINVOLVED,ENVIRONMENTCONDITION1,ENVIRONMENTCONDITION2,SELFREPORTED,XMLIMPORTNOTES,LASTEDITEDDATE,CREATE_BY,CREATE_DATE
51125,21050540,1615041660000,2021,3,6,14,41,0,Saturday,545168.64796,4809088.86385,-80.441906,43.433341999999996,At/near private drive,1,Non-fatal injury,Thru lane,unknown,unknown,Turning movement,Unknown,Daylight,01 - Daylight,Municipal (excl. Twp. Rd.),No control,unknown,1,0,0,False,False,False,Clear,,False,Road 1: FERGUS AVE (50 km/h); Road 2: WEBER ST E; Distance: 20.0 M S; Charged Driver #1 on page 1: NA NA (NA) (NA); Vehicle #1     Make: ACUR     Model: IES     Colour: BLU     Style: 4D; Vehicle #2     Make: KIA     Model: SPO     Colour: BLU     Style: ,12/20/2021 10:56:14 AM,,
51126,21050987,1615064400000,2021,3,6,21,0,0,Saturday,539309.56166,4806739.75379,-80.514467,43.412521,At/near private drive,2,Non-reportable,Thru lane,unknown,unknown,SMV unattended vehicle,Unknown,Dark,07 - Dark,Municipal (excl. Twp. Rd.),No control,unknown,0,0,0,False,False,False,Clear,,True,Road 1: GREY FOX DR (IFO 256); Road 2: WILDERNESS DR; Vehicle #1     Make:      Model:      Colour:      Style: ; Vehicle #2     Make: HYUN     Model: ESM     Colour: WHI     Style: 4D,12/20/2021 10:53:53 AM,,
51127,21051221,1614946500000,2021,3,5,12,15,0,Friday,547364.26186,4808123.58486,-80.414863,43.424515,Non intersection,2,Non-reportable,Thru lane,unknown,unknown,SMV other,Unknown,Daylight,01 - Daylight,Regional municipality,No control,unknown,0,0,0,False,False,False,Clear,,True,Road 1: KING ST E; Road 2: STONEGATE DR; Vehicle #1     Make: HOND     Model: UDY     Colour: SIL     Style: TY,12/20/2021 10:56:04 AM,,
51128,21051229,1613551500000,2021,2,17,8,45,0,Wednesday,541698.22425,4804136.85587,-80.485163,43.388954999999996,At/near private drive,2,P.D. only,Off highway,unknown,unknown,SMV unattended vehicle,Unknown,Daylight,01 - Daylight,Municipal (excl. Twp. Rd.),No control,unknown,0,0,0,False,False,False,Clear,,True,Road 1: PARKVALE DR; Road 2: WOODBINE AVE; Vehicle #1     Make:      Model:      Colour:      Style: ; Vehicle #2     Make: BMW     Model: 20X     Colour: BLK     Style: 4D,12/20/2021 10:50:16 AM,,
51129,21051375,1615128900000,2021,3,7,14,55,0,Sunday,541672.75253,4806419.36341,-80.485303,43.409509,Intersection related,2,P.D. only,Within intersection,unknown,unknown,SMV other,Unknown,Daylight,01 - Daylight,Municipal (excl. Twp. Rd.),unknown,Functioning,0,0,0,False,False,False,Clear,,False,Road 1: ERINBROOK DR (50 km/h); Road 2: RITTENHOUSE RD (50 km/h); Charged Driver #1 on page 1: HTA 142 (NA) (NA); Vehicle #1     Make: FORD     Model: SPE     Colour: GRY     Style: TY,12/20/2021 10:56:32 AM,,
51130,21051597,1615150800000,2021,3,7,21,0,0,Sunday,547729.16527,4804524.32537,-80.410669,43.392085,At/near private drive,2,P.D. only,Thru lane,unknown,unknown,SMV unattended vehicle,Unknown,Dark,07 - Dark,Municipal (excl. Twp. Rd.),No control,Not applicable,0,0,0,False,False,False,Clear,,True,Road 1: AMHERST DR (ON THE ROADWAY 189); Road 2: DURHAM ST; Vehicle #1     Make: TOYT     Model: AXP     Colour: GRY     Style: 4D; Vehicle #2     Make: HYUN     Model: ESM     Colour: SIL     Style: 4D,12/20/2021 10:50:43 AM,,
51131,21052045,1615118400000,2021,3,7,12,0,0,Sunday,545931.52023,4804805.45642,-80.432841,43.394728,At/near private drive,2,P.D. only,Off highway,unknown,unknown,SMV unattended vehicle,Unknown,Daylight,01 - Daylight,Regional municipality,No control,unknown,0,0,0,False,False,False,Clear,,True,Road 1: 123 PIONEER DR PIONEER PARK (PARK LOT); Vehicle #1     Make:      Model:      Colour:      Style: ; Vehicle #2     Make: TOYT     Model: SCM     Colour: BLU     Style: 4B,12/20/2021 10:51:01 AM,,
51132,21052125,1615138200000,2021,3,7,17,30,0,Sunday,539985.844,4806032.26083,-80.506166,43.406115,At/near private drive,2,P.D. only,Thru lane,unknown,unknown,Other,Unknown,Daylight,01 - Daylight,Municipal (excl. Twp. Rd.),No control,unknown,0,0,0,False,False,False,Clear,,True,Road 1: 192 COTTON GRASS ST; Vehicle #1     Make: DODG     Model: CAR     Colour: WHI     Style: VN; Vehicle #2     Make: VOLK     Model: TOU     Colour: GRY     Style: TY,12/20/2021 10:50:39 AM,,
51133,21052130,1614704400000,2021,3,2,17,0,0,Tuesday,544287.90306,4807408.82228,-80.452925,43.418268,Non intersection,2,P.D. only,Thru lane,unknown,unknown,Angle,Unknown,Daylight,01 - Daylight,Regional municipality,No control,unknown,0,0,0,False,False,False,Clear,,True,Road 1: WILSON AVE; Road 2: FAIRWAY RD S; Vehicle #1     Make: TOYT     Model: CBA     Colour: GRY     Style: 4D; Vehicle #2     Make: HYUN     Model: TUC     Colour: RED     Style: TY,12/20/2021 10:48:40 AM,,
51134,21052625,1615276800000,2021,3,9,8,0,0,Tuesday,546010.83501,4812344.19891,-80.431226,43.462602,At/near private drive,2,P.D. only,Thru lane,unknown,unknown,SMV other,Unknown,Daylight,01 - Daylight,Municipal (excl. Twp. Rd.),No control,unknown,1,0,0,False,False,False,Clear,,False,Road 1: 123 GLENCLIFFE CRT (50 km/h); Road 2: GLENCLIFFE CRT; Distance: 25.0 M S; Vehicle #1     Make:      Model: -     Colour:      Style:,12/20/2021 10:54:29 AM,,
51135,21052639,1615280520000,2021,3,9,9,2,0,Tuesday,540933.60825,4811732.47861,-80.494034,43.457389,At railway crossing,2,P.D. only,Thru lane,unknown,unknown,Rear end,Unknown,Daylight,01 - Daylight,Municipal (excl. Twp. Rd.),No control,unknown,1,0,0,False,False,False,Clear,,False,Road 1: WELLINGTON ST N (50 km/h); Road 2: WEBER ST W; Distance: 50.0 M E; Charged Driver #1 on page 1: HTA 130 (NA) (NA); Vehicle #1     Make: DODG     Model: CPO     Colour: WHI     Style: 4D; Vehicle #2     Make: INTE     Model: PB1     Colour: YEL    ,12/20/2021 10:56:58 AM,,
51136,21052733,1615286460000,2021,3,9,10,41,0,Tuesday,544559.32451,4811740.55769,-80.449218,43.457254999999996,At intersection,2,P.D. only,Not on roadway - right side,unknown,unknown,SMV other,Unknown,Daylight,01 - Daylight,Regional municipality,unknown,Functioning,0,0,0,False,False,False,Clear,,False,Road 1: RIVER RD E (50 km/h); Road 2: LORRAINE AVE (50 km/h); Vehicle #1     Make: HYUN     Model: ALS     Colour: BGE     Style: 4D,12/20/2021 10:52:28 AM,,
51137,21052749,1615161600000,2021,3,8,0,0,0,Monday,541023.28339,4811372.01418,-80.492952,43.454138,At/near private drive,2,P.D. only,Not on roadway - right side,unknown,unknown,SMV other,Unknown,Dark,07 - Dark,Regional municipality,No control,unknown,0,0,0,False,False,False,Clear,,False,Road 1: WATER ST N (50 km/h); Road 2: WEBER ST W; Distance: 15.0 M S; Charged Driver #1 on page 1: NA NA (NA) (NA); Vehicle #1     Make: CHEV     Model: SIL     Colour: RED     Style: PK,12/20/2021 10:56:54 AM,,
51138,21052797,1615290780000,2021,3,9,11,53,0,Tuesday,548474.95744,4806544.64523,-80.401282,43.410228,At intersection,2,P.D. only,Off highway,unknown,unknown,SMV other,Unknown,Daylight,01 - Daylight,Municipal (excl. Twp. Rd.),unknown,Functioning,0,0,0,False,False,False,Clear,,False,Road 1: GRAND HILL DR (50 km/h); Road 2: DEER RIDGE DR (40 km/h); Charged Driver #1 on page 1: HTA 130 (1) (NA); Vehicle #1     Make: TOYT     Model: CBA     Colour: BLK     Style: 4D,12/20/2021 10:56:49 AM,,
51139,21052915,1613908200000,2021,2,21,11,50,0,Sunday,539675.03925,4806169.58832,-80.50999399999999,43.407368,Intersection related,2,P.D. only,Thru lane,unknown,unknown,Other,Unknown,Daylight,01 - Daylight,Municipal (excl. Twp. Rd.),unknown,Functioning,0,0,0,False,False,False,Clear,,True,Road 1: WISTERIA CT; Road 2: COPPER LEAF ST; Vehicle #1     Make:      Model:      Colour:      Style: ; Vehicle #2     Make: BMW     Model: BX5     Colour: GRY     Style: TY,12/20/2021 10:47:35 AM,,
51140,21052925,1613842200000,2021,2,20,17,30,0,Saturday,538083.96888,4809285.96282,-80.529427,43.435511,At/near private drive,2,Non-reportable,Thru lane,unknown,unknown,SMV unattended vehicle,Unknown,Dusk,05 - Dusk,Municipal (excl. Twp. Rd.),No control,unknown,0,0,0,False,False,False,Clear,,True,Road 1: 275 BENESFORT CRESCENT; Vehicle #1     Make:      Model:      Colour:      Style: ; Vehicle #2     Make: HYUN     Model: ESS     Colour: WHI     Style: 4D,12/20/2021 10:52:55 AM,,
51141,21052937,1613574000000,2021,2,17,15,0,0,Wednesday,539110.6045,4811656.60425,-80.516572,43.456803,Intersection related,2,Non-reportable,Thru lane,unknown,unknown,Rear end,Unknown,Daylight,01 - Daylight,Municipal (excl. Twp. Rd.),unknown,Functioning,0,0,0,False,False,False,Clear,,True,Road 1: UNION BLVD; Road 2: PARK ST; Vehicle #1     Make:      Model:      Colour:      Style: ; Vehicle #2     Make: CHEV     Model: CZP     Colour: WHI     Style: 4D,12/20/2021 10:50:08 AM,,
51142,21052944,1613492100000,2021,2,16,16,15,0,Tuesday,537588.2519,4809656.35079,-80.53552599999999,43.438871,Non intersection,2,Non-reportable,Thru lane,unknown,unknown,Other,Unknown,Daylight,01 - Daylight,Regional municipality,No control,unknown,0,0,0,False,False,False,Clear,,True,Road 1: STOKE DR; Road 2: FISCHER-HALLMAN RD; Vehicle #1     Make: MAZD     Model: M6I     Colour: SIL     Style: 4D; Vehicle #2     Make:      Model:      Colour:      Style:,12/20/2021 10:51:42 AM,,
51143,21052949,1613495700000,2021,2,16,17,15,0,Tuesday,542737.48481,4804192.07488,-80.47232699999999,43.389393999999996,Non intersection,2,P.D. only,Thru lane,unknown,unknown,Other,Unknown,Dusk,05 - Dusk,Municipal (excl. Twp. Rd.),No control,unknown,0,0,0,False,False,False,Clear,,True,Road 1: 10 PARKVALE DR (ON THE ROADWAY); Vehicle #1     Make: BMW     Model: JGG     Colour: BLK     Style: TY; Vehicle #2     Make:      Model:      Colour:      Style:,12/20/2021 10:49:23 AM,,
51144,21053154,1615318200000,2021,3,9,19,30,0,Tuesday,544880.9612,4808344.37785,-80.445522,43.426656,Non intersection,2,P.D. only,Thru lane,unknown,unknown,SMV unattended vehicle,Unknown,Dark,07 - Dark,Municipal (excl. Twp. Rd.),No control,unknown,0,0,0,False,False,False,Clear,,True,Road 1: TRAYNOR AVE (IFO 50); Road 2: GREENFIELD AVE; Vehicle #1     Make: TOYT     Model: TUN     Colour: BLU     Style: CW; Vehicle #2     Make: VOLK     Model: GSL     Colour: GRY     Style: 4D,12/20/2021 10:51:06 AM,,
51145,21053417,1615362660000,2021,3,10,7,51,0,Wednesday,540105.0365,4810847.49803,-80.50434,43.449465,Underpass or tunnel,2,P.D. only,Thru lane,unknown,unknown,SMV other,Unknown,Daylight,01 - Daylight,Municipal (excl. Twp. Rd.),No control,unknown,1,1,0,False,False,False,Clear,,False,Road 1: PARK ST (50 km/h); Road 2: CN RAIL; Distance: 1.0 M S; Vehicle #1     Make: VOLV     Model: VVN     Colour: WHI     Style: CT,12/20/2021 10:54:02 AM,,
51146,21055751,1615572000000,2021,3,12,18,0,0,Friday,545556.99878,4808952.53878,-80.43712,43.432091,At/near private drive,2,Non-reportable,Thru lane,unknown,unknown,SMV unattended vehicle,Unknown,Daylight,01 - Daylight,Municipal (excl. Twp. Rd.),No control,unknown,0,0,0,False,False,False,Clear,,True,Road 1: 130 HUBER ST; Vehicle #1     Make:      Model:      Colour:      Style: ; Vehicle #2     Make: HOND     Model: CTU     Colour: GRY     Style: 4D,12/20/2021 10:55:25 AM,,
51147,21056111,1615474800000,2021,3,11,15,0,0,Thursday,540483.12691,4806417.14367,-80.499996,43.409554,At/near private drive,2,Non-reportable,Thru lane,unknown,unknown,SMV unattended vehicle,Unknown,Daylight,01 - Daylight,Municipal (excl. Twp. Rd.),No control,unknown,0,0,0,False,False,False,Clear,,True,Road 1: 42 HIGHBROOK ST; Vehicle #1     Make: NISS     Model: ROG     Colour: BLU     Style: TY; Vehicle #2     Make: DODG     Model: RPC     Colour: BLK     Style: CW,12/20/2021 10:55:27 AM,,
51148,21056560,1615662480000,2021,3,13,19,8,0,Saturday,541230.73865,4810951.13711,-80.49042,43.450337,Intersection related,2,P.D. only,Thru lane,unknown,unknown,Sideswipe,Unknown,Dark,07 - Dark,Municipal (excl. Twp. Rd.),unknown,Functioning,1,0,0,False,False,False,Clear,,False,Road 1: KING ST W (40 km/h); Road 2: ONTARIO ST N (40 km/h); Vehicle #1     Make:      Model: -     Colour:      Style: ; Vehicle #2     Make: VOLK     Model: PTE     Colour: BLK     Style: 4D,12/20/2021 10:52:32 AM,,
51149,21057598,1615796400000,2021,3,15,8,20,0,Monday,543455.77198,4809831.10528,-80.46301,43.440127,Non intersection,2,P.D. only,Thru lane,unknown,unknown,Other,Unknown,Daylight,01 - Daylight,Municipal (excl. Twp. Rd.),No control,unknown,1,0,0,False,False,False,Clear,,False,Road 1: JACKSON AVE (50 km/h); Road 2: WEBER ST E; Distance: 5.0 M W; Vehicle #1     Make: HOND     Model: UDY     Colour: SIL     Style: VN; Vehicle #2     Make: FORD     Model: SRW     Colour: WHI     Style: PK,8/16/2022 3:00:01 PM,,
51150,21057722,1615564800000,2021,3,12,16,0,0,Friday,539688.89793,4808357.56546,-80.509664,43.427068,At/near private drive,2,Non-reportable,Thru lane,unknown,unknown,SMV unattended vehicle,Unknown,Daylight,01 - Daylight,Municipal (excl. Twp. Rd.),No control,unknown,0,0,0,False,False,False,Clear,,True,Road 1: GREENBROOK DR (IFO 346); Road 2: WARREN RD; Vehicle #1     Make: DODG     Model: JOU     Colour: WHI     Style: TY; Vehicle #2     Make:      Model:      Colour:      Style: ; Vehicle #3     Make: FORD     Model: SPE     Colour: GRY     Style: TY,12/20/2021 10:55:21 AM,,
51151,21057873,1612633800000,2021,2,6,17,50,0,Saturday,545689.963,4802917.60017,-80.435981,43.377745,At/near private drive,2,Non-reportable,Thru lane,unknown,unknown,Angle,Unknown,Dusk,05 - Dusk,Municipal (excl. Twp. Rd.),No control,unknown,0,0,0,False,False,False,Clear,,True,Road 1: 179 STEEPLERIDGE ST; Vehicle #1     Make: MAZD     Model: CX5     Colour: BLU     Style: TY; Vehicle #2     Make:      Model:      Colour:      Style:,12/20/2021 10:48:56 AM,,
51152,21057955,1615825800000,2021,3,15,16,30,0,Monday,544622.31241,4808638.22309,-80.44869299999999,43.429317999999995,Intersection related,2,P.D. only,Within intersection,unknown,unknown,Angle,Unknown,Daylight,01 - Daylight,Municipal (excl. Twp. Rd.),unknown,unknown,0,0,0,False,False,False,Clear,,True,Road 1: CONNAUGHT ST; Road 2: 9TH AVE; Vehicle #1     Make: TOYT     Model: CTX     Colour: BLK     Style: 4B; Vehicle #2     Make: NISS     Model: ROG     Colour: BLK     Style: TY,12/20/2021 10:52:22 AM,,
51153,21058529,1615535160000,2021,3,12,7,46,0,Friday,546178.70794,4813736.44742,-80.42903299999999,43.475127,Intersection related,2,P.D. only,Thru lane,unknown,unknown,Turning movement,Unknown,Daylight,01 - Daylight,Municipal (excl. Twp. Rd.),unknown,Functioning,0,0,0,False,False,False,Clear,,True,Road 1: CENTENNIAL COURT; Road 2: CENTENNIAL RD; Vehicle #1     Make: CHEV     Model: SIL     Colour: BLK     Style: PK; Vehicle #2     Make: MERZ     Model: SMA     Colour: BLK     Style: 2D,12/20/2021 10:49:49 AM,,
51154,21058550,1612880400000,2021,2,9,14,20,0,Tuesday,547838.44056,4803164.99635,-80.40943899999999,43.379838,At/near private drive,2,P.D. only,Off highway,unknown,unknown,SMV unattended vehicle,Unknown,Daylight,01 - Daylight,Regional municipality,No control,unknown,0,0,0,False,False,False,Clear,,True,Road 1: 2 EXECUTIVE PL DOON SOUTH (PARK LOT); Vehicle #1     Make:      Model:      Colour:      Style: ; Vehicle #2     Make: HYUN     Model: SAN     Colour: WHI     Style: TY,12/20/2021 10:53:31 AM,,
51155,21058618,1614940200000,2021,3,5,10,30,0,Friday,541806.92422,4803483.8177,-80.48387,43.383069,Non intersection,2,Non-reportable,Thru lane,unknown,unknown,Sideswipe,Unknown,Daylight,01 - Daylight,Regional municipality,No control,unknown,0,0,0,False,False,False,Clear,,True,Road 1: HURON RD; Road 2: WOODBINE DR; Vehicle #1     Make: MAZD     Model: CX9     Colour: BLU     Style: TY; Vehicle #2     Make: FORD     Model: COF     Colour: WHI     Style: CW,12/20/2021 10:55:59 AM,,
51156,21058651,1615903200000,2021,3,16,14,0,0,Tuesday,541279.36484,4810923.2976,-80.48982099999999,43.450084,Non intersection,2,P.D. only,Right shoulder,unknown,unknown,SMV unattended vehicle,Unknown,Daylight,01 - Daylight,Municipal (excl. Twp. Rd.),No control,unknown,0,0,0,False,False,False,Clear,,False,Road 1: 41 KING ST W (40 km/h); Road 2: QUEEN ST S; Distance: 25.0 M W; Vehicle #1     Make: HYUN     Model: TUC     Colour: WHI     Style: TY; Vehicle #2     Make: LEXU     Model: RX3     Colour: GRN     Style: 4D,1/3/2023 10:09:56 AM,,
51157,21059164,1615312800000,2021,3,9,18,0,0,Tuesday,545571.7739,4808936.901,-80.436938,43.43195,At/near private drive,2,P.D. only,Off highway,unknown,unknown,SMV unattended vehicle,Unknown,Dusk,05 - Dusk,Municipal (excl. Twp. Rd.),No control,unknown,0,0,0,False,False,False,Clear,,True,Road 1: HUBER ST (IFO 135); Road 2: KINZIE AVE; Vehicle #1     Make: HYUN     Model: ESE     Colour: GRY     Style: 4D; Vehicle #2     Make: TOYT     Model: RV4     Colour: WHI     Style: TY,12/20/2021 10:51:09 AM,,
51158,21059190,1615536900000,2021,3,12,8,15,0,Friday,547084.62351,4804123.27221,-80.418662,43.388514,At/near private drive,2,P.D. only,Thru lane,unknown,unknown,Other,Unknown,Daylight,01 - Daylight,Municipal (excl. Twp. Rd.),No control,unknown,0,0,0,False,False,False,Clear,,True,Road 1: DOON VILLAGE RD (IFO 1437); Road 2: DOON S DR; Vehicle #1     Make: HOND     Model: CRV     Colour: BRN     Style: TY; Vehicle #2     Make: DODG     Model: JOU     Colour: BLK     Style: TY,12/20/2021 10:51:34 AM,,
51159,21059220,1615143600000,2021,3,7,19,0,0,Sunday,541748.56461,4803601.48612,-80.484582,43.384132,At/near private drive,2,P.D. only,Off highway,unknown,unknown,SMV unattended vehicle,Unknown,Dark,07 - Dark,Municipal (excl. Twp. Rd.),No control,unknown,0,0,0,False,False,False,Clear,,True,Road 1: VERONA ST (IFO 22); Vehicle #1     Make: NISS     Model: ROG     Colour: WHI     Style: TY; Vehicle #2     Make: TOYT     Model: SIE     Colour: GRY     Style: VN,12/20/2021 10:51:03 AM,,
51160,21059432,1615988700000,2021,3,17,13,45,0,Wednesday,543988.15663,4807777.12906,-80.456597,43.421602,Intersection related,2,P.D. only,Thru lane,unknown,unknown,Angle,Unknown,Daylight,01 - Daylight,Municipal (excl. Twp. Rd.),unknown,Functioning,0,0,0,False,False,False,Clear,,True,Road 1: SIEBERT AVE; Road 2: VANIER DR; Vehicle #1     Make: HOND     Model: CLL     Colour: SIL     Style: 4D; Vehicle #2     Make: DODG     Model: CAR     Colour: WHI     Style: VN,12/20/2021 10:52:25 AM,,
51161,21060129,1615573800000,2021,3,12,18,30,0,Friday,546634.99238,4810686.71487,-80.423653,43.44764,At/near private drive,2,P.D. only,Off highway,unknown,unknown,SMV unattended vehicle,Unknown,Dusk,05 - Dusk,Municipal (excl. Twp. Rd.),No control,unknown,0,0,0,False,False,False,Clear,,True,Road 1: MICHENER CRESCENT (IFO 236); Road 2: SPRINGMOUNT DR; Vehicle #1     Make: LEXS     Model: RX5     Colour: BLU     Style: TY; Vehicle #2     Make:      Model:      Colour:      Style:,12/20/2021 10:56:12 AM,,
51162,21060367,1616078280000,2021,3,18,14,38,0,Thursday,541360.25501,4808641.59247,-80.48899399999999,43.429535,At intersection,1,Non-fatal injury,Within intersection,unknown,unknown,Angle,Unknown,Daylight,01 - Daylight,Regional municipality,unknown,Functioning,0,1,0,False,False,False,Clear,,False,Road 1: HOMER WATSON BLVD (60 km/h); Road 2: HOFFMAN ST (50 km/h); Charged Driver #1 on page 1: NA NA (NA) (NA); Vehicle #1     Make: HOND     Model: UAX     Colour: GRY     Style: 4D; Vehicle #2     Make: TOYT     Model: RV4     Colour: RED     Style: TY,12/20/2021 10:56:27 AM,,
51163,21060989,1616151240000,2021,3,19,10,54,0,Friday,541511.95219,4808906.37918,-80.4871,43.431911,At/near private drive,2,P.D. only,Off highway,unknown,unknown,SMV other,Unknown,Daylight,01 - Daylight,Municipal (excl. Twp. Rd.),No control,unknown,0,0,0,False,False,False,Clear,,False,Road 1: 43 SOUTHDALE AVE (50 km/h); Road 2: SOUTHDALE AVE; Distance: 2.0 M E; Vehicle #1     Make: VOLK     Model: JBS     Colour: WHI     Style: 4D,12/20/2021 10:49:08 AM,,
51164,21061049,1616058600000,2021,3,18,9,10,0,Thursday,545390.39181,4803476.5405,-80.439633,43.382796,Non intersection,2,P.D. only,Right shoulder,unknown,unknown,SMV unattended vehicle,Unknown,Daylight,01 - Daylight,Municipal (excl. Twp. Rd.),No control,unknown,0,0,0,False,False,False,Clear,,True,Road 1: 370 PINE VALLEY DR; Vehicle #1     Make: SUBA     Model: XVC     Colour: WHI     Style: TY; Vehicle #2     Make: BMW     Model: 20X     Colour: GRY     Style: 4D,12/20/2021 10:53:36 AM,,
51165,21061190,1613145000000,2021,2,12,15,50,0,Friday,541313.33186,4806225.11886,-80.489757,43.407779999999995,Non intersection,2,Non-reportable,Thru lane,unknown,unknown,SMV unattended vehicle,Unknown,Daylight,01 - Daylight,Municipal (excl. Twp. Rd.),No control,unknown,0,0,0,False,False,False,Clear,,True,Road 1: 42 FOLKSTONE CRESCENT; Vehicle #1     Make: TOYT     Model: RG4     Colour: BLK     Style: TY; Vehicle #2     Make: VOLK     Model: TIG     Colour: WHI     Style: TY,12/20/2021 10:48:43 AM,,
51166,21061425,1616180400000,2021,3,19,19,0,0,Friday,541874.66354,4810742.83874,-80.482478,43.448426,Intersection related,2,P.D. only,Within intersection,unknown,unknown,Angle,Unknown,Dusk,05 - Dusk,Municipal (excl. Twp. Rd.),unknown,Functioning,0,0,0,False,False,False,Clear,,True,Road 1: CEDAR ST N; Road 2: DUKE ST E; Vehicle #1     Make: HOND     Model: UCL     Colour: WHI     Style: 4D; Vehicle #2     Make: HYUN     Model: EGM     Colour: BRZ     Style: 4D,12/20/2021 10:52:41 AM,,
51167,21061808,1616229000000,2021,3,20,8,30,0,Saturday,547613.5692,4804528.94718,-80.41209599999999,43.392134,At/near private drive,2,P.D. only,Thru lane,unknown,unknown,SMV unattended vehicle,Unknown,Daylight,01 - Daylight,Municipal (excl. Twp. Rd.),No control,unknown,0,0,0,False,False,False,Clear,,True,Road 1: 69 AMHERST DR; Vehicle #1     Make: HYUN     Model: BGS     Colour: BLK     Style: 4D; Vehicle #2     Make: MERZ     Model: C4A     Colour: WHI     Style: 4D,12/20/2021 10:53:39 AM,,
51168,21062950,1616331600000,2021,3,21,13,0,0,Sunday,542676.4717,4816157.77237,-80.472145,43.497136999999995,At/near private drive,2,Non-reportable,Off highway,unknown,unknown,SMV unattended vehicle,Unknown,Daylight,01 - Daylight,Municipal (excl. Twp. Rd.),No control,unknown,0,0,0,False,False,False,Clear,,True,Road 1: EAGLECREST ST (IFO 14); Vehicle #1     Make: HOND     Model: UDY     Colour: WHI     Style: TY; Vehicle #2     Make:      Model:      Colour:      Style:,12/20/2021 10:52:48 AM,,
51169,21063915,1616435100000,2021,3,22,17,45,0,Monday,537220.78935,4807866.12856,-80.540189,43.42277,Non intersection,2,P.D. only,Thru lane,unknown,unknown,Other,Unknown,Daylight,01 - Daylight,Municipal (excl. Twp. Rd.),No control,unknown,0,0,0,False,False,False,Clear,,True,Road 1: 280 BLACKWELL DR; Vehicle #1     Make: NISS     Model: QST     Colour: SIL     Style: VN; Vehicle #2     Make: ACUR     Model: MDX     Colour: SIL     Style: TY,12/20/2021 10:53:55 AM,,
51170,21064566,1616512500000,2021,3,23,15,15,0,Tuesday,539129.96579,4807876.61995,-80.516604,43.422767,Non intersection,2,Non-reportable,Thru lane,unknown,unknown,SMV unattended vehicle,Unknown,Daylight,01 - Daylight,Municipal (excl. Twp. Rd.),No control,unknown,0,0,0,False,False,False,Clear,,True,Road 1: 115 UPLANDS DR (ON THE ROADWAY); Vehicle #1     Make: FORD     Model: CSC     Colour: WHI     Style: IC; Vehicle #2     Make: HOND     Model: FIT     Colour: BLU     Style: 4W,12/20/2021 10:53:04 AM,,
51171,21065255,1616266800000,2021,3,20,19,0,0,Saturday,542271.34284,4810383.781,-80.477603,43.445170999999995,Non intersection,2,Non-reportable,Thru lane,unknown,unknown,SMV other,Unknown,Dusk,05 - Dusk,Regional municipality,No control,unknown,0,0,0,False,False,False,Clear,,True,Road 1: FAIRVIEW AVE; Road 2: KING ST E; Vehicle #1     Make: NISS     Model: ROG     Colour: BLK     Style: TY; Vehicle #2     Make:      Model:      Colour:      Style:,12/20/2021 10:56:01 AM,,
51172,21065267,1615826400000,2021,3,15,16,40,0,Monday,545144.91715,4807125.36703,-80.442362,43.415665,Intersection related,2,Non-reportable,Right turn lane,unknown,unknown,Rear end,Unknown,Daylight,01 - Daylight,Municipal (excl. Twp. Rd.),unknown,Functioning,0,0,0,False,False,False,Clear,,True,Road 1: GOODRICH DR; Road 2: WILSON AVE; Vehicle #1     Make: TOYT     Model: MTL     Colour: GRY     Style: 4D; Vehicle #2     Make:      Model:      Colour:      Style:,12/20/2021 10:52:07 AM,,
51173,21065952,1616670300000,2021,3,25,11,5,0,Thursday,545048.20695,4810839.59823,-80.44324999999999,43.449113,At intersection,2,P.D. only,Within intersection,unknown,unknown,Angle,Unknown,Daylight,01 - Daylight,Municipal (excl. Twp. Rd.),unknown,Functioning,0,0,0,False,False,False,Clear,,False,Road 1: RIVER RD E (50 km/h); Road 2: HOLBORN DR (50 km/h); Charged Driver #1 on page 1: HTA 144 (NA) (NA); Vehicle #1     Make: HOND     Model: CIV     Colour: BLU     Style: 4D; Vehicle #2     Make: TOYT     Model: CTR     Colour: GRY     Style: 4B,12/20/2021 10:56:36 AM,,
51174,21065958,1616670600000,2021,3,25,11,10,0,Thursday,540700.83979,4811053.76507,-80.496961,43.451291,Intersection related,2,Non-reportable,Thru lane,unknown,unknown,Other,Unknown,Daylight,01 - Daylight,Municipal (excl. Twp. Rd.),unknown,Functioning,0,0,0,False,False,False,Clear,,True,Road 1: QUEEN ST S; Road 2: JOSEPH ST; Vehicle #1     Make: HOND     Model: UDY     Colour: GRY     Style: TY; Vehicle #2     Make:      Model:      Colour:      Style:,12/20/2021 10:52:11 AM,,