OBJECTID,ACCIDENTNUM,ACCIDENTDATE,ACCIDENT_YEAR,ACCIDENT_MONTH,ACCIDENT_DAY,ACCIDENT_HOUR,ACCIDENT_MINUTE,ACCIDENT_SECOND,ACCIDENT_WEEKDAY,XCOORD,YCOORD,LONGITUDE,LATITUDE,ACCIDENTLOCATION,COLLISIONTYPE,CLASSIFICATIONOFACCIDENT,IMPACTLOCATION,INITIALDIRECTIONOFTRAVELONE,INITIALDIRECTIONOFTRAVELTWO,INITIALIMPACTTYPE,INTTRAFFICCONTROL,LIGHT,LIGHTFORREPORT,ROADJURISDICTION,TRAFFICCONTROL,TRAFFICCONTROLCONDITION,THRULANENO,NORTHBOUNDDISOBEYCOUNT,SOUTHBOUNDDISOBEYCOUNT,PEDESTRIANINVOLVED,CYCLISTINVOLVED,MOTORCYCLISTINVOLVED,ENVIRONMENTCONDITION1,ENVIRONMENTCONDITION2,SELFREPORTED,XMLIMPORTNOTES,LASTEDITEDDATE,CREATE_BY,CREATE_DATE
51273,21118274,1618350300000,2021,4,13,21,45,0,Tuesday,544600.27618,4811888.38931,-80.4487,43.458583,Non intersection,2,Non-reportable,Thru lane,unknown,unknown,Sideswipe,Unknown,Dark,07 - Dark,Municipal (excl. Twp. Rd.),No control,unknown,0,0,0,False,False,False,Clear,,True,Road 1: BIRKSHIRE COURT; Vehicle #1     Make:      Model:      Colour:      Style: ; Vehicle #2     Make: HYUN     Model: TUC     Colour: BLK     Style: TY,2/11/2022 11:13:37 AM,,
51274,21119044,1622045700000,2021,5,26,16,15,0,Wednesday,541842.0154,4803556.24584,-80.483432,43.383719,Intersection related,2,P.D. only,Within intersection,unknown,unknown,Angle,Unknown,Daylight,01 - Daylight,Municipal (excl. Twp. Rd.),unknown,Functioning,0,0,0,False,False,False,Clear,,True,Road 1: SIENNA CRESCENT; Road 2: WOODBINE AVE; Vehicle #1     Make: ACUR     Model: RDX     Colour: BLK     Style: TY; Vehicle #2     Make: CHEV     Model: EQU     Colour: GRY     Style: TY,2/11/2022 11:12:49 AM,,
51275,21119139,1622293200000,2021,5,29,13,0,0,Saturday,541181.94088,4811715.37235,-80.490965,43.457221,Non intersection,2,Non-reportable,Thru lane,unknown,unknown,Other,Unknown,Daylight,01 - Daylight,Municipal (excl. Twp. Rd.),No control,unknown,0,0,0,False,False,False,Rain,,True,Road 1: 208 BREITHAUPT ST; Vehicle #1     Make:      Model:      Colour:      Style: ; Vehicle #2     Make: MAZD     Model: B23     Colour: BLK     Style: PK,2/11/2022 11:16:01 AM,,
51276,21119235,1622215800000,2021,5,28,15,30,0,Friday,542107.99073,4807131.48041,-80.479873,43.415896,Intersection related,2,P.D. only,Within intersection,unknown,unknown,Turning movement,Unknown,Daylight,01 - Daylight,Municipal (excl. Twp. Rd.),unknown,Functioning,0,0,0,False,False,False,Rain,,True,Road 1: STRASBURG; Road 2: BLOCKLINE; Vehicle #1     Make: CHEV     Model: AVT     Colour: BGE     Style: 4D; Vehicle #2     Make: FORD     Model: FSE     Colour: BLK     Style: 4B,2/11/2022 11:12:38 AM,,
51277,21119625,1622253960000,2021,5,29,2,6,0,Saturday,538611.93417,4806649.02626,-80.52309,43.411741,Non intersection,2,P.D. only,Right shoulder,unknown,unknown,SMV unattended vehicle,Unknown,"Dark, artificial","08 - Dark, artificial",Municipal (excl. Twp. Rd.),No control,unknown,0,0,0,False,False,False,Clear,,False,Road 1: WINDALE DR (50 km/h); Road 2: FOXGLOVE CRES; Distance: 50.0 M S; Vehicle #1     Make: HOND     Model: UAX     Colour: RED     Style: 4D; Vehicle #2     Make: JEEP     Model: WUL     Colour: GRY     Style: TY,2/11/2022 11:13:51 AM,,
51278,21119806,1622284080000,2021,5,29,10,28,0,Saturday,543252.10825,4810953.10851,-80.46543799999999,43.450241,At intersection,2,P.D. only,Right shoulder,unknown,unknown,SMV unattended vehicle,Unknown,Daylight,01 - Daylight,Regional municipality,unknown,Functioning,0,0,0,False,False,False,Clear,,False,Road 1: STIRLING AVE N (50 km/h); Road 2: DUMFRIES AVE (50 km/h); Charged Driver #1 on page 1: HTA 130 (NA) (NA); Vehicle #1     Make: INFI     Model: IFX     Colour: GRN     Style: TY; Vehicle #2     Make: ACUR     Model: ATL     Colour: GRY     Style: 4,2/11/2022 11:14:48 AM,,
51279,21120057,1622302200000,2021,5,29,15,30,0,Saturday,542107.72602,4807130.3129,-80.47987599999999,43.415886,Intersection related,2,P.D. only,Thru lane,unknown,unknown,Rear end,Unknown,Daylight,01 - Daylight,Municipal (excl. Twp. Rd.),unknown,Functioning,0,0,0,False,False,False,Clear,,True,Road 1: STRASBURG RD; Road 2: BLOCK LINE RD; Vehicle #1     Make: MAZD     Model: MCX     Colour: SIL     Style: TY; Vehicle #2     Make: TOYT     Model: UCS     Colour: GRY     Style: 4D,2/11/2022 11:15:00 AM,,
51280,21121911,1622487600000,2021,5,31,19,0,0,Monday,545349.60269,4812158.87495,-80.439416,43.460974,Intersection related,2,P.D. only,Thru lane,unknown,unknown,Angle,Unknown,Daylight,01 - Daylight,Municipal (excl. Twp. Rd.),unknown,Functioning,0,0,0,False,False,False,Clear,,True,Road 1: LORRAINE AVE; Road 2: HERITAGE DR; Vehicle #1     Make: BMW     Model: 5RG     Colour: BLK     Style: 4D; Vehicle #2     Make: TOYT     Model: MRI     Colour: RED     Style: 4D,2/11/2022 11:14:56 AM,,
51281,21122311,1622225160000,2021,5,28,18,6,0,Friday,538407.40411,4810023.04593,-80.525379,43.442130999999996,Non intersection,2,P.D. only,Thru lane,unknown,unknown,SMV other,Unknown,Daylight,01 - Daylight,Municipal (excl. Twp. Rd.),No control,unknown,0,0,0,False,False,False,Clear,,True,Road 1: CHOPIN DR (IFO 95); Road 2: MARKWOOD DR; Vehicle #1     Make: HYUN     Model: SFT     Colour: WHI     Style: TY,2/11/2022 11:13:53 AM,,
51282,21123088,1622561100000,2021,6,1,15,25,0,Tuesday,541413.46368,4807979.51086,-80.488387,43.423570999999995,At/near private drive,2,Non-reportable,Thru lane,unknown,unknown,Turning movement,Unknown,Daylight,01 - Daylight,Regional municipality,No control,unknown,0,0,0,False,False,False,Clear,,True,Road 1: STRASBURG RD (IFO 750 OTTAWA ST S); Road 2: OTTAWA ST S; Vehicle #1     Make: CHEV     Model: IMT     Colour: BLK     Style: 4D; Vehicle #2     Make: CHRY     Model: PTC     Colour: SIL     Style: VN,2/11/2022 11:13:55 AM,,
51283,21123152,1622201400000,2021,5,28,11,30,0,Friday,541127.28884,4811101.94892,-80.491687,43.451701,Non intersection,2,P.D. only,Thru lane,unknown,unknown,Rear end,Unknown,Daylight,01 - Daylight,Municipal (excl. Twp. Rd.),No control,unknown,0,0,0,False,False,False,Rain,,True,Road 1: YOUNG ST; Road 2: DUKE ST W; Vehicle #1     Make: MAZD     Model: 3TR     Colour: BLK     Style: 4D; Vehicle #2     Make: KIA     Model: SEV     Colour: SIL     Style: TY,2/11/2022 11:13:23 AM,,
51284,21123233,1622289600000,2021,5,29,12,0,0,Saturday,546347.41764,4808661.98475,-80.4273787,43.4294268,Non intersection,2,P.D. only,Thru lane,unknown,unknown,SMV unattended vehicle,Unknown,Daylight,01 - Daylight,Municipal (excl. Twp. Rd.),No control,unknown,0,0,0,False,False,False,Clear,,True,Road 1: 378 SOUTHILL DR; Vehicle #1     Make:      Model:      Colour:      Style: ; Vehicle #2     Make: CADI     Model: ALA     Colour: GRY     Style: 4D,2/11/2022 11:13:42 AM,,
51285,21123234,1622352600000,2021,5,30,5,30,0,Sunday,543762.41142,4806853.84705,-80.45945999999999,43.413301999999995,At/near private drive,2,P.D. only,Off highway,unknown,unknown,SMV unattended vehicle,Unknown,Unknown,00 - Unknown,Municipal (excl. Twp. Rd.),No control,unknown,0,0,0,False,False,False,Clear,,True,Road 1: 294 FALLOWFIELD DR (IFO); Vehicle #1     Make:      Model:      Colour:      Style: ; Vehicle #2     Make: LEXS     Model: E35     Colour: BLK     Style: 4D,2/11/2022 11:13:44 AM,,
51286,21124210,1622732400000,2021,6,3,15,0,0,Thursday,542562.77746,4812551.9877,-80.473833,43.464676999999995,Intersection related,1,Non-fatal injury,Thru lane,unknown,unknown,Angle,Unknown,Daylight,01 - Daylight,Municipal (excl. Twp. Rd.),unknown,Functioning,1,0,0,False,False,False,Clear,,False,Road 1: WELLINGTON ST N (50 km/h); Road 2: HIGHWAY 85 (50 km/h); Charged Driver #1 on page 1: HTA 130 (NA) (NA); Vehicle #1     Make: PTRB     Model: CON     Colour: WHI     Style: CT; Vehicle #2     Make: HOND     Model: CRV     Colour: WHI     Style: TY,2/11/2022 11:12:35 AM,,
51287,21124306,1622739600000,2021,6,3,17,0,0,Thursday,540021.3085,4806737.41953,-80.505676,43.412462,Non intersection,2,P.D. only,Thru lane,unknown,unknown,SMV unattended vehicle,Unknown,Daylight,01 - Daylight,Municipal (excl. Twp. Rd.),No control,unknown,1,0,0,False,False,False,Clear,,False,Road 1: 113 DINISON CRES (50 km/h); Road 2: DINISON CRES; Distance: 2.0 K N; Charged Driver #1 on page 1: HTA 320.16 (NA) (NA); Vehicle #1     Make: MERZ     Model: GL3     Colour: WHI     Style: TY; Vehicle #2     Make: DODG     Model: DUR     Colour: RE,2/11/2022 11:08:38 AM,,
51288,21124726,1622787420000,2021,6,4,6,17,0,Friday,541225.1869,4811869.08468,-80.490419,43.458603,At intersection,1,Non-fatal injury,Within intersection,unknown,unknown,Turning movement,Unknown,Daylight,01 - Daylight,Municipal (excl. Twp. Rd.),unknown,unknown,0,0,0,False,True,False,Clear,,False,Road 1: MARGARET AVE (50 km/h); Road 2: WELLINGTON ST N (50 km/h); Charged Driver #1 on page 1: HTA 142 (NA) (NA); Vehicle #1     Make: MITS     Model: LAN     Colour: BLU     Style: 4D; Vehicle #2     Make: BICY     Model: BICY     Colour:      Style: BK,2/11/2022 11:16:56 AM,,
51289,21124968,1622809800000,2021,6,4,12,30,0,Friday,545125.34549,4807656.48075,-80.44256,43.420448,Non intersection,2,Non-reportable,Thru lane,unknown,unknown,Angle,Unknown,Daylight,01 - Daylight,Municipal (excl. Twp. Rd.),No control,unknown,0,0,0,False,False,False,Clear,,True,Road 1: WILSON AVE; Road 2: FAIRWAY RD S; Vehicle #1     Make: SUBA     Model: FOR     Colour: SIL     Style: TY; Vehicle #2     Make:      Model:      Colour:      Style:,2/11/2022 11:12:18 AM,,
51290,21125133,1622808000000,2021,6,4,12,0,0,Friday,544933.10177,4808952.51759,-80.444828,43.432128999999996,Non intersection,2,P.D. only,Thru lane,unknown,unknown,Rear end,Unknown,Daylight,01 - Daylight,Regional municipality,No control,unknown,0,0,0,False,False,False,Clear,,True,Road 1: KINGSWAY DR; Road 2: FRANKLIN ST; Vehicle #1     Make: TOYT     Model: PRI     Colour: WHI     Style: 4B; Vehicle #2     Make: HOND     Model: UAX     Colour: BLK     Style: 4D; Vehicle #3     Make: FORD     Model: EDG     Colour: RED     Style: T,2/11/2022 11:11:35 AM,,
51291,21125245,1622830800000,2021,6,4,18,20,0,Friday,541669.83145,4810421.9165,-80.485034,43.445547999999995,Non intersection,2,P.D. only,Thru lane,unknown,unknown,Rear end,Unknown,Daylight,01 - Daylight,Municipal (excl. Twp. Rd.),No control,unknown,1,0,0,False,True,False,Clear,,False,Road 1: CEDAR ST S (40 km/h); Road 2: CHURCH ST; Distance: 15.0 M N; Vehicle #1     Make: HOND     Model: UCL     Colour: BLU     Style: 4D; Vehicle #2     Make: BICY     Model: .     Colour:      Style: BK,2/11/2022 11:15:33 AM,,
51292,21126191,1622924520000,2021,6,5,20,22,0,Saturday,544602.92869,4812951.34483,-80.44857999999999,43.468154,Overpass or bridge,2,P.D. only,Right shoulder,unknown,unknown,SMV other,Unknown,Daylight,01 - Daylight,Regional municipality,No control,unknown,0,0,0,False,False,False,Clear,,False,Road 1: NATCHEZ RD (50 km/h); Road 2: ROTHSAY AVE; Distance: 20.0 K N; Charged Driver #1 on page 1: HTA 130 (NA) (NA); Vehicle #1     Make: PONT     Model: MON     Colour: WHI     Style: VN,2/11/2022 11:16:36 AM,,
51293,21126886,1622989800000,2021,6,6,14,30,0,Sunday,546291.53733,4804899.7353,-80.428388,43.395554999999995,Non intersection,2,P.D. only,Thru lane,unknown,unknown,SMV unattended vehicle,Unknown,Daylight,01 - Daylight,Municipal (excl. Twp. Rd.),No control,unknown,0,0,0,False,False,False,Clear,,True,Road 1: GREEN VALLEY DR (IFO 87); Vehicle #1     Make:      Model:      Colour:      Style: ; Vehicle #2     Make: DODG     Model: CJO     Colour: BLK     Style: TY,2/11/2022 11:12:01 AM,,
51294,21127843,1623060000000,2021,6,7,10,0,0,Monday,544168.63221,4803770.11338,-80.454692,43.385512,At/near private drive,2,P.D. only,Off highway,unknown,unknown,SMV other,Unknown,Daylight,01 - Daylight,Municipal (excl. Twp. Rd.),No control,unknown,0,0,0,False,False,False,Clear,,False,Road 1: CARYNDALE DR (40 km/h); Road 2: 412 CARYNDALE DR; Distance: 15.0 M E; Vehicle #1     Make: PETE     Model:      Colour:      Style:,2/11/2022 11:14:30 AM,,
51295,2112831,1622484000000,2021,5,31,18,0,0,Monday,540154.63977,4805722.05574,-80.504104,43.403313,Non intersection,2,Non-reportable,Thru lane,unknown,unknown,SMV unattended vehicle,Unknown,Daylight,01 - Daylight,Municipal (excl. Twp. Rd.),No control,unknown,0,0,0,False,False,False,Clear,,True,Road 1: 783 COMMONWEALTH CRESCENT (IFO); Vehicle #1     Make:      Model:      Colour:      Style: ; Vehicle #2     Make: BMW     Model: 20X     Colour: BLK     Style: 4D,2/11/2022 11:16:17 AM,,
51296,21128417,1623162240000,2021,6,8,14,24,0,Tuesday,540181.62556,4811968.72233,-80.503311,43.459557,At/near private drive,2,P.D. only,Off highway,unknown,unknown,SMV other,Unknown,Daylight,01 - Daylight,Municipal (excl. Twp. Rd.),No control,unknown,0,0,0,False,False,False,Clear,,False,Road 1: 42 GUELPH ST (50 km/h); Road 2: GUELPH ST; Distance: 5.0 M S; Vehicle #1     Make: FORD     Model: EPR     Colour: BLU     Style: TY,2/11/2022 11:16:30 AM,,
51297,21129412,1623258000000,2021,6,9,17,0,0,Wednesday,546815.88402,4804206.60751,-80.421973,43.389282,Non intersection,2,P.D. only,Thru lane,unknown,unknown,Turning movement,Unknown,Daylight,01 - Daylight,Regional municipality,No control,unknown,0,0,0,False,False,False,Clear,,True,Road 1: DOON S DR; Road 2: HOMER WATSON BLVD; Vehicle #1     Make: TOYT     Model: CBS     Colour: GRY     Style: 4D; Vehicle #2     Make: HOND     Model: FLS     Colour: WHI     Style: 4B,2/11/2022 11:11:50 AM,,
51298,21129939,1622656200000,2021,6,2,17,50,0,Wednesday,545157.28493,4803386.75581,-80.44251799999999,43.382000999999995,Non intersection,2,P.D. only,Thru lane,unknown,unknown,SMV unattended vehicle,Unknown,Daylight,01 - Daylight,Municipal (excl. Twp. Rd.),No control,unknown,0,0,0,False,False,False,Clear,,True,Road 1: 67 PONDCLIFFE DR (ON THE ROADWAY); Vehicle #1     Make: MAZD     Model: M3S     Colour: WHI     Style: 4B; Vehicle #2     Make: DODG     Model: CJO     Colour: GRY     Style: TY,2/11/2022 11:15:54 AM,,
51299,21129950,1622931300000,2021,6,5,22,15,0,Saturday,547723.84355,4811488.5556,-80.410127,43.454791,Non intersection,2,Non-reportable,Thru lane,unknown,unknown,SMV unattended vehicle,Unknown,Dark,07 - Dark,Municipal (excl. Twp. Rd.),No control,unknown,0,0,0,False,False,False,Clear,,True,Road 1: 2 VALEBROOK ST (IFO); Vehicle #1     Make:      Model:      Colour:      Style: ; Vehicle #2     Make: TOYT     Model: CEN     Colour: GRY     Style: TY,2/11/2022 11:12:03 AM,,
51300,21130223,1623342840000,2021,6,10,16,34,0,Thursday,541140.85256,4810724.84941,-80.491548,43.448305,Non intersection,2,P.D. only,Not on roadway - left side,unknown,unknown,SMV other,Unknown,Daylight,01 - Daylight,Municipal (excl. Twp. Rd.),No control,unknown,0,0,0,False,False,False,Clear,,False,Road 1: 15 JOSEPH ST (40 km/h); Road 2: JOSEPH ST; Distance: 3.0 M W; Vehicle #1     Make: INTL     Model: 40S     Colour: WHI     Style: VN,2/11/2022 11:17:18 AM,,
51301,21130649,1623393900000,2021,6,11,6,45,0,Friday,537874.77431,4808866.6659,-80.53204099999999,43.431746,At intersection,1,Non-fatal injury,Within intersection,unknown,unknown,Turning movement,Unknown,Daylight,01 - Daylight,Municipal (excl. Twp. Rd.),unknown,Functioning,0,0,0,False,True,False,Clear,,False,Road 1: BANKSIDE DR (50 km/h); Road 2: OPRINGTON DR (50 km/h); Vehicle #1     Make: HYUN     Model: ESS     Colour: RED     Style: 4D; Vehicle #2     Make: BICY     Model: BICY     Colour:      Style: BIC,2/11/2022 11:10:16 AM,,
51302,21130691,1623400140000,2021,6,11,8,29,0,Friday,541312.0959,4809125.5872,-80.489553,43.433896,Non intersection,2,P.D. only,Right shoulder,unknown,unknown,SMV unattended vehicle,Unknown,Daylight,01 - Daylight,Regional municipality,No control,unknown,0,0,0,False,False,False,Clear,,False,Road 1: 354 HIGHLAND RD E (50 km/h); Road 2: HIGHLAND RD E; Distance: 5.0 M S; Vehicle #1     Make: FORD     Model: DRW     Colour: WHI     Style: CT; Vehicle #2     Make: RAM     Model: RTR     Colour: WHI     Style: PK,1/3/2023 10:10:11 AM,,
51303,21133388,1622437200000,2021,5,31,5,0,0,Monday,539393.21571,4806755.16076,-80.513432,43.412656,At/near private drive,2,P.D. only,Thru lane,unknown,unknown,SMV unattended vehicle,Unknown,Dark,07 - Dark,Municipal (excl. Twp. Rd.),No control,unknown,0,0,0,False,False,False,Clear,,True,Road 1: 239 GREY FOX DR (IFO); Vehicle #1     Make:      Model:      Colour:      Style: ; Vehicle #2     Make: FORD     Model: SPE     Colour: BLK     Style: TY,2/11/2022 11:13:59 AM,,
51304,21133420,1623313200000,2021,6,10,8,20,0,Thursday,540042.92765,4811640.96449,-80.505049,43.456613,Intersection related,2,P.D. only,Within intersection,unknown,unknown,Angle,Unknown,Daylight,01 - Daylight,Municipal (excl. Twp. Rd.),unknown,unknown,0,0,0,False,False,False,Clear,,True,Road 1: BRAUN ST; Road 2: ANDREW ST; Vehicle #1     Make: NISS     Model: A2S     Colour: GRY     Style: 4D; Vehicle #2     Make: VOLK     Model: JSA     Colour: BLK     Style: 4D,2/11/2022 11:10:23 AM,,
51305,21133457,1623308400000,2021,6,10,7,0,0,Thursday,543904.5336,4809054.69319,-80.457528,43.43311,Non intersection,2,P.D. only,Thru lane,unknown,unknown,SMV unattended vehicle,Unknown,Daylight,01 - Daylight,Municipal (excl. Twp. Rd.),No control,unknown,0,0,0,False,False,False,Clear,,True,Road 1: CONNAUGHT PLACE (IFO 33); Vehicle #1     Make:      Model:      Colour:      Style: ; Vehicle #2     Make: HOND     Model: FKG     Colour: GRY     Style: 4B,2/11/2022 11:10:26 AM,,
51306,21134311,1623762000000,2021,6,15,13,0,0,Tuesday,545309.43593,4812623.27119,-80.43987299999999,43.465157999999995,Non intersection,2,Non-reportable,Thru lane,unknown,unknown,SMV unattended vehicle,Unknown,Daylight,01 - Daylight,Municipal (excl. Twp. Rd.),No control,unknown,0,0,0,False,False,False,Clear,,True,Road 1: 94 NIPIGON ST (ON THE ROADWAY); Vehicle #1     Make: WSTR     Model: CNV     Colour: SIL     Style: CT; Vehicle #2     Make:      Model:      Colour:      Style:,2/11/2022 11:12:05 AM,,
51307,21134650,1623794160000,2021,6,15,21,56,0,Tuesday,543449.11538,4807962.70566,-80.463241,43.423303999999995,Non intersection,1,Non-fatal injury,Thru lane,unknown,unknown,SMV other,Unknown,Dark,07 - Dark,unknown,No control,unknown,2,0,0,True,False,False,Clear,,False,Road 1: BLOCK LINE RD (60 km/h); Road 2: HILLMOUNT ST; Distance: 52.0 K S; Vehicle #1     Make:      Model:      Colour:      Style:,2/11/2022 11:16:03 AM,,
51308,21135530,1623576600000,2021,6,13,9,30,0,Sunday,539178.54044,4811418.30288,-80.515749,43.454654,At/near private drive,2,Non-reportable,Thru lane,unknown,unknown,SMV unattended vehicle,Unknown,Daylight,01 - Daylight,Municipal (excl. Twp. Rd.),No control,unknown,0,0,0,False,False,False,Clear,,True,Road 1: MOUNT HOPE ST (IFO 101); Vehicle #1     Make: KIA     Model: SOR     Colour: SIL     Style: TY; Vehicle #2     Make: HOND     Model: UDY     Colour: BLK     Style: TY,2/11/2022 11:12:10 AM,,
51309,21136158,1623951900000,2021,6,17,17,45,0,Thursday,545797.01409,4808980.49662,-80.434152,43.432328999999996,At/near private drive,2,Non-reportable,Thru lane,unknown,unknown,SMV unattended vehicle,Unknown,Daylight,01 - Daylight,Municipal (excl. Twp. Rd.),No control,unknown,0,0,0,False,False,False,Clear,,True,Road 1: 125 FLORENCE AVE; Vehicle #1     Make: GMC     Model: SIE     Colour: RED     Style: PK; Vehicle #2     Make: CHEV     Model: TRX     Colour: GRY     Style: TY,2/11/2022 11:11:53 AM,,
51310,21136559,1624008000000,2021,6,18,9,20,0,Friday,544610.31916,4809092.84279,-80.448804,43.433412,At intersection,1,Non-fatal injury,Within intersection,unknown,unknown,SMV other,Unknown,Daylight,01 - Daylight,Regional municipality,unknown,Functioning,0,0,0,True,False,False,Rain,,False,Road 1: KINGSWAY DR (50 km/h); Road 2: FRANKLIN ST S (50 km/h); Charged Driver #1 on page 1: NA NA (NA) (NA); Vehicle #1     Make: KIA     Model: CRO     Colour: SIL     Style: 4B,2/11/2022 11:15:24 AM,,
51311,21136682,1623625200000,2021,6,13,23,0,0,Sunday,540744.41081,4808819.76504,-80.49659,43.431173,Non intersection,2,P.D. only,Thru lane,unknown,unknown,SMV other,Unknown,Dark,07 - Dark,Regional municipality,No control,unknown,0,0,0,False,False,False,Clear,,True,"Road 1: STIRLING AVE SOUTH , ONTARIO; Road 2: HOMER WATSON BLVD; Vehicle #1     Make: HYUN     Model: ESM     Colour: WHI     Style: 4D",2/11/2022 11:14:18 AM,,
51312,21136714,1623663900000,2021,6,14,9,45,0,Monday,538071.72264,4807548.66056,-80.529699,43.419869,Intersection related,2,P.D. only,Thru lane,unknown,unknown,Rear end,Unknown,Daylight,01 - Daylight,Municipal (excl. Twp. Rd.),unknown,Functioning,0,0,0,False,False,False,Rain,,True,Road 1: MCGARRY DR; Road 2: WESTHEIGHTS DR; Vehicle #1     Make: MITS     Model: MES     Colour: BLU     Style: 4B; Vehicle #2     Make:      Model:      Colour:      Style:,2/11/2022 11:12:56 AM,,
51313,21136778,1623021600000,2021,6,6,23,20,0,Sunday,536909.19282,4806767.49938,-80.544112,43.412893,Non intersection,2,Non-reportable,Thru lane,unknown,unknown,SMV unattended vehicle,Unknown,Dark,07 - Dark,Municipal (excl. Twp. Rd.),No control,unknown,0,0,0,False,False,False,Clear,,True,Road 1: 107 SUGAR MAPLE ST; Vehicle #1     Make: TOYT     Model: HIG     Colour: GRY     Style: TY; Vehicle #2     Make: TOYT     Model: CEP     Colour: GRY     Style: 4D,2/11/2022 11:15:58 AM,,
51314,21136785,1623501000000,2021,6,12,12,30,0,Saturday,537997.32977,4809250.58755,-80.5305,43.435196999999995,At/near private drive,2,Non-reportable,Thru lane,unknown,unknown,Other,Unknown,Daylight,01 - Daylight,Municipal (excl. Twp. Rd.),No control,unknown,0,0,0,False,False,False,Clear,,True,Road 1: 288 BENESFORT CRESCENT (IFO); Vehicle #1     Make: TOYT     Model: YAR     Colour: GRY     Style: 4B; Vehicle #2     Make: HOND     Model: UCL     Colour: BLK     Style: 4D,2/11/2022 11:15:26 AM,,
51315,21137019,1624042920000,2021,6,18,19,2,0,Friday,539568.28929,4811425.38276,-80.510932,43.454696999999996,Intersection related,2,P.D. only,Off highway,unknown,unknown,SMV other,Unknown,Daylight,01 - Daylight,Township,unknown,Functioning,0,0,0,False,False,False,Clear,,False,Road 1: PARK ST (50 km/h); Road 2: GREEN ST (50 km/h); Charged Driver #1 on page 1: HTA 142 (NA) (NA); Vehicle #1     Make: HYUN     Model: AGG     Colour: BLK     Style: 4B,2/11/2022 11:08:14 AM,,
51316,21137602,1624106400000,2021,6,19,12,40,0,Saturday,541798.02881,4810621.58764,-80.483434,43.447339,Intersection related,2,Non-reportable,Thru lane,unknown,unknown,Rear end,Unknown,Daylight,01 - Daylight,Regional municipality,unknown,Functioning,0,0,0,False,False,False,Clear,,True,Road 1: KING ST E; Road 2: CEDAR ST N; Vehicle #1     Make: TOYT     Model: RV4     Colour: WHI     Style: TY; Vehicle #2     Make: HYUN     Model: SFT     Colour: GRY     Style: TY,2/11/2022 11:15:07 AM,,
51317,21138212,1624151820000,2021,6,20,1,17,0,Sunday,543130.42815,4804696.10989,-80.46743599999999,43.39391,Non intersection,2,P.D. only,Thru lane,unknown,unknown,SMV other,Unknown,Dark,07 - Dark,Municipal (excl. Twp. Rd.),No control,unknown,1,0,0,False,False,False,Clear,,False,Road 1: STRASBURG RD (50 km/h); Road 2: HURON ROAD; Distance: 200.0 M E; Vehicle #1     Make: AUDI     Model: S6Q     Colour: SIL     Style: 4D,2/11/2022 11:10:45 AM,,
51318,21139126,1623155400000,2021,6,8,12,30,0,Tuesday,546127.06379,4805000.13685,-80.43041,43.396468999999996,Intersection related,2,Non-reportable,Thru lane,unknown,unknown,Angle,Unknown,Daylight,01 - Daylight,Municipal (excl. Twp. Rd.),unknown,Functioning,0,0,0,False,False,False,Clear,,True,Road 1: PIONEER DR; Road 2: GREEN VALLEY DR; Vehicle #1     Make:      Model:      Colour:      Style: ; Vehicle #2     Make: TOYT     Model: MTL     Colour: GRY     Style: 4D,2/11/2022 11:14:41 AM,,
51319,21139132,1623162600000,2021,6,8,14,30,0,Tuesday,541049.66252,4810180.65383,-80.492716,43.44341,Non intersection,2,Non-reportable,Thru lane,unknown,unknown,SMV unattended vehicle,Unknown,Daylight,01 - Daylight,Municipal (excl. Twp. Rd.),No control,unknown,0,0,0,False,False,False,Clear,,True,Road 1: 19 BRUDER AVE; Vehicle #1     Make:      Model:      Colour:      Style: ; Vehicle #2     Make: NISS     Model: ATS     Colour: SIL     Style: 4D,2/11/2022 11:15:40 AM,,
51320,21139332,1624280100000,2021,6,21,12,55,0,Monday,541625.53942,4807581.26611,-80.485798,43.419973,Non intersection,2,P.D. only,Thru lane,unknown,unknown,SMV unattended vehicle,Unknown,Daylight,01 - Daylight,Municipal (excl. Twp. Rd.),No control,unknown,1,0,0,False,False,False,Clear,,False,Road 1: 53 BARWOOD CRESCENT (50 km/h); Road 2: BARWOOD CRES; Distance: 2.0 M W; Charged Driver #1 on page 1: CAI 3 (NA) (NA); Vehicle #1     Make: HOND     Model: CIV     Colour: BLK     Style: 4D; Vehicle #2     Make: BUIC     Model: ENC     Colour: WHI ,2/11/2022 11:14:14 AM,,
51321,21139413,1624286280000,2021,6,21,14,38,0,Monday,541276.1444,4810062.53156,-80.489926,43.442333999999995,Non intersection,2,P.D. only,Thru lane,unknown,unknown,SMV other,Unknown,Daylight,01 - Daylight,Municipal (excl. Twp. Rd.),No control,unknown,1,0,0,False,False,False,Clear,,False,Road 1: 100 WHITNEY PL (50 km/h); Road 2: WHITNEY PL; Distance: 1.0 M W; Vehicle #1     Make: VOLV     Model: VNL6     Colour:      Style:,2/11/2022 11:14:16 AM,,