OBJECTID,ACCIDENTNUM,ACCIDENTDATE,ACCIDENT_YEAR,ACCIDENT_MONTH,ACCIDENT_DAY,ACCIDENT_HOUR,ACCIDENT_MINUTE,ACCIDENT_SECOND,ACCIDENT_WEEKDAY,XCOORD,YCOORD,LONGITUDE,LATITUDE,ACCIDENTLOCATION,COLLISIONTYPE,CLASSIFICATIONOFACCIDENT,IMPACTLOCATION,INITIALDIRECTIONOFTRAVELONE,INITIALDIRECTIONOFTRAVELTWO,INITIALIMPACTTYPE,INTTRAFFICCONTROL,LIGHT,LIGHTFORREPORT,ROADJURISDICTION,TRAFFICCONTROL,TRAFFICCONTROLCONDITION,THRULANENO,NORTHBOUNDDISOBEYCOUNT,SOUTHBOUNDDISOBEYCOUNT,PEDESTRIANINVOLVED,CYCLISTINVOLVED,MOTORCYCLISTINVOLVED,ENVIRONMENTCONDITION1,ENVIRONMENTCONDITION2,SELFREPORTED,XMLIMPORTNOTES,LASTEDITEDDATE,CREATE_BY,CREATE_DATE
51371,21162511,1626663000000,2021,7,19,2,50,0,Monday,541571.95297,4808583.44385,-80.48638299999999,43.429,Non intersection,1,Non-fatal injury,Not on roadway - right side,unknown,unknown,SMV other,Unknown,Dark,07 - Dark,Municipal (excl. Twp. Rd.),No control,unknown,0,0,0,False,False,False,Clear,,False,Road 1: HIGHLAND RD E (50 km/h); Road 2: HOMER WATSON BLVD KITCHENER (70 km/h); Distance: 10.0 M S; Vehicle #1     Make: HYUN     Model: CPL     Colour: BLK     Style: 4B,1/3/2023 10:15:06 AM,,
51372,21162829,1626006480000,2021,7,11,12,28,0,Sunday,544560.19882,4811739.80208,-80.449208,43.457248,At intersection,2,Non-reportable,Within intersection,unknown,unknown,Rear end,Unknown,Daylight,01 - Daylight,Regional municipality,unknown,Functioning,0,0,0,False,False,False,"Fog, mist, smoke, dust",,True,Road 1: RIVER RD E; Road 2: LORRAINE AVE; Vehicle #1     Make: CHEV     Model: ML     Colour: BLK     Style: 4D; Vehicle #2     Make:      Model:      Colour:      Style:,2/11/2022 11:14:44 AM,,
51373,21162988,1626618600000,2021,7,18,14,30,0,Sunday,540923.7087,4810569.54876,-80.494243,43.446919,Intersection related,1,Non-fatal injury,Right turn lane,unknown,unknown,Other,Unknown,Daylight,01 - Daylight,Municipal (excl. Twp. Rd.),unknown,Functioning,0,0,0,False,False,False,Clear,,False,Road 1: DAVID ST (30 km/h); Road 2: COURTLAND AVE W (50 km/h); Vehicle #1     Make: INTL     Model: 40S     Colour: WHI     Style: VN; Vehicle #2     Make: HYUN     Model: ESM     Colour: GRY     Style: 4D,1/3/2023 10:15:31 AM,,
51374,21163372,1626744900000,2021,7,20,1,35,0,Tuesday,538975.32277,4810169.26118,-80.51835,43.443418,Non intersection,2,P.D. only,Passing lane,unknown,unknown,SMV unattended vehicle,Unknown,Dark,07 - Dark,Municipal (excl. Twp. Rd.),No control,unknown,0,0,0,False,False,False,Clear,,False,Road 1: KARN ST (50 km/h); Road 2: ALICE AVE; Distance: 35.0 K W; Charged Driver #1 on page 1: HTA 320 (NA) (NA); Vehicle #1     Make: INFI     Model: Q5S     Colour: WHI     Style: 4D; Vehicle #2     Make: FORD     Model: COF     Colour: RED     Style: C,4/22/2022 2:25:32 PM,,
51375,21163541,1626769800000,2021,7,20,8,30,0,Tuesday,543230.34802,4804482.34172,-80.466219,43.391979,Intersection related,2,Non-reportable,Within intersection,unknown,unknown,Sideswipe,Unknown,Daylight,01 - Daylight,Regional municipality,unknown,Functioning,0,0,1,False,False,False,Clear,,True,Road 1: STRASBURG RD KITCHENER; Road 2: HURON ROAD KITCHENER; Vehicle #1     Make: FORD     Model: COF     Colour: GRY     Style: PK; Vehicle #2     Make:      Model:      Colour:      Style:,2/11/2022 11:17:03 AM,,
51376,21163548,1626629400000,2021,7,18,17,30,0,Sunday,537545.48552,4806772.10398,-80.536253,43.412903,Non intersection,2,P.D. only,Thru lane,unknown,unknown,SMV unattended vehicle,Unknown,Daylight,01 - Daylight,Municipal (excl. Twp. Rd.),No control,unknown,0,0,0,False,False,False,Clear,,True,Road 1: 202 DRIFTWOOD DR; Vehicle #1     Make: INFI     Model: EXA     Colour: SIL     Style: SW; Vehicle #2     Make: HYUN     Model: EGM     Colour: BLK     Style: 4D,2/11/2022 11:16:38 AM,,
51377,21163652,1625306400000,2021,7,3,10,0,0,Saturday,537004.11139,4808628.95286,-80.54281399999999,43.429649,At/near private drive,2,P.D. only,Thru lane,unknown,unknown,SMV unattended vehicle,Unknown,Daylight,01 - Daylight,Municipal (excl. Twp. Rd.),No control,unknown,0,0,0,False,False,False,Clear,,True,Road 1: HOLLYRIDGE CRESCENT (IFO 72); Vehicle #1     Make: INFI     Model: GAW     Colour: SIL     Style: 4D; Vehicle #2     Make: ACUR     Model: AWT     Colour: SIL     Style: 4D,2/11/2022 11:11:29 AM,,
51378,21163733,1626782400000,2021,7,20,12,0,0,Tuesday,539842.8416,4808451.71775,-80.507755,43.427907999999995,Non intersection,2,P.D. only,Thru lane,unknown,unknown,Sideswipe,Unknown,Daylight,01 - Daylight,Municipal (excl. Twp. Rd.),No control,unknown,0,0,0,False,False,False,Clear,,True,Road 1: 295 GREENBROOK DR KITCHENER; Vehicle #1     Make: HYUN     Model: EGM     Colour: GRY     Style: 4D; Vehicle #2     Make: FORD     Model: COF     Colour: BLK     Style: PK,2/11/2022 11:16:41 AM,,
51379,21163823,1626272100000,2021,7,14,14,15,0,Wednesday,539028.71214,4811085.55229,-80.517625,43.451665999999996,Non intersection,2,P.D. only,Thru lane,unknown,unknown,Rear end,Unknown,Daylight,01 - Daylight,Municipal (excl. Twp. Rd.),No control,unknown,0,0,0,False,False,False,Clear,,True,Road 1: GLASGOW ST; Road 2: BELMONT AVE W; Vehicle #1     Make: TOYT     Model: UCS     Colour: GRY     Style: 4D; Vehicle #2     Make: MAZD     Model: M3I     Colour: BLU     Style: 4D; Vehicle #3     Make: TOYT     Model: CH4     Colour: RED     Style: ,2/11/2022 11:15:43 AM,,
51380,21163996,1626800100000,2021,7,20,16,55,0,Tuesday,543243.41092,4808703.3753,-80.465724,43.429984999999995,Non intersection,2,P.D. only,Thru lane,unknown,unknown,SMV unattended vehicle,Unknown,Daylight,01 - Daylight,Municipal (excl. Twp. Rd.),No control,unknown,1,0,0,False,False,False,Rain,,False,Road 1: 37 VANIER DR (50 km/h); Road 2: VANIER DR; Distance: 20.0 M W; Vehicle #1     Make:      Model:      Colour:      Style: ; Vehicle #2     Make: HYUN     Model: TUC     Colour: WHI     Style: TY,2/11/2022 11:09:10 AM,,
51381,21164340,1626834480000,2021,7,21,2,28,0,Wednesday,539148.84956,4808817.46743,-80.516303,43.431238,Non intersection,2,P.D. only,Left shoulder,unknown,unknown,SMV other,Unknown,Dark,07 - Dark,Regional municipality,No control,unknown,0,0,0,False,False,False,Clear,,False,Road 1: 1369 QUEENS BLVD (50 km/h); Road 2: QUEENS BLVD; Distance: 10.0 M N; Vehicle #1     Make: FORD     Model: MUS     Colour: BLK     Style: CV,2/11/2022 11:09:41 AM,,
51382,21164518,1624352400000,2021,6,22,9,0,0,Tuesday,542423.47182,4815928.27548,-80.475292,43.495084999999996,Non intersection,2,Non-reportable,Right shoulder,unknown,unknown,SMV unattended vehicle,Unknown,Daylight,01 - Daylight,Municipal (excl. Twp. Rd.),No control,unknown,0,0,0,False,False,False,Clear,,True,Road 1: 51 COOPERSHAWK ST; Vehicle #1     Make:      Model:      Colour:      Style: ; Vehicle #2     Make: HOND     Model: CCL     Colour: BLU     Style: 4D,2/11/2022 11:15:48 AM,,
51383,21164776,1620315000000,2021,5,6,15,30,0,Thursday,544597.80668,4811795.29722,-80.44873799999999,43.457744999999996,Non intersection,2,P.D. only,Thru lane,unknown,unknown,Rear end,Unknown,Daylight,01 - Daylight,Municipal (excl. Twp. Rd.),No control,unknown,0,0,0,False,False,False,Clear,,True,Road 1: LORRAINE AVE; Road 2: BIRKSHIRE CT; Vehicle #1     Make: HOND     Model: UCL     Colour: WHI     Style: 4D; Vehicle #2     Make: BUIC     Model: VER     Colour: WHI     Style: 4D,2/11/2022 11:16:04 AM,,
51384,21165390,1621724400000,2021,5,22,23,0,0,Saturday,538966.31521,4810031.19516,-80.51847099999999,43.442175999999996,At/near private drive,2,Non-reportable,Thru lane,unknown,unknown,SMV unattended vehicle,Unknown,Dark,07 - Dark,Municipal (excl. Twp. Rd.),No control,unknown,0,0,0,False,False,False,Clear,,True,Road 1: WEICHEL ST (IFO 27); Vehicle #1     Make:      Model:      Colour:      Style: ; Vehicle #2     Make: FORD     Model: COF     Colour: GRY     Style: PK,8/16/2022 3:05:33 PM,,
51385,21165476,1626953400000,2021,7,22,11,30,0,Thursday,543214.29263,4804530.83078,-80.466414,43.392416999999995,Intersection related,2,Non-reportable,Thru lane,unknown,unknown,SMV other,Unknown,Daylight,01 - Daylight,Regional municipality,unknown,Functioning,0,0,0,False,False,False,Clear,,True,Road 1: STRASBURG; Road 2: HURON; Vehicle #1     Make: TOYT     Model: MTL     Colour: SIL     Style: 4D,2/11/2022 11:07:41 AM,,
51386,21165801,1626975000000,2021,7,22,17,30,0,Thursday,541298.8928,4813245.16749,-80.489404,43.470988999999996,Non intersection,2,P.D. only,Thru lane,unknown,unknown,Rear end,Unknown,Daylight,01 - Daylight,Municipal (excl. Twp. Rd.),No control,unknown,0,0,0,False,False,False,Clear,,True,Road 1: UNION ST; Vehicle #1     Make: MAZD     Model: 3TR     Colour: BLU     Style: 4D; Vehicle #2     Make: MERZ     Model: MS6     Colour: BLK     Style: TY,2/11/2022 11:10:33 AM,,
51387,21166676,1627058700000,2021,7,23,16,45,0,Friday,548200.7311,4806491.27794,-80.404674,43.409765,At/near private drive,1,Non-fatal injury,Not on roadway - right side,unknown,unknown,Other,Unknown,Daylight,01 - Daylight,Municipal (excl. Twp. Rd.),No control,unknown,0,0,0,False,True,False,Clear,,False,Road 1: 22 WAGON ST (50 km/h); Road 2: WAGON ST; Distance: 7.0 M W; Vehicle #1     Make: LNDR     Model: RSP     Colour: BLK     Style: TY; Vehicle #2     Make: BICY     Model: BICY     Colour:      Style: BIC,2/11/2022 11:09:02 AM,,
51388,21166680,1627061400000,2021,7,23,17,30,0,Friday,539079.53108,4811110.27951,-80.516995,43.451885999999995,Intersection related,2,P.D. only,Thru lane,unknown,unknown,Rear end,Unknown,Daylight,01 - Daylight,Regional municipality,unknown,Functioning,0,0,0,False,False,False,Clear,,True,Road 1: BELMONT AVE W; Road 2: GLASGOW ST; Distance: 20.0 M S; Vehicle #1     Make: RAM     Model: DUR     Colour: BLK     Style: PK; Vehicle #2     Make: NISS     Model: BSS     Colour: BLK     Style: 2D,2/11/2022 11:08:09 AM,,
51389,21166707,1627062300000,2021,7,23,17,45,0,Friday,543482.46739,4811530.27009,-80.46254499999999,43.455425,Non intersection,2,P.D. only,Right shoulder,unknown,unknown,SMV unattended vehicle,Unknown,Daylight,01 - Daylight,Regional municipality,No control,unknown,0,0,0,False,False,False,Clear,,False,Road 1: 121 CAMBRIDGE AVE (40 km/h); Road 2: KRUG ST; Distance: 10.0 M S; Vehicle #1     Make:      Model:      Colour:      Style: ; Vehicle #2     Make: ACUR     Model: TL4     Colour: GRY     Style: 4D,2/11/2022 11:16:28 AM,,
51390,21167026,1627093800000,2021,7,24,2,30,0,Saturday,543047.21732,4807457.41851,-80.468246,43.418777999999996,Intersection related,2,P.D. only,Not on roadway - right side,unknown,unknown,SMV other,Unknown,Dark,07 - Dark,Regional municipality,unknown,unknown,0,0,0,False,False,False,Clear,,False,Road 1: BLOCK LINE RD (50 km/h); Road 2: FALLOWFIELD DR (50 km/h); Distance: 4.0 M E; Charged Driver #1 on page 1: HTA 32 (NA) (NA); Vehicle #1     Make: HOND     Model: CRV     Colour: GRY     Style: TY,2/11/2022 11:14:54 AM,,
51391,21168186,1627222620000,2021,7,25,14,17,0,Sunday,542017.30525,4807242.21224,-80.48098399999999,43.416897999999996,Intersection related,2,P.D. only,Not on roadway - right side,unknown,unknown,SMV other,Unknown,Daylight,01 - Daylight,Regional municipality,unknown,Functioning,0,0,0,False,False,False,Clear,,False,Road 1: BLACKHORNE DR (50 km/h); Road 2: STRASBURG RD; Distance: 1.0 M N; Charged Driver #1 on page 1: HTA 130 (NA) (NA); Vehicle #1     Make: HOND     Model: ULS     Colour: SIL     Style: 4D,4/22/2022 2:25:46 PM,,
51392,21168308,1627234200000,2021,7,25,17,30,0,Sunday,544330.52788,4808468.01433,-80.45231199999999,43.427802,At intersection,2,P.D. only,Within intersection,unknown,unknown,Angle,Unknown,Daylight,01 - Daylight,Regional municipality,unknown,Functioning,0,0,0,False,False,False,Clear,,True,Road 1: GREENFIELD AVE; Road 2: FRANKLIN ST S; Vehicle #1     Make: HOND     Model: ULX     Colour: BLK     Style: 4D; Vehicle #2     Make: HYUN     Model: AGG     Colour: BLU     Style: 4B,2/11/2022 11:07:49 AM,,
51393,21168697,1627287300000,2021,7,26,8,15,0,Monday,537549.87884,4808106.53076,-80.536107,43.424918,At/near private drive,2,P.D. only,Thru lane,unknown,unknown,SMV unattended vehicle,Unknown,Daylight,01 - Daylight,Municipal (excl. Twp. Rd.),No control,unknown,0,0,0,False,False,False,Clear,,True,Road 1: 40 LANARK CT FOREST HEIGHTS (IFO); Vehicle #1     Make: ACUR     Model: MDX     Colour: GLD     Style: TY; Vehicle #2     Make: HINO     Model: CIN     Colour: WHI     Style: CT,2/11/2022 11:08:50 AM,,
51394,21169754,1627385400000,2021,7,27,11,30,0,Tuesday,538062.67102,4808311.47304,-80.529758,43.426736999999996,At intersection,2,P.D. only,Thru lane,unknown,unknown,Rear end,Unknown,Daylight,01 - Daylight,Municipal (excl. Twp. Rd.),unknown,Functioning,0,0,0,False,False,False,Clear,,True,Road 1: QUEEN'S BLVD; Road 2: WESTHEIGHTS DR; Vehicle #1     Make: TOYT     Model: TIM     Colour: GRY     Style: 4W; Vehicle #2     Make: VOLK     Model: JTD     Colour: WHI     Style: SW,2/11/2022 11:07:52 AM,,
51395,21170022,1627411500000,2021,7,27,18,45,0,Tuesday,538380.29066,4805283.7738,-80.52604699999999,43.399459,At/near private drive,2,P.D. only,Not on roadway - right side,unknown,unknown,SMV other,Unknown,Daylight,01 - Daylight,Municipal (excl. Twp. Rd.),No control,unknown,0,0,0,False,False,False,Clear,,False,Road 1: ELIZA AVE (50 km/h); Road 2: NYLES DR; Distance: 1.0 K S; Charged Driver #1 on page 1: HTA 130 (NA) (NA); Vehicle #1     Make: HOND     Model: ODY     Colour: WHI     Style: VN,4/22/2022 2:27:11 PM,,
51396,21170618,1627237200000,2021,7,25,18,20,0,Sunday,545203.4363,4808061.86519,-80.44156199999999,43.424093,At/near private drive,2,P.D. only,Off highway,unknown,unknown,Sideswipe,Unknown,Daylight,01 - Daylight,Municipal (excl. Twp. Rd.),No control,unknown,0,0,0,False,False,False,Clear,,True,Road 1: 2960 KINGSWAY DR (PARK LOT); Vehicle #1     Make:      Model:      Colour:      Style: ; Vehicle #2     Make: KIA     Model: FNG     Colour: GRY     Style: 4D,2/11/2022 11:09:05 AM,,
51397,21170662,1627235100000,2021,7,25,17,45,0,Sunday,546105.36378,4811067.64982,-80.430166,43.451102,At/near private drive,2,P.D. only,Thru lane,unknown,unknown,SMV unattended vehicle,Unknown,Daylight,01 - Daylight,Municipal (excl. Twp. Rd.),No control,unknown,0,0,0,False,False,False,Clear,,True,Road 1: OLDFIELD DR (IFO 115); Road 2: BURNT EMBER; Vehicle #1     Make: TOYT     Model: TAC     Colour: BLK     Style: CW; Vehicle #2     Make: HYUN     Model: ELA     Colour: WHI     Style: 4D,2/11/2022 11:08:53 AM,,
51398,21170763,1627483080000,2021,7,28,14,38,0,Wednesday,538358.49486,4809783.82509,-80.52600000000001,43.43998,Non intersection,2,P.D. only,Thru lane,unknown,unknown,Approaching,Unknown,Daylight,01 - Daylight,Municipal (excl. Twp. Rd.),No control,unknown,1,0,0,False,False,False,Clear,,False,Road 1: HAZELGLEN DR (50 km/h); Road 2: MOOREGATE CRESCENT; Distance: 5.0 M S; Vehicle #1     Make: FORD     Model: EPR     Colour: BLU     Style: TY; Vehicle #2     Make: LEXS     Model: AS3     Colour: SIL     Style: 4D,2/11/2022 11:08:28 AM,,
51399,21171129,1627518600000,2021,7,29,0,30,0,Thursday,547677.68571,4804527.14954,-80.411305,43.392112999999995,Non intersection,2,P.D. only,Thru lane,unknown,unknown,SMV unattended vehicle,Unknown,Dark,07 - Dark,Municipal (excl. Twp. Rd.),No control,unknown,0,0,0,False,False,False,Clear,,True,Road 1: 78 AMHERST DRIVE (IN FRONT OF); Vehicle #1     Make:      Model:      Colour:      Style: ; Vehicle #2     Make: MERZ     Model: C4A     Colour: BLK     Style: 4D,2/11/2022 11:10:46 AM,,
51400,21171397,1627557300000,2021,7,29,11,15,0,Thursday,545364.34292,4811022.49313,-80.439328,43.450741,At intersection,2,Non-reportable,Within intersection,unknown,unknown,Angle,Unknown,Daylight,01 - Daylight,Municipal (excl. Twp. Rd.),unknown,Functioning,0,0,0,False,False,False,Clear,,True,Road 1: OLD CHICOPEE DR; Road 2: HOLBORN DR; Vehicle #1     Make: KIA     Model: OLX     Colour: BLK     Style: 4D; Vehicle #2     Make: SUBA     Model: FOR     Colour: WHI     Style: TY,2/11/2022 11:09:59 AM,,
51401,21171478,1627040700000,2021,7,23,11,45,0,Friday,544191.59313,4809887.32389,-80.453914,43.44059,Non intersection,2,Non-reportable,Thru lane,unknown,unknown,SMV unattended vehicle,Unknown,Daylight,01 - Daylight,Municipal (excl. Twp. Rd.),No control,unknown,0,0,0,False,False,False,Clear,,True,Road 1: ROSS AVE; Road 2: SHANTZ LN; Vehicle #1     Make:      Model:      Colour:      Style: ; Vehicle #2     Make: FORD     Model: TRN     Colour: WHI     Style: FV,2/11/2022 11:09:27 AM,,
51402,21172046,1627614000000,2021,7,30,3,0,0,Friday,542798.766,4806611.069,-80.471381,43.411170999999996,Non intersection,2,P.D. only,Thru lane,unknown,unknown,SMV unattended vehicle,Unknown,Dark,07 - Dark,Municipal (excl. Twp. Rd.),No control,unknown,0,0,0,False,False,False,Clear,,True,Road 1: 60 CENTURY HILL DR (IN FRONT OF); Vehicle #1     Make:      Model:      Colour:      Style: ; Vehicle #2     Make: CHEV     Model: MLT     Colour: BLK     Style: 4D,2/11/2022 11:08:21 AM,,
51403,21172979,1627704720000,2021,7,31,4,12,0,Saturday,540202.03705,4809750.97356,-80.503222,43.439586999999996,Non intersection,2,P.D. only,Left shoulder,unknown,unknown,SMV other,Unknown,"Dark, artificial","08 - Dark, artificial",Municipal (excl. Twp. Rd.),No control,unknown,0,0,0,False,False,False,Clear,,False,Road 1: 56 PATRICIA AVE (50 km/h); Road 2: PATRICIA AVE; Distance: 10.0 M W; Vehicle #1     Make: TOYT     Model: FRS     Colour: BLK     Style: 2D,4/22/2022 2:25:02 PM,,
51404,21173044,1627720500000,2021,7,31,8,35,0,Saturday,539482.58129,4811490.61564,-80.511986,43.455289,Non intersection,2,P.D. only,Thru lane,unknown,unknown,Sideswipe,Unknown,Daylight,01 - Daylight,Municipal (excl. Twp. Rd.),No control,unknown,0,0,0,False,False,False,Clear,,True,Road 1: 431 PARK ST; Road 2: GILDNER ST; Vehicle #1     Make: BMW     Model: 28X     Colour: BRZ     Style: 4D; Vehicle #2     Make: TOYT     Model: MTL     Colour: BLU     Style: 4D,8/16/2022 3:02:53 PM,,
51405,21173127,1627560600000,2021,7,29,12,10,0,Thursday,543513.34422,4805029.10014,-80.462682,43.396885999999995,Non intersection,2,P.D. only,Thru lane,unknown,unknown,Rear end,Unknown,Daylight,01 - Daylight,Municipal (excl. Twp. Rd.),No control,unknown,0,0,0,False,False,False,Clear,,True,Road 1: BATTLER RD; Road 2: HURON RD; Vehicle #1     Make: FORD     Model: SPE     Colour: BLK     Style: TY; Vehicle #2     Make: JEEP     Model: CMP     Colour: WHI     Style: TY,2/11/2022 11:10:41 AM,,
51406,21173214,1627729200000,2021,7,31,11,0,0,Saturday,538935.92624,4811487.63892,-80.518743,43.455290999999995,Non intersection,2,Non-reportable,Thru lane,unknown,unknown,Sideswipe,Unknown,Daylight,01 - Daylight,Municipal (excl. Twp. Rd.),No control,unknown,0,0,0,False,True,False,Clear,,True,Road 1: UNION BLVD; Road 2: BELMONT AVE W; Vehicle #1     Make: MAZD     Model: 3TR     Colour: WHI     Style: 4B; Vehicle #2     Make:      Model:      Colour:      Style:,2/11/2022 11:10:38 AM,,
51407,21173223,1626956400000,2021,7,22,12,20,0,Thursday,537652.36269,4807392.77344,-80.53488999999999,43.418486,Intersection related,2,P.D. only,Within intersection,unknown,unknown,Other,Unknown,Daylight,01 - Daylight,Municipal (excl. Twp. Rd.),unknown,Functioning,0,0,0,False,False,False,Clear,,True,Road 1: DRIFTWOOD DR; Road 2: WESTHEIGHTS DR; Vehicle #1     Make: CHEV     Model: SIL     Colour: BLK     Style: CW; Vehicle #2     Make: HOND     Model: UAX     Colour: RED     Style: 4D,2/11/2022 11:07:35 AM,,
51408,21173990,1622377800000,2021,5,30,12,30,0,Sunday,535910.63485,4809369.32328,-80.556275,43.436369,Non intersection,2,Non-reportable,Thru lane,unknown,unknown,SMV unattended vehicle,Unknown,Daylight,01 - Daylight,Municipal (excl. Twp. Rd.),No control,unknown,0,0,0,False,False,False,Clear,,True,Road 1: 251 LEMON GRASS CRESCENT; Vehicle #1     Make:      Model:      Colour:      Style: ; Vehicle #2     Make: FORD     Model: SRW     Colour: YEL     Style: PK,2/11/2022 11:09:15 AM,,
51409,21174084,1624878000000,2021,6,28,11,0,0,Monday,543079.18383,4811614.84659,-80.467523,43.456209,Non intersection,2,Non-reportable,Right shoulder,unknown,unknown,SMV unattended vehicle,Unknown,Daylight,01 - Daylight,Municipal (excl. Twp. Rd.),No control,unknown,0,0,0,False,False,False,Clear,,True,Road 1: 26 EDINBURGH RD; Vehicle #1     Make:      Model:      Colour:      Style: ; Vehicle #2     Make: TOYT     Model: YAR     Colour: BLK     Style: 4B,2/11/2022 11:09:13 AM,,
51410,21174334,1627842240000,2021,8,1,18,24,0,Sunday,541874.59696,4810743.78418,-80.482479,43.448434999999996,At intersection,2,P.D. only,Within intersection,unknown,unknown,SMV other,Unknown,Daylight,01 - Daylight,Municipal (excl. Twp. Rd.),unknown,Functioning,0,0,0,False,False,False,Rain,,False,Road 1: DUKE ST E (50 km/h); Road 2: CEDAR ST N (50 km/h); Charged Driver #1 on page 1: HTA 130 (NA) (NA); Vehicle #1     Make: CHEV     Model: RAX     Colour: RED     Style: TY,2/11/2022 11:08:04 AM,,
51411,21174802,1626720300000,2021,7,19,18,45,0,Monday,538983.23604,4806005.26437,-80.51854999999999,43.405924999999996,Intersection related,2,Non-reportable,Within intersection,unknown,unknown,Angle,Unknown,Daylight,01 - Daylight,Municipal (excl. Twp. Rd.),unknown,unknown,0,0,0,False,False,False,Clear,,True,Road 1: DAVID BERGEY DR; Road 2: PEACH BLOSSOM CRESCENT; Vehicle #1     Make:      Model:      Colour:      Style: ; Vehicle #2     Make: NISS     Model: PFI     Colour: BLK     Style: TY,2/11/2022 11:16:59 AM,,
51412,21174862,1627738800000,2021,7,31,13,40,0,Saturday,545984.11565,4802616.43721,-80.43237599999999,43.375015,Non intersection,2,P.D. only,Thru lane,unknown,unknown,SMV unattended vehicle,Unknown,Daylight,01 - Daylight,Municipal (excl. Twp. Rd.),No control,unknown,0,0,0,False,False,False,Clear,,True,Road 1: 396 THOMAS SLEE DR (IFO); Vehicle #1     Make:      Model:      Colour:      Style: ; Vehicle #2     Make: HOND     Model: CRV     Colour: BLK     Style: TY,2/11/2022 11:10:49 AM,,
51413,21174893,1627903800000,2021,8,2,11,30,0,Monday,541096.06529,4811567.67468,-80.492038,43.455895999999996,Non intersection,2,P.D. only,Thru lane,unknown,unknown,Other,Unknown,Daylight,01 - Daylight,Municipal (excl. Twp. Rd.),No control,unknown,0,0,0,False,False,False,Clear,,True,Road 1: 100 AHRENS ST W (IFO); Vehicle #1     Make: VOLV     Model: S42     Colour: BLU     Style: 4D; Vehicle #2     Make: TOYT     Model: MTL     Colour: WHI     Style: 4D,2/11/2022 11:10:52 AM,,
51414,21174910,1626975000000,2021,7,22,17,30,0,Thursday,539268.56922,4809763.05552,-80.51475599999999,43.439744999999995,Non intersection,2,P.D. only,Thru lane,unknown,unknown,Sideswipe,Unknown,Daylight,01 - Daylight,Municipal (excl. Twp. Rd.),No control,unknown,0,0,0,False,False,False,Clear,,True,Road 1: 29 PAULANDER DR VICTORIA HILLS (IN FRONT OF); Vehicle #1     Make:      Model:      Colour:      Style: ; Vehicle #2     Make: HOND     Model: UDY     Colour: WHI     Style: VN,2/11/2022 11:08:26 AM,,
51415,21175104,1627921440000,2021,8,2,16,24,0,Monday,544631.51261,4810345.66004,-80.44843999999999,43.444691,Non intersection,2,P.D. only,Right shoulder,unknown,unknown,Approaching,Unknown,Daylight,01 - Daylight,Regional municipality,No control,unknown,0,0,0,False,False,False,Clear,,False,Road 1: FRANKLIN ST N (40 km/h); Road 2: BRADLEY DR; Distance: 50.0 M S; Charged Driver #1 on page 1: HTA 130 (NA) (NA); Vehicle #1     Make: DODG     Model: CVR     Colour: RED     Style: VN; Vehicle #2     Make: DODG     Model: DAX     Colour: ONG     S,2/11/2022 11:09:39 AM,,
51416,21175196,1627920000000,2021,8,2,16,0,0,Monday,545835.28859,4803008.58312,-80.43418,43.378555,Non intersection,2,P.D. only,Thru lane,unknown,unknown,SMV unattended vehicle,Unknown,Daylight,01 - Daylight,Municipal (excl. Twp. Rd.),No control,unknown,0,0,0,False,False,False,Clear,,True,Road 1: 541 ROBERT FERRIE DR (IFO); Vehicle #1     Make:      Model:      Colour:      Style: ; Vehicle #2     Make: CHEV     Model: SIL     Colour: BLK     Style: PK,2/11/2022 11:10:59 AM,,
51417,21175619,1626800400000,2021,7,20,17,0,0,Tuesday,543089.47562,4806562.72378,-80.467795,43.410719,Non intersection,2,P.D. only,Right shoulder,unknown,unknown,SMV unattended vehicle,Unknown,Daylight,01 - Daylight,Municipal (excl. Twp. Rd.),No control,unknown,0,0,0,False,False,False,Clear,,True,Road 1: CENTURY HILL DR; Road 2: SOUTHWOOD DR; Vehicle #1     Make:      Model:      Colour:      Style: ; Vehicle #2     Make: NISS     Model: ROG     Colour: BLK     Style: TY,2/11/2022 11:08:32 AM,,
51418,21175898,1628001000000,2021,8,3,14,30,0,Tuesday,545190.90483,4808136.34307,-80.44171,43.424765,Non intersection,2,P.D. only,Thru lane,unknown,unknown,Turning movement,Unknown,Daylight,01 - Daylight,Municipal (excl. Twp. Rd.),No control,unknown,0,0,0,False,False,False,Clear,,True,Road 1: GREENFIELD AVE; Road 2: KINGSWAY DR; Vehicle #1     Make: TOYT     Model: MTL     Colour: BLK     Style: 4D; Vehicle #2     Make: BMW     Model: 43X     Colour: GRY     Style: 2D,2/11/2022 11:10:55 AM,,
51419,21175999,1628010240000,2021,8,3,17,4,0,Tuesday,545142.53328,4806853.56353,-80.442414,43.413216999999996,Non intersection,1,Non-fatal injury,Not on roadway - right side,unknown,unknown,SMV other,Unknown,Daylight,01 - Daylight,Municipal (excl. Twp. Rd.),No control,unknown,0,0,0,False,False,False,Clear,,False,Road 1: 800 WILSON AVE (60 km/h); Road 2: WILSON AVE; Distance: 1.0 M E; Vehicle #1     Make: TOYT     Model: RUN     Colour: BLK     Style: TY,2/11/2022 11:10:37 AM,,
51420,21176644,1628082960000,2021,8,4,13,16,0,Wednesday,541906.15957,4808344.59677,-80.48227299999999,43.426831,At intersection,2,P.D. only,Within intersection,unknown,unknown,SMV other,Unknown,Daylight,01 - Daylight,Regional municipality,unknown,Functioning,0,0,0,False,False,False,Clear,,False,Road 1: OTTAWA ST S (50 km/h); Road 2: HOMER WATSON BLVD (50 km/h); Vehicle #1     Make: PETE     Model:      Colour:      Style:,4/22/2022 2:26:25 PM,,