OBJECTID,ACCIDENTNUM,ACCIDENTDATE,ACCIDENT_YEAR,ACCIDENT_MONTH,ACCIDENT_DAY,ACCIDENT_HOUR,ACCIDENT_MINUTE,ACCIDENT_SECOND,ACCIDENT_WEEKDAY,XCOORD,YCOORD,LONGITUDE,LATITUDE,ACCIDENTLOCATION,COLLISIONTYPE,CLASSIFICATIONOFACCIDENT,IMPACTLOCATION,INITIALDIRECTIONOFTRAVELONE,INITIALDIRECTIONOFTRAVELTWO,INITIALIMPACTTYPE,INTTRAFFICCONTROL,LIGHT,LIGHTFORREPORT,ROADJURISDICTION,TRAFFICCONTROL,TRAFFICCONTROLCONDITION,THRULANENO,NORTHBOUNDDISOBEYCOUNT,SOUTHBOUNDDISOBEYCOUNT,PEDESTRIANINVOLVED,CYCLISTINVOLVED,MOTORCYCLISTINVOLVED,ENVIRONMENTCONDITION1,ENVIRONMENTCONDITION2,SELFREPORTED,XMLIMPORTNOTES,LASTEDITEDDATE,CREATE_BY,CREATE_DATE
51421,21176930,1628099400000,2021,8,4,17,50,0,Wednesday,542805.60898,4814638.33837,-80.47066699999999,43.483449,Non intersection,2,P.D. only,Thru lane,unknown,unknown,Rear end,Unknown,"Daylight, artificial","02 - Daylight, artificial",Municipal (excl. Twp. Rd.),No control,unknown,1,0,0,False,False,False,Clear,,False,Road 1: BLOOMINGDALE RD N (60 km/h); Road 2: STANLEY AVE; Distance: 5.0 M E; Vehicle #1     Make: STRN     Model: ASE     Colour: BLK     Style: 4B; Vehicle #2     Make:      Model:      Colour:      Style:,4/22/2022 2:24:49 PM,,
51422,21177265,1628154420000,2021,8,5,9,7,0,Thursday,540172.49432,4809414.77004,-80.50361199999999,43.436561,At intersection,1,Non-fatal injury,Within intersection,unknown,unknown,Angle,Unknown,Daylight,01 - Daylight,Municipal (excl. Twp. Rd.),unknown,Functioning,0,0,0,False,False,False,Clear,,False,Road 1: QUEEN'S BLVD (50 km/h); Road 2: BELMONT AVE E (50 km/h); Charged Driver #1 on page 1: HTA 114 (NA) (NA); Vehicle #1     Make: TOYT     Model: MTL     Colour: GRY     Style: 4D; Vehicle #2     Make: HYUN     Model: TLS     Colour: BLK     Style: SW,2/11/2022 11:07:58 AM,,
51423,21179161,1628342760000,2021,8,7,13,26,0,Saturday,544809.7065,4804210.21696,-80.446741,43.389437,Non intersection,1,Non-fatal injury,Thru lane,unknown,unknown,Rear end,Unknown,Daylight,01 - Daylight,Municipal (excl. Twp. Rd.),No control,unknown,1,0,0,False,False,False,Clear,,False,Road 1: 171 BECHTEL DR (30 km/h); Road 2: BECHTEL DR; Distance: 10.0 M W; Charged Driver #1 on page 1: HTA 158 (NA) (NA); Vehicle #1     Make: MERZ     Model: EWM     Colour: SIL     Style: 4W; Vehicle #2     Make: TOYT     Model: RG4     Colour: GRN     ,2/11/2022 11:09:43 AM,,
51424,21181658,1628599560000,2021,8,10,12,46,0,Tuesday,543895.8498,4811907.10692,-80.45740599999999,43.458793,At intersection,2,P.D. only,Left turn lane,unknown,unknown,Sideswipe,Unknown,Daylight,01 - Daylight,Regional municipality,unknown,Functioning,0,0,0,False,False,False,Clear,,False,Road 1: KRUG ST (50 km/h); Road 2: RIVER RD E (50 km/h); Vehicle #1     Make: NFLY     Model: D8D     Colour: WHI     Style: BU; Vehicle #2     Make: NISS     Model: BSS     Colour: YEL     Style: 2D,4/22/2022 2:26:07 PM,,
51425,21181721,1628606160000,2021,8,10,14,36,0,Tuesday,542413.42931,4807349.64417,-80.476083,43.417843,At/near private drive,2,P.D. only,Right shoulder,unknown,unknown,SMV unattended vehicle,Unknown,Daylight,01 - Daylight,Municipal (excl. Twp. Rd.),No control,unknown,0,0,0,False,False,False,Clear,,False,Road 1: 43 SELKIRK DR (50 km/h); Road 2: SELKIRK DR; Distance: 1.0 M N; Charged Driver #1 on page 1: HTA 340.94 (NA) (NA); Vehicle #1     Make: HOND     Model: UDY     Colour: GRY     Style: VN; Vehicle #2     Make: HYUN     Model: ESM     Colour: ONG    ,2/11/2022 11:09:46 AM,,
51426,21181871,1628617080000,2021,8,10,17,38,0,Tuesday,538476.68948,4809668.86879,-80.524547,43.438938,At intersection,2,P.D. only,Within intersection,unknown,unknown,Angle,Unknown,Daylight,01 - Daylight,Municipal (excl. Twp. Rd.),unknown,Functioning,0,0,0,False,False,False,Clear,,False,Road 1: HAZELGLEN DR (50 km/h); Road 2: MOOREGATE CRES (50 km/h); Charged Driver #1 on page 1: NA NA (NA) (NA); Vehicle #1     Make: HYUN     Model: ESS     Colour: GRY     Style: 4D; Vehicle #2     Make: FORD     Model: EDG     Colour: BLK     Style: TY,2/11/2022 11:07:46 AM,,
51427,21182474,1628686320000,2021,8,11,12,52,0,Wednesday,545622.70432,4810703.47325,-80.436161,43.447852999999995,Intersection related,1,Non-fatal injury,Within intersection,unknown,unknown,Angle,Unknown,Daylight,01 - Daylight,Municipal (excl. Twp. Rd.),unknown,unknown,0,0,0,False,True,False,Clear,,False,Road 1: OLD CHICOPEE DR (50 km/h); Road 2: EDENBRIDGE DR (50 km/h); Distance: 5.0 M W; Charged Driver #1 on page 1: HTA 144 (NA) (NA); Vehicle #1     Make: TOYT     Model: CEE     Colour: GRY     Style: CV; Vehicle #2     Make: PETE     Model:      Colour,4/22/2022 2:25:48 PM,,
51428,21182656,1628694000000,2021,8,11,15,0,0,Wednesday,545410.8832,4809350.66937,-80.438892,43.435685,At/near private drive,2,Non-reportable,Thru lane,unknown,unknown,SMV unattended vehicle,Unknown,Daylight,01 - Daylight,Regional municipality,No control,unknown,0,0,0,False,False,False,Clear,,True,Road 1: 174 FERGUS AVE STANLEY PARK (IN FRONT OF); Vehicle #1     Make:      Model:      Colour:      Style: ; Vehicle #2     Make: CHEV     Model: CZT     Colour: BLK     Style: 4D,4/22/2022 2:26:36 PM,,
51429,21183734,1628801580000,2021,8,12,20,53,0,Thursday,541912.12258,4802966.85252,-80.48261099999999,43.378409,Non intersection,0,Fatal injury,Off highway,unknown,unknown,SMV other,Unknown,Dark,07 - Dark,Regional municipality,No control,unknown,0,0,0,False,False,False,Clear,,False,Road 1: PLAINS RD (50 km/h); Road 2: FISCHER HALLMAN RD; Distance: 500.0 M N; Vehicle #1     Make: HYUN     Model: ESM     Colour: BLK     Style: 4D,2/11/2022 11:09:34 AM,,
51430,21184368,1628874000000,2021,8,13,17,0,0,Friday,542017.69039,4812746.0194,-80.48055599999999,43.466454999999996,Intersection related,2,Non-reportable,Within intersection,unknown,unknown,Angle,Unknown,Daylight,01 - Daylight,Municipal (excl. Twp. Rd.),unknown,Functioning,0,0,0,False,False,False,Clear,,True,Road 1: BIRCH AVE; Road 2: GUELPH ST; Vehicle #1     Make: CHEV     Model: EXP     Colour: WHI     Style: FV; Vehicle #2     Make:      Model:      Colour:      Style:,4/22/2022 2:26:02 PM,,
51431,21184581,1628887680000,2021,8,13,20,48,0,Friday,542253.99801,4808877.87879,-80.47793399999999,43.431613,Non intersection,1,Non-fatal injury,Not on roadway - right side,unknown,unknown,SMV other,Unknown,Dark,07 - Dark,Municipal (excl. Twp. Rd.),No control,unknown,0,0,0,False,False,False,Clear,,False,Road 1: 12 HOFFMAN ST (50 km/h); Road 2: HOFFMAN ST; Distance: 5.0 M N; Charged Driver #1 on page 1: HTA 3 (NA) (NA); Vehicle #1     Make: FORD     Model: MGT     Colour: WHI     Style: 2D,2/11/2022 11:08:30 AM,,
51432,21186030,1629047100000,2021,8,15,17,5,0,Sunday,542651.08975,4807351.33654,-80.473147,43.417845,At intersection,2,P.D. only,Within intersection,unknown,unknown,Angle,Unknown,Daylight,01 - Daylight,Municipal (excl. Twp. Rd.),unknown,unknown,0,0,0,False,False,False,Clear,,False,Road 1: BLOCK LINE RD (60 km/h); Road 2: KINGSWOOD DR (60 km/h); Distance: 0.0 K; Charged Driver #1 on page 1: HTA 130 (NA) (NA); Vehicle #1     Make: HOND     Model: ULS     Colour: BLK     Style: 4D; Vehicle #2     Make: TOYT     Model: MTL     Colour: ,4/22/2022 2:26:15 PM,,
51433,21186598,1629111600000,2021,8,16,11,0,0,Monday,540575.07285,4807730.28821,-80.498763,43.421372999999996,Non intersection,2,Non-reportable,Thru lane,unknown,unknown,SMV unattended vehicle,Unknown,Daylight,01 - Daylight,Municipal (excl. Twp. Rd.),No control,unknown,0,0,0,False,False,False,Clear,,True,Road 1: 32 MOWAT BLVD (IFO); Vehicle #1     Make: FORD     Model: CTN     Colour: WHI     Style: FV; Vehicle #2     Make: DODG     Model: JOU     Colour: SIL     Style: TY,2/11/2022 11:11:05 AM,,
51434,21187165,1629165720000,2021,8,17,2,2,0,Tuesday,543829.39881,4811918.80932,-80.458226,43.458903,Non intersection,1,Non-fatal injury,Right shoulder,unknown,unknown,SMV unattended vehicle,Unknown,Dark,07 - Dark,Regional municipality,No control,unknown,0,0,0,False,False,False,Clear,,False,Road 1: RIVER RD E (50 km/h); Road 2: KRUG ST; Distance: 25.0 M W; Charged Driver #1 on page 1: HTA 106 (NA) (NA); Vehicle #1     Make: MAZD     Model: M3I     Colour: RED     Style: 4D; Vehicle #2     Make: BMW     Model: 20X     Colour: BLU     Style: 4,2/11/2022 11:09:18 AM,,
51435,21187312,1629190500000,2021,8,17,8,55,0,Tuesday,544783.96127,4808000.83788,-80.446749,43.423569,At/near private drive,1,Non-fatal injury,Right turn lane,unknown,unknown,Angle,Unknown,Daylight,01 - Daylight,Municipal (excl. Twp. Rd.),No control,unknown,0,0,0,False,False,False,Clear,,False,Road 1: 385 WILSON AVE (60 km/h); Road 2: WILSON AVE; Distance: 2.0 M S; Charged Driver #1 on page 1: HTA 138 (NA) (NA); Vehicle #1     Make: TOYT     Model: XLL     Colour: RED     Style: 4D; Vehicle #2     Make: DODG     Model: CAR     Colour: SIL     S,2/11/2022 11:11:02 AM,,
51436,21187534,1629201600000,2021,8,17,12,0,0,Tuesday,541945.22818,4807328.88895,-80.48186799999999,43.417683,Non intersection,2,P.D. only,Thru lane,unknown,unknown,Angle,Unknown,Daylight,01 - Daylight,Municipal (excl. Twp. Rd.),No control,unknown,0,0,0,False,False,False,Clear,,True,Road 1: 581 STRASBURG RD (IFO); Vehicle #1     Make: NISS     Model: SL2     Colour: SIL     Style: 4D; Vehicle #2     Make: TESL     Model: 3     Colour: SIL     Style: 4D,2/11/2022 11:11:18 AM,,
51437,21187603,1629211800000,2021,8,17,14,50,0,Tuesday,540415.22446,4810595.47179,-80.500525,43.447179999999996,At intersection,1,Non-fatal injury,Within intersection,unknown,unknown,Other,Unknown,Daylight,01 - Daylight,Municipal (excl. Twp. Rd.),unknown,unknown,0,0,0,False,False,True,Clear,,False,Road 1: JUBILEE DR (50 km/h); Road 2: PARK ST (30 km/h); Charged Driver #1 on page 1: NA NA (NA) (NA); Vehicle #1     Make: PONT     Model: SPOR     Colour:      Style: MOT; Vehicle #2     Make: CADI     Model: XT5     Colour: GRY     Style: TY,2/11/2022 11:07:43 AM,,
51438,21189045,1628506800000,2021,8,9,11,0,0,Monday,541719.32591,4806957.38517,-80.484687,43.414350999999996,Non intersection,2,P.D. only,Thru lane,unknown,unknown,Other,Unknown,Daylight,01 - Daylight,Municipal (excl. Twp. Rd.),No control,unknown,0,0,0,False,False,False,Clear,,True,Road 1: 125 BLACKHORNE DR; Road 2: IFO; Vehicle #1     Make: VOLK     Model: PGS     Colour: SIL     Style: 4D; Vehicle #2     Make: GMC     Model: TER     Colour: BLK     Style: TY,2/11/2022 11:08:17 AM,,
51439,21189205,1629133200000,2021,8,16,17,0,0,Monday,541108.70224,4811011.51285,-80.491924,43.450888,Non intersection,2,P.D. only,Thru lane,unknown,unknown,SMV unattended vehicle,Unknown,Daylight,01 - Daylight,Regional municipality,No control,unknown,0,0,0,False,False,False,Clear,,True,Road 1: KING ST W; Road 2: YOUNG ST; Vehicle #1     Make:      Model:      Colour:      Style: ; Vehicle #2     Make: TOYT     Model: HIG     Colour: WHI     Style: TY,2/11/2022 11:11:21 AM,,
51440,21189250,1629304200000,2021,8,18,16,30,0,Wednesday,541999.95884,4813398.45408,-80.48072499999999,43.47233,Non intersection,2,P.D. only,Thru lane,unknown,unknown,Sideswipe,Unknown,Daylight,01 - Daylight,Municipal (excl. Twp. Rd.),No control,unknown,0,0,0,False,False,False,Clear,,True,Road 1: 1214 UNION ST (IFO); Vehicle #1     Make: CHEV     Model: CZT     Colour: GRY     Style: 4D; Vehicle #2     Make: LEXS     Model: RX5     Colour: GRY     Style: TY,2/11/2022 11:08:59 AM,,
51441,21189254,1629039600000,2021,8,15,15,0,0,Sunday,547433.20216,4805468.39231,-80.414242,43.400604,Non intersection,2,P.D. only,Thru lane,unknown,unknown,SMV unattended vehicle,Unknown,Daylight,01 - Daylight,Municipal (excl. Twp. Rd.),No control,unknown,0,0,0,False,False,False,Clear,,True,Road 1: 297 JOSEPH SCHOERG CRESCENT (IFO); Vehicle #1     Make: HOND     Model: UEX     Colour: BLK     Style: 4D; Vehicle #2     Make: CHEV     Model: SIL     Colour: SIL     Style: PK,2/11/2022 11:11:12 AM,,
51442,21189534,1629399600000,2021,8,19,19,0,0,Thursday,540793.3357,4809150.23385,-80.49596,43.434146,Non intersection,2,P.D. only,Thru lane,unknown,unknown,Turning movement,Unknown,Daylight,01 - Daylight,Regional municipality,No control,unknown,0,0,0,False,False,False,Clear,,True,Road 1: STIRLING AVE S; Road 2: MAUSSER AVE; Vehicle #1     Make:      Model:      Colour:      Style: ; Vehicle #2     Make: TOYT     Model: CBS     Colour: WHI     Style: 4D,12/20/2021 10:48:15 AM,,
51443,21190057,1629457380000,2021,8,20,11,3,0,Friday,545145.98495,4813469.90468,-80.441824,43.472789999999996,At railway crossing,2,P.D. only,Thru lane,unknown,unknown,SMV other,Unknown,Daylight,01 - Daylight,Municipal (excl. Twp. Rd.),No control,unknown,2,0,1,False,False,False,Clear,,False,Road 1: CN RAIL (50 km/h); Road 2: BINGEMANS CENTRE DR; Distance: 3.0 M E; Vehicle #1     Make:      Model:      Colour:      Style:,12/20/2021 10:56:06 AM,,
51444,21190794,1629520320000,2021,8,21,4,32,0,Saturday,539589.83734,4806502.43079,-80.511022,43.41037,At intersection,2,P.D. only,Right shoulder,unknown,unknown,SMV other,Unknown,Dark,07 - Dark,Municipal (excl. Twp. Rd.),unknown,Functioning,0,0,0,False,False,False,Clear,,False,Road 1: MOUNTAIN MINT CRES (50 km/h); Road 2: WILDERNESS DR (50 km/h); Charged Driver #1 on page 1: HTA 141 (NA) (NA); Vehicle #1     Make: VOLK     Model: JWE     Colour: GRY     Style: 4D,4/22/2022 2:26:16 PM,,
51445,21190999,1629288000000,2021,8,18,12,0,0,Wednesday,538952.54114,4806138.51553,-80.518919,43.407126,Non intersection,2,P.D. only,Thru lane,unknown,unknown,SMV unattended vehicle,Unknown,Daylight,01 - Daylight,Municipal (excl. Twp. Rd.),No control,unknown,0,0,0,False,False,False,Clear,,True,Road 1: 171 DAVID BERGEY DR; Vehicle #1     Make:      Model:      Colour:      Style: ; Vehicle #2     Make: MERZ     Model: CLS     Colour: BLK     Style: 4D,2/11/2022 11:08:56 AM,,
51446,21192844,1629730020000,2021,8,23,14,47,0,Monday,545317.29082,4804469.95118,-80.44045299999999,43.391745,Intersection related,1,Non-fatal injury,Within intersection,unknown,unknown,Angle,Unknown,Daylight,01 - Daylight,Municipal (excl. Twp. Rd.),unknown,Functioning,0,0,0,False,False,False,Clear,,False,Road 1: DOON VILLAGE RD (50 km/h); Road 2: BECHTEL DR (50 km/h); Vehicle #1     Make: TOYT     Model: RG4     Colour: GRY     Style: TY; Vehicle #2     Make: NISS     Model: PFI     Colour: GRY     Style: TY,12/20/2021 10:47:26 AM,,
51447,21192905,1629734280000,2021,8,23,15,58,0,Monday,543988.51183,4807776.89163,-80.456593,43.421600000000005,Intersection related,2,P.D. only,Within intersection,unknown,unknown,SMV other,Unknown,Daylight,01 - Daylight,Municipal (excl. Twp. Rd.),unknown,Functioning,0,0,0,False,False,False,Clear,,False,Road 1: VANIER DR (50 km/h); Road 2: SIEBERT AVE (50 km/h); Distance: 0.0 M; Vehicle #1     Make: HYUN     Model: ESS     Colour: RED     Style: 4D,4/22/2022 2:25:55 PM,,
51448,21192986,1629740760000,2021,8,23,17,46,0,Monday,536463.75165,4809117.03753,-80.54945699999999,43.43407,Other,2,P.D. only,Off highway,unknown,unknown,Other,Unknown,Daylight,01 - Daylight,Regional municipality,No control,unknown,0,0,0,False,True,False,Clear,,False,Road 1: 252; Road 2: WESTFOREST TRAIL; Vehicle #1     Make: GMC     Model: TER     Colour: BLK     Style: TY; Vehicle #2     Make: BICY     Model: BICY     Colour:      Style: BK,4/22/2022 2:27:12 PM,,
51449,21193051,1629745200000,2021,8,23,19,0,0,Monday,538071.72264,4807548.66056,-80.529699,43.419869,At intersection,2,P.D. only,Thru lane,unknown,unknown,Sideswipe,Unknown,Daylight,01 - Daylight,Municipal (excl. Twp. Rd.),unknown,Functioning,0,0,0,False,False,False,Clear,,True,Road 1: MCGARRY DR; Road 2: WESTHEIGHTS DR; Vehicle #1     Make: KIA     Model: SPO     Colour: SIL     Style: TY; Vehicle #2     Make: HYUN     Model: SAN     Colour: WHI     Style: TY,4/22/2022 2:26:14 PM,,
51450,21195120,1629962400000,2021,8,26,7,20,0,Thursday,537628.17952,4809792.94164,-80.53502399999999,43.440099,Non intersection,2,P.D. only,Not on roadway - right side,unknown,unknown,SMV other,Unknown,Daylight,01 - Daylight,Municipal (excl. Twp. Rd.),No control,unknown,0,0,0,False,False,False,Clear,,False,Road 1: HAZELGLEN DR (50 km/h); Road 2: SHADELAND CRES; Distance: 10.0 M E; Vehicle #1     Make: DODG     Model: RPC     Colour: CRM     Style: PK,12/20/2021 10:48:09 AM,,
51451,21195225,1629987300000,2021,8,26,14,15,0,Thursday,542405.38955,4806620.50117,-80.47623899999999,43.411279,At intersection,2,P.D. only,Thru lane,unknown,unknown,Angle,Unknown,Daylight,01 - Daylight,Municipal (excl. Twp. Rd.),unknown,Functioning,0,0,0,False,False,False,Clear,,True,Road 1: STRASBURG RD; Road 2: OLD COUNTRY DR; Vehicle #1     Make: TOYT     Model: C4E     Colour: BLU     Style: 4D; Vehicle #2     Make: LINC     Model: MKH     Colour: WHI     Style: 4D,4/22/2022 2:26:03 PM,,
51452,21195622,1628938800000,2021,8,14,11,0,0,Saturday,540922.28346,4810570.06568,-80.494261,43.446923,Intersection related,1,Non-fatal injury,Thru lane,unknown,unknown,Rear end,Unknown,Daylight,01 - Daylight,Municipal (excl. Twp. Rd.),unknown,Functioning,1,0,0,False,False,False,Clear,,False,Road 1: DAVID ST (30 km/h); Road 2: JUBILEE DR (30 km/h); Distance: 10.0 M N; Vehicle #1     Make: MAZD     Model: M3I     Colour: RED     Style: 4D; Vehicle #2     Make: PONT     Model: SV6     Colour: GRY     Style: 4D,4/22/2022 2:25:44 PM,,
51453,21195671,1630003140000,2021,8,26,18,39,0,Thursday,545315.5535,4804468.95883,-80.44047499999999,43.391735999999995,At intersection,2,P.D. only,Left turn lane,unknown,unknown,Turning movement,Unknown,Daylight,01 - Daylight,Municipal (excl. Twp. Rd.),unknown,Functioning,0,0,0,False,False,False,Other,,True,Road 1: DOON VILLAGE RD; Road 2: BECHTEL DR; Vehicle #1     Make: AUDI     Model: 4QP     Colour: BLK     Style: 4D; Vehicle #2     Make: FORD     Model: SPE     Colour: BLK     Style: TY,4/22/2022 2:26:04 PM,,
51454,21196171,1630062540000,2021,8,27,11,9,0,Friday,537226.79785,4810151.22234,-80.539959,43.443345,At/near private drive,2,P.D. only,Left shoulder,unknown,unknown,SMV unattended vehicle,Unknown,Daylight,01 - Daylight,Municipal (excl. Twp. Rd.),No control,unknown,0,0,0,False,False,False,Clear,,False,Road 1: 423 WESTWOOD DR (50 km/h); Road 2: WESTWOOD DR; Distance: 3.0 M E; Vehicle #1     Make: TOYT     Model: CHY     Colour: GRN     Style: 4D; Vehicle #2     Make: BMW     Model: 35G     Colour: BLK     Style: 4B,12/20/2021 10:48:06 AM,,
51455,21197003,1630113600000,2021,8,28,1,20,0,Saturday,546249.55264,4810052.32634,-80.42846999999999,43.441950999999996,Non intersection,2,P.D. only,Right shoulder,unknown,unknown,SMV unattended vehicle,Unknown,"Dark, artificial","08 - Dark, artificial",Municipal (excl. Twp. Rd.),No control,unknown,0,0,0,False,False,False,Clear,,False,Road 1: 288 OLD CHICOPEE TRAIL (50 km/h); Road 2: DIAMLER DR; Distance: 1.0 M N; Vehicle #1     Make:      Model:      Colour:      Style: ; Vehicle #2     Make: RAM     Model: DUR     Colour: BLU     Style: PK,12/20/2021 10:48:11 AM,,
51456,21197156,1630151460000,2021,8,28,11,51,0,Saturday,541343.52596,4809611.24509,-80.489128,43.438266999999996,Non intersection,1,Non-fatal injury,Not on roadway - right side,unknown,unknown,SMV other,Unknown,Daylight,01 - Daylight,Municipal (excl. Twp. Rd.),No control,unknown,0,0,0,False,False,True,Clear,,False,Road 1: 13 WOODLAND AVE (50 km/h); Road 2: WOODLAND AVE; Distance: 3.0 M N; Vehicle #1     Make: SUZI     Model: VS8     Colour: BLK     Style: MS,12/20/2021 10:56:10 AM,,
51457,21197387,1630126800000,2021,8,28,5,0,0,Saturday,536914.79574,4808772.26793,-80.543908,43.430944,Non intersection,2,P.D. only,Thru lane,unknown,unknown,Other,Unknown,Dark,07 - Dark,Municipal (excl. Twp. Rd.),No control,unknown,0,0,0,False,False,False,Clear,,True,Road 1: 2 HIDDEN CREEK DR (IFO); Vehicle #1     Make: VOLK     Model: CJW     Colour: GRY     Style: 4D; Vehicle #2     Make: CHRY     Model: TWC     Colour: BRN     Style: VN,4/22/2022 2:24:24 PM,,
51458,21197780,1630196700000,2021,8,29,0,25,0,Sunday,545433.39572,4808343.86669,-80.43869699999999,43.426618,At intersection,1,Non-fatal injury,Not on roadway - right side,unknown,unknown,SMV other,Unknown,Dark,07 - Dark,Municipal (excl. Twp. Rd.),unknown,unknown,0,0,0,False,False,False,Rain,,False,Road 1: CEDARWOODS CRES (50 km/h); Road 2: KINGSWAY DR (50 km/h); Charged Driver #1 on page 1: HTA 200 (NA) (NA); Vehicle #1     Make: NISS     Model: A2B     Colour: SIL     Style: 4D,4/22/2022 2:26:25 PM,,
51459,21198020,1630235400000,2021,8,29,11,10,0,Sunday,540757.19888,4806353.86908,-80.496616,43.408969,At intersection,2,P.D. only,Left turn lane,unknown,unknown,Sideswipe,Unknown,Daylight,01 - Daylight,Municipal (excl. Twp. Rd.),unknown,Functioning,0,0,0,False,False,False,Clear,,True,Road 1: 550 ERINBROOK DR; Road 2: TISLEY DR; Vehicle #1     Make: SUBA     Model: SWL     Colour: BLU     Style: 4D; Vehicle #2     Make: JEEP     Model: GCK     Colour: WHI     Style: TY,4/22/2022 2:26:06 PM,,
51460,21198084,1630242600000,2021,8,29,13,10,0,Sunday,544061.70778,4811909.52088,-80.455355,43.458805,Non intersection,2,P.D. only,Thru lane,unknown,unknown,Rear end,Unknown,Daylight,01 - Daylight,Regional municipality,No control,unknown,0,0,0,False,False,False,Clear,,True,Road 1: RIVER RD E; Road 2: MANCHESTER RD; Vehicle #1     Make: DODG     Model: JOU     Colour: RED     Style: TY; Vehicle #2     Make: KIA     Model: SOR     Colour: WHI     Style: TY,4/22/2022 2:24:26 PM,,
51461,21198180,1630249200000,2021,8,29,15,0,0,Sunday,538807.57631,4810213.79716,-80.52042,43.443827999999996,Non intersection,2,Non-reportable,Thru lane,unknown,unknown,SMV unattended vehicle,Unknown,Daylight,01 - Daylight,Municipal (excl. Twp. Rd.),No control,unknown,0,0,0,False,False,False,Clear,,True,Road 1: 144 BRYBECK CRESCENT (IFO); Vehicle #1     Make:      Model:      Colour:      Style: ; Vehicle #2     Make: HYUN     Model: EXL     Colour: GRY     Style: 4D,4/22/2022 2:24:28 PM,,
51462,21198870,1630169400000,2021,8,28,16,50,0,Saturday,544613.25887,4810391.13738,-80.448662,43.445101,Intersection related,2,Non-reportable,Thru lane,unknown,unknown,Sideswipe,Unknown,Daylight,01 - Daylight,Regional municipality,unknown,unknown,0,0,0,False,False,False,Clear,,True,Road 1: 410 FRANKLIN ST N; Road 2: 410 FRANKLIN ST N; Vehicle #1     Make:      Model:      Colour:      Style: ; Vehicle #2     Make: FORD     Model: FSE     Colour: SIL     Style: 4B,4/22/2022 2:25:34 PM,,
51463,21198891,1629384000000,2021,8,19,14,40,0,Thursday,545614.49229,4812342.35808,-80.436126,43.46261,Non intersection,2,P.D. only,Thru lane,unknown,unknown,Other,Unknown,Daylight,01 - Daylight,Municipal (excl. Twp. Rd.),No control,unknown,0,0,0,False,False,False,Clear,,True,Road 1: 100 WESTCHESTER DR (IFO); Vehicle #1     Make: HOND     Model: HRV     Colour: GRY     Style: TY; Vehicle #2     Make: PONT     Model: SFS     Colour: RED     Style: 4D,4/22/2022 2:24:58 PM,,
51464,21200534,1630487100000,2021,9,1,9,5,0,Wednesday,541061.69256,4811220.1297,-80.49248899999999,43.452768999999996,Non intersection,2,P.D. only,Thru lane,unknown,unknown,SMV unattended vehicle,Unknown,Daylight,01 - Daylight,Municipal (excl. Twp. Rd.),No control,unknown,0,0,0,False,False,False,Clear,,True,Road 1: COLLEGE ST (IFO 42); Road 2: DUKE ST; Vehicle #1     Make:      Model:      Colour:      Style: ; Vehicle #2     Make: MAZD     Model: MA5     Colour: GRY     Style: 4B,4/22/2022 2:24:49 PM,,
51465,21200566,1622476500000,2021,5,31,15,55,0,Monday,543214.75524,4804530.29907,-80.466408,43.392412,Intersection related,2,P.D. only,Thru lane,unknown,unknown,Rear end,Unknown,Daylight,01 - Daylight,Regional municipality,unknown,unknown,0,0,0,False,False,False,Clear,,True,Road 1: STRASBURG RD; Road 2: HURON RD; Vehicle #1     Make:      Model:      Colour:      Style: ; Vehicle #2     Make: AUDI     Model: C4H     Colour: BLK     Style: 4D,2/11/2022 11:15:03 AM,,
51466,21200647,1630496100000,2021,9,1,11,35,0,Wednesday,541092.90017,4809684.09529,-80.49221899999999,43.438936999999996,At/near private drive,2,Non-reportable,Thru lane,unknown,unknown,SMV unattended vehicle,Unknown,Daylight,01 - Daylight,Municipal (excl. Twp. Rd.),No control,unknown,0,0,0,False,False,False,Clear,,True,Road 1: SPADINA RD E (IFO 270); Road 2: WENTWORTH AVE; Vehicle #1     Make:      Model:      Colour:      Style: ; Vehicle #2     Make: NISS     Model: A2S     Colour: RED     Style: 4D,4/22/2022 2:26:36 PM,,
51467,21200651,1630498500000,2021,9,1,12,15,0,Wednesday,546941.36328,4808498.53677,-80.42005499999999,43.427918,Intersection related,2,Non-reportable,Within intersection,unknown,unknown,Rear end,Unknown,Daylight,01 - Daylight,Regional municipality,unknown,Functioning,0,0,0,False,False,False,Clear,,True,Road 1: RIVER RD E CENTREVILLE CHICOPEE KITCHENER; Road 2: MORGAN AVE; Vehicle #1     Make:      Model:      Colour:      Style: ; Vehicle #2     Make: KIA     Model: SPO     Colour: WHI     Style: TY,4/22/2022 2:25:37 PM,,
51468,21200815,1630510500000,2021,9,1,15,35,0,Wednesday,544882.96239,4804851.1464,-80.445784,43.395202999999995,Intersection related,2,Non-reportable,Within intersection,unknown,unknown,Turning movement,Unknown,Daylight,01 - Daylight,Municipal (excl. Twp. Rd.),unknown,Functioning,0,0,0,False,False,False,Clear,,True,Road 1: DOON VILLAGE RD; Road 2: PIONEER DR PIONEER PARK KITCHENER; Vehicle #1     Make: FORD     Model: COF     Colour: GRY     Style: CW; Vehicle #2     Make: DODG     Model: CAR     Colour: GRY     Style: VN,4/22/2022 2:25:34 PM,,