OBJECTID,ACCIDENTNUM,ACCIDENTDATE,ACCIDENT_YEAR,ACCIDENT_MONTH,ACCIDENT_DAY,ACCIDENT_HOUR,ACCIDENT_MINUTE,ACCIDENT_SECOND,ACCIDENT_WEEKDAY,XCOORD,YCOORD,LONGITUDE,LATITUDE,ACCIDENTLOCATION,COLLISIONTYPE,CLASSIFICATIONOFACCIDENT,IMPACTLOCATION,INITIALDIRECTIONOFTRAVELONE,INITIALDIRECTIONOFTRAVELTWO,INITIALIMPACTTYPE,INTTRAFFICCONTROL,LIGHT,LIGHTFORREPORT,ROADJURISDICTION,TRAFFICCONTROL,TRAFFICCONTROLCONDITION,THRULANENO,NORTHBOUNDDISOBEYCOUNT,SOUTHBOUNDDISOBEYCOUNT,PEDESTRIANINVOLVED,CYCLISTINVOLVED,MOTORCYCLISTINVOLVED,ENVIRONMENTCONDITION1,ENVIRONMENTCONDITION2,SELFREPORTED,XMLIMPORTNOTES,LASTEDITEDDATE,CREATE_BY,CREATE_DATE
51469,21200893,1630513800000,2021,9,1,16,30,0,Wednesday,544388.25642,4809889.40964,-80.451483,43.440597,Non intersection,2,P.D. only,Thru lane,unknown,unknown,SMV unattended vehicle,Unknown,Daylight,01 - Daylight,Municipal (excl. Twp. Rd.),No control,unknown,0,0,0,False,False,False,Clear,,True,Road 1: 100 KENNETH AVE; Road 2: IFO; Vehicle #1     Make: RAM     Model: RTR     Colour: BLK     Style: CW; Vehicle #2     Make: VOLK     Model: BTO     Colour: GRY     Style: 2B,4/22/2022 2:24:39 PM,,
51470,21201574,1630571100000,2021,9,2,8,25,0,Thursday,547427.72636,4803248.25941,-80.414502,43.380614,Non intersection,1,Non-fatal injury,Thru lane,unknown,unknown,Approaching,Unknown,Daylight,01 - Daylight,Regional municipality,No control,unknown,1,0,0,False,True,False,Clear,,False,Road 1: PINNACLE DR (50 km/h); Road 2: PINE HILL PL; Distance: 20.0 M N; Vehicle #1     Make:      Model: -     Colour:      Style: SUV; Vehicle #2     Make: BICY     Model: .     Colour:      Style:,4/22/2022 2:24:47 PM,,
51471,21201747,1630595700000,2021,9,2,15,15,0,Thursday,546062.83892,4809493.96976,-80.430824,43.436935999999996,At intersection,2,Non-reportable,Within intersection,unknown,unknown,Rear end,Unknown,Daylight,01 - Daylight,Municipal (excl. Twp. Rd.),unknown,Functioning,0,0,0,False,False,False,Clear,,True,Road 1: 305 KINZIE AVE; Road 2: 305 KINZIE AVE; Vehicle #1     Make:      Model:      Colour:      Style: ; Vehicle #2     Make: HYUN     Model: TUC     Colour: BLK     Style: TY,4/22/2022 2:26:06 PM,,
51472,21202350,1630660440000,2021,9,3,9,14,0,Friday,542065.60504,4812303.96397,-80.479998,43.462472,Non intersection,1,Non-fatal injury,Thru lane,unknown,unknown,Sideswipe,Unknown,Daylight,01 - Daylight,Municipal (excl. Twp. Rd.),No control,unknown,2,0,0,False,False,True,Clear,,False,Road 1: 531 WELLINGTON ST N (50 km/h); Road 2: WELLINGTON ST N; Distance: 50.0 K E; Charged Driver #1 on page 1: CAI 142 (NA) (NA); Vehicle #1     Make: HOND     Model: FIL     Colour: GRY     Style: 4B; Vehicle #2     Make: YAMA     Model: VAC     Colour,4/22/2022 2:25:18 PM,,
51473,21202493,1629113400000,2021,8,16,11,30,0,Monday,542582.58764,4816198.82986,-80.473303,43.497512,Non intersection,2,Non-reportable,Thru lane,unknown,unknown,SMV unattended vehicle,Unknown,Daylight,01 - Daylight,Municipal (excl. Twp. Rd.),No control,unknown,0,0,0,False,False,False,Clear,,True,Road 1: 231 FALCONRIDGE DR (IFO); Vehicle #1     Make:      Model:      Colour:      Style: ; Vehicle #2     Make: HOND     Model: CRV     Colour: BLK     Style: TY,2/11/2022 11:11:15 AM,,
51474,21202495,1628953200000,2021,8,14,15,0,0,Saturday,545084.50798,4811851.38056,-80.442718,43.458220999999995,At/near private drive,2,P.D. only,Thru lane,unknown,unknown,SMV unattended vehicle,Unknown,Daylight,01 - Daylight,Municipal (excl. Twp. Rd.),No control,unknown,0,0,0,False,False,False,Clear,,True,Road 1: 50 MONTCALM DR (IFO); Vehicle #1     Make:      Model:      Colour:      Style: ; Vehicle #2     Make: LEXS     Model: E35     Colour: BLK     Style: 4D,4/22/2022 2:26:44 PM,,
51475,21202593,1630678740000,2021,9,3,14,19,0,Friday,541111.04961,4811008.26414,-80.491895,43.450858,At/near private drive,2,P.D. only,Right turn lane,unknown,unknown,Angle,Unknown,Daylight,01 - Daylight,Regional municipality,No control,unknown,0,0,0,False,False,False,Clear,,False,Road 1: 157 KING ST W (50 km/h); Road 2: KING ST W; Distance: 5.0 M E; Charged Driver #1 on page 1: HTA 139 (NA) (NA); Vehicle #1     Make: TOYT     Model: CBA     Colour: WHI     Style: 4D; Vehicle #2     Make: TOYT     Model: CBA     Colour: BRN     Sty,4/22/2022 2:26:39 PM,,
51476,21202597,1623618000000,2021,6,13,21,0,0,Sunday,541829.84152,4812960.51264,-80.482862,43.468396999999996,Non intersection,2,Non-reportable,Thru lane,unknown,unknown,SMV unattended vehicle,Unknown,Dusk,05 - Dusk,Municipal (excl. Twp. Rd.),No control,unknown,0,0,0,False,False,False,Clear,,True,Road 1: ARNOLD ST (IFO 157); Vehicle #1     Make:      Model:      Colour:      Style: ; Vehicle #2     Make: TOYT     Model: UCS     Colour: GRN     Style: 4D,2/11/2022 11:14:20 AM,,
51477,21202650,1630682160000,2021,9,3,15,16,0,Friday,542010.96474,4810483.66102,-80.480813,43.446085,At intersection,1,Non-fatal injury,Within intersection,unknown,unknown,Angle,Unknown,Daylight,01 - Daylight,Regional municipality,unknown,Functioning,0,0,0,False,True,False,Clear,,False,Road 1: KING ST E (50 km/h); Road 2: CAMERON ST N (50 km/h); Vehicle #1     Make: TOYT     Model: RV4     Colour: WHI     Style: TY; Vehicle #2     Make: BICY     Model: BICY     Colour:      Style: BK,4/22/2022 2:26:10 PM,,
51478,21202723,1630688160000,2021,9,3,16,56,0,Friday,541499.84334,4811996.03601,-80.487015,43.459731,Intersection related,1,Non-fatal injury,Thru lane,unknown,unknown,Rear end,Unknown,Daylight,01 - Daylight,Municipal (excl. Twp. Rd.),unknown,Functioning,1,0,0,False,False,False,Clear,,False,Road 1: WELLINGTON ST N (50 km/h); Road 2: ST LEGER ST (50 km/h); Distance: 20.0 M W; Charged Driver #1 on page 1: HTA 130 (NA) (NA); Vehicle #1     Make: HYUN     Model: ASE     Colour: BLK     Style: 4B; Vehicle #2     Make: TOYT     Model: SIE     Colo,4/22/2022 2:25:49 PM,,
51479,21202759,1630688400000,2021,9,3,17,0,0,Friday,539576.18646,4806254.23591,-80.511209,43.408135,At/near private drive,2,P.D. only,Thru lane,unknown,unknown,Other,Unknown,Daylight,01 - Daylight,Regional municipality,No control,unknown,0,0,0,False,False,False,Clear,,True,Road 1: ACTIVA AVE (IFO 149); Road 2: FISCHER-HALLMAN RD; Vehicle #1     Make: NISS     Model: A3L     Colour: BLK     Style: 4D; Vehicle #2     Make: TOYT     Model: CEP     Colour: WHI     Style: 4D,4/22/2022 2:26:59 PM,,
51480,21203043,1630667100000,2021,9,3,11,5,0,Friday,541255.94792,4805448.01528,-80.490524,43.400786,Non intersection,2,P.D. only,Thru lane,unknown,unknown,Angle,Unknown,Daylight,01 - Daylight,Regional municipality,No control,unknown,0,0,0,False,False,False,Clear,,True,Road 1: WASHBURN DR; Road 2: BLEAMS RD; Vehicle #1     Make: DODG     Model: DAK     Colour: GRY     Style: PK; Vehicle #2     Make: LEXS     Model: R33     Colour: GRN     Style: TY,4/22/2022 2:24:38 PM,,
51481,21205969,1631015520000,2021,9,7,11,52,0,Tuesday,541023.53143,4809193.94978,-80.493113,43.434526999999996,At intersection,2,P.D. only,Within intersection,unknown,unknown,Angle,Unknown,Daylight,01 - Daylight,Regional municipality,unknown,Functioning,0,0,0,False,False,False,Clear,,False,Road 1: MAUSSER AVE (40 km/h); Road 2: LORNE AVE (40 km/h); Charged Driver #1 on page 1: HTA 136 (NA) (NA); Vehicle #1     Make: FORD     Model: FMS     Colour: GRY     Style: 4D; Vehicle #2     Make: HYUN     Model: K2G     Colour: WHI     Style: TY,4/22/2022 2:26:11 PM,,
51482,21206180,1631117820000,2021,9,8,16,17,0,Wednesday,541321.32055,4810862.52971,-80.489307,43.449535,At/near private drive,2,P.D. only,Thru lane,unknown,unknown,Other,Unknown,Daylight,01 - Daylight,Municipal (excl. Twp. Rd.),No control,unknown,1,0,0,False,False,False,Clear,,False,Road 1: 12 QUEEN ST S (50 km/h); Road 2: CHURCH ST; Distance: 2.0 M E; Vehicle #1     Make: HYUN     Model: SAN     Colour: GRY     Style: TY; Vehicle #2     Make: TOYT     Model: RV4     Colour: GRY     Style: TY,4/22/2022 2:26:39 PM,,
51483,21206576,1631167200000,2021,9,9,6,0,0,Thursday,547677.89045,4810583.61651,-80.41077399999999,43.446646,Non intersection,2,Non-reportable,Thru lane,unknown,unknown,SMV unattended vehicle,Unknown,Dawn,03 - Dawn,Municipal (excl. Twp. Rd.),No control,unknown,0,0,0,False,False,False,Rain,,True,Road 1: 175 COUNTRY CLAIR ST (IFO); Vehicle #1     Make: TOYT     Model: HIG     Colour: BLK     Style: TY; Vehicle #2     Make: FORD     Model: MUS     Colour: GRY     Style: 2D,4/22/2022 2:24:33 PM,,
51484,21207194,1631124000000,2021,9,8,18,0,0,Wednesday,541440.44616,4812127.07391,-80.48773899999999,43.460913999999995,Non intersection,2,P.D. only,Thru lane,unknown,unknown,SMV unattended vehicle,Unknown,Daylight,01 - Daylight,Municipal (excl. Twp. Rd.),No control,unknown,0,0,0,False,False,False,Clear,,True,Road 1: ST LEGER ST KITCHENER (IFO); Road 2: LOUISA ST; Vehicle #1     Make:      Model:      Colour:      Style: ; Vehicle #2     Make: LEXS     Model: U9L     Colour: WHI     Style: 4W,4/22/2022 2:24:32 PM,,
51485,21207740,1631185200000,2021,9,9,11,0,0,Thursday,543791.60156,4808566.79467,-80.458962,43.428723,Non intersection,1,Non-fatal injury,Right shoulder,unknown,unknown,SMV other,Unknown,Daylight,01 - Daylight,Regional municipality,No control,unknown,0,0,0,False,False,False,Clear,,False,Road 1: WILSON AVE (40 km/h); Road 2: 72 WILSON AVE; Distance: 32.0 M E; Charged Driver #1 on page 1: HTA 130 (NA) (NA); Vehicle #1     Make: NISS     Model: VMT     Colour: WHI     Style: 4D,4/22/2022 2:25:03 PM,,
51486,21208128,1631211300000,2021,9,9,18,15,0,Thursday,542536.49044,4809633.77796,-80.474385,43.438403,At/near private drive,2,Non-reportable,Thru lane,unknown,unknown,SMV unattended vehicle,Unknown,Daylight,01 - Daylight,Regional municipality,No control,unknown,0,0,0,False,False,False,Clear,,True,Road 1: NYBERG ST; Road 2: OTTAWA ST S; Vehicle #1     Make:      Model:      Colour:      Style: ; Vehicle #2     Make: TOYT     Model: MTL     Colour: GRY     Style: 4D,4/22/2022 2:26:35 PM,,
51487,21209563,1628097300000,2021,8,4,17,15,0,Wednesday,539265.71542,4808684.23885,-80.51486899999999,43.430032,At/near private drive,2,Non-reportable,Thru lane,unknown,unknown,SMV unattended vehicle,Unknown,Daylight,01 - Daylight,Municipal (excl. Twp. Rd.),No control,unknown,0,0,0,False,False,False,Clear,,True,Road 1: BUTTONWOOD DR (IFO 6); Vehicle #1     Make: NISS     Model: PFI     Colour: BLU     Style: TY; Vehicle #2     Make: MAZD     Model: 3TR     Colour: RED     Style: 4D,2/11/2022 11:09:23 AM,,
51488,21209577,1631277900000,2021,9,10,12,45,0,Friday,541835.61854,4803488.41294,-80.483516,43.383109,At intersection,2,P.D. only,Within intersection,unknown,unknown,Sideswipe,Unknown,Daylight,01 - Daylight,Regional municipality,unknown,Functioning,0,0,0,False,False,False,Clear,,True,Road 1: HURON RD; Road 2: BECKVIEW DR; Vehicle #1     Make: BMW     Model: TRG     Colour: BLK     Style: TY; Vehicle #2     Make: VOLK     Model: NTI     Colour: BLK     Style: 2B,4/22/2022 2:26:08 PM,,
51489,21209603,1630997100000,2021,9,7,6,45,0,Tuesday,542764.94861,4807310.49187,-80.471744,43.417471,Non intersection,2,P.D. only,Thru lane,unknown,unknown,SMV unattended vehicle,Unknown,Dawn,03 - Dawn,Municipal (excl. Twp. Rd.),No control,unknown,0,0,0,False,False,False,Clear,,True,Road 1: 78 COACH HILL DR (IFO); Vehicle #1     Make: FORD     Model: CTV     Colour: WHI     Style: BU; Vehicle #2     Make: GMC     Model: SIE     Colour: GRY     Style: PK,4/22/2022 2:24:30 PM,,
51490,21209604,1631187000000,2021,9,9,11,30,0,Thursday,540014.3685,4805689.40598,-80.505839,43.403026,Non intersection,2,Non-reportable,Thru lane,unknown,unknown,SMV unattended vehicle,Unknown,Daylight,01 - Daylight,Municipal (excl. Twp. Rd.),No control,unknown,0,0,0,False,False,False,Clear,,True,Road 1: COMMONWEALTH CRESCENT (IFO 731); Road 2: ISABELLA ST; Vehicle #1     Make:      Model:      Colour:      Style: ; Vehicle #2     Make: RAM     Model: RTR     Colour: WHI     Style: PK,4/22/2022 2:24:31 PM,,
51491,21209615,1630083000000,2021,8,27,16,50,0,Friday,545538.51874,4805399.52841,-80.43764399999999,43.400101,Non intersection,2,P.D. only,Thru lane,unknown,unknown,Rear end,Unknown,Daylight,01 - Daylight,Regional municipality,No control,unknown,0,0,0,False,False,False,Clear,,True,Road 1: 10 HURON RD; Vehicle #1     Make: MITS     Model: OUT     Colour: BLK     Style: TY; Vehicle #2     Make: CADI     Model: APE     Colour: GRY     Style: 4D,12/20/2021 10:48:18 AM,,
51492,21210743,1628145900000,2021,8,5,6,45,0,Thursday,544489.19877,4802566.19229,-80.45083199999999,43.374652999999995,Intersection related,2,Non-reportable,Thru lane,unknown,unknown,Rear end,Unknown,Daylight,01 - Daylight,Municipal (excl. Twp. Rd.),unknown,Functioning,0,0,0,False,False,False,Clear,,True,Road 1: STAUFFER DR; Road 2: CARYNDALE DR; Vehicle #1     Make:      Model:      Colour:      Style: ; Vehicle #2     Make: JEEP     Model: WRA     Colour: GRY     Style: TY,2/11/2022 11:07:56 AM,,
51493,21210911,1631466600000,2021,9,12,17,10,0,Sunday,545050.16663,4810837.85174,-80.443226,43.449096999999995,At intersection,1,Non-fatal injury,Within intersection,unknown,unknown,Angle,Unknown,Daylight,01 - Daylight,Township,unknown,Functioning,0,0,1,False,False,False,Rain,,False,Road 1: RIVER RD E (50 km/h); Road 2: HOLBORN DR (50 km/h); Charged Driver #1 on page 1: HTA 144 (NA) (NA); Vehicle #1     Make: NISS     Model: ROG     Colour: SIL     Style: TY; Vehicle #2     Make: HOND     Model: UCL     Colour: BLU     Style: 4D; Veh,4/22/2022 2:26:24 PM,,
51494,21212098,1631564100000,2021,9,13,20,15,0,Monday,543519.85388,4808208.92651,-80.46234799999999,43.425517,Non intersection,2,P.D. only,Thru lane,unknown,unknown,SMV unattended vehicle,Unknown,"Dark, artificial","08 - Dark, artificial",Municipal (excl. Twp. Rd.),No control,unknown,1,0,0,False,False,False,Clear,,False,Road 1: 226 KIPLING AVE (50 km/h); Road 2: KIPLING AVE; Distance: 3.0 K S; Charged Driver #1 on page 1: NA NA (NA) (NA); Vehicle #1     Make: TOYT     Model: UVS     Colour: BRN     Style: 4D; Vehicle #2     Make: TOYT     Model: SXC     Colour: GRY     S,4/22/2022 2:24:53 PM,,
51495,21212211,1631607420000,2021,9,14,8,17,0,Tuesday,539685.834,4811408.6,-80.50948,43.45454,Non intersection,1,Non-fatal injury,Thru lane,unknown,unknown,SMV other,Unknown,Daylight,01 - Daylight,Municipal (excl. Twp. Rd.),No control,unknown,1,0,0,True,False,False,Clear,,False,Road 1: GLASGOW ST (50 km/h); Road 2: GRUHN ST; Distance: 10.0 K W; Vehicle #1     Make: NISS     Model: QST     Colour: SIL     Style: VN,4/22/2022 2:24:40 PM,,
51496,21212366,1630650600000,2021,9,3,6,30,0,Friday,536230.07474,4806977.13685,-80.552487,43.414814,Non intersection,2,P.D. only,Thru lane,unknown,unknown,Sideswipe,Unknown,Dawn,03 - Dawn,Regional municipality,No control,unknown,0,0,0,False,False,False,Clear,,True,Road 1: HIGHVIEW DR; Road 2: IRA NEEDLES; Vehicle #1     Make: ISU     Model: NRR     Colour: WHI     Style: CT; Vehicle #2     Make: HOND     Model: UAX     Colour: RED     Style: 4D,4/22/2022 2:24:29 PM,,
51497,21212465,1630588800000,2021,9,2,13,20,0,Thursday,539568.28929,4811425.38276,-80.510932,43.454696999999996,Intersection related,2,Non-reportable,Thru lane,unknown,unknown,Rear end,Unknown,Daylight,01 - Daylight,Municipal (excl. Twp. Rd.),unknown,Functioning,0,0,0,False,False,False,Clear,,True,Road 1: GREEN ST; Road 2: PARK ST; Vehicle #1     Make: TOYT     Model: CEP     Colour: WHI     Style: 4D; Vehicle #2     Make:      Model:      Colour:      Style:,4/22/2022 2:25:41 PM,,
51498,21212542,1626327600000,2021,7,15,5,40,0,Thursday,544544.10936,4802578.26433,-80.450153,43.374758,Non intersection,2,Non-reportable,Thru lane,unknown,unknown,SMV other,Unknown,Dawn,03 - Dawn,Regional municipality,No control,unknown,0,0,0,False,False,False,Clear,,True,Road 1: STAUFFER DR; Road 2: CARYNDALE DR; Vehicle #1     Make: RAM     Model: RTR     Colour: WHI     Style: PK,2/11/2022 11:09:36 AM,,
51499,21213109,1629532800000,2021,8,21,8,0,0,Saturday,544376.70073,4810433.7489,-80.451582,43.445499,At/near private drive,2,Non-reportable,Thru lane,unknown,unknown,SMV unattended vehicle,Unknown,Daylight,01 - Daylight,Municipal (excl. Twp. Rd.),No control,unknown,0,0,0,False,False,False,Clear,,True,Road 1: DALEWOOD DR; Road 2: PENROSE AVE; Vehicle #1     Make:      Model:      Colour:      Style: ; Vehicle #2     Make: TOYT     Model: RV4     Colour: WHI     Style: TY,12/20/2021 10:48:13 AM,,
51500,21213156,1630071000000,2021,8,27,13,30,0,Friday,544116.83777,4811896.22939,-80.454675,43.458683,Intersection related,2,Non-reportable,Thru lane,unknown,unknown,Rear end,Unknown,Daylight,01 - Daylight,Regional municipality,unknown,Functioning,0,0,0,False,False,False,Clear,,True,Road 1: RIVER RD E; Road 2: MANCHESTER RD; Vehicle #1     Make:      Model:      Colour:      Style: ; Vehicle #2     Make: HYUN     Model: SAN     Colour: BLK     Style: TY,8/16/2022 3:01:30 PM,,
51501,21213336,1631183400000,2021,9,9,10,30,0,Thursday,541800.53172,4803728.92875,-80.483931,43.385276999999995,Non intersection,2,Non-reportable,Thru lane,unknown,unknown,SMV unattended vehicle,Unknown,Daylight,01 - Daylight,Municipal (excl. Twp. Rd.),No control,unknown,0,0,0,False,False,False,Clear,,True,Road 1: WOODBINE AVE; Road 2: MAITLAND ST; Vehicle #1     Make: ICRP     Model: BUP     Colour: YEL     Style: BU; Vehicle #2     Make:      Model:      Colour:      Style:,4/22/2022 2:24:35 PM,,
51502,21213698,1631735100000,2021,9,15,19,45,0,Wednesday,545315.49552,4810293.69798,-80.43999199999999,43.444182,Non intersection,2,P.D. only,Thru lane,unknown,unknown,Other,Unknown,Dusk,05 - Dusk,Regional municipality,No control,unknown,0,0,0,False,False,False,Clear,,True,Road 1: RIVER RD E; Vehicle #1     Make: GMC     Model: SIE     Colour: WHI     Style: PK; Vehicle #2     Make: TOYT     Model: MTL     Colour: GRY     Style: 4D,4/22/2022 2:24:50 PM,,
51503,21214651,1631828640000,2021,9,16,21,44,0,Thursday,537357.96422,4808413.83174,-80.538457,43.427695,At/near private drive,2,P.D. only,Right shoulder,unknown,unknown,SMV unattended vehicle,Unknown,Dark,07 - Dark,Regional municipality,No control,unknown,0,0,0,False,False,False,Clear,,False,Road 1: 303 BANKSIDE DR (40 km/h); Road 2: BANKSIDE DR; Distance: 2.0 M N; Vehicle #1     Make: TOYT     Model: CBA     Colour: GRY     Style: 4D; Vehicle #2     Make: NISS     Model: ATS     Colour: GRY     Style: 4D,4/22/2022 2:26:40 PM,,
51504,21215102,1631799000000,2021,9,16,13,30,0,Thursday,547700.07087,4805996.46443,-80.4109,43.405342,Non intersection,2,Non-reportable,Thru lane,unknown,unknown,SMV unattended vehicle,Unknown,Daylight,01 - Daylight,Municipal (excl. Twp. Rd.),No control,unknown,0,0,0,False,False,False,Clear,,True,Road 1: 7 SPRING MIST DR; Road 2: 7 SPRING MIST DR; Vehicle #1     Make:      Model:      Colour:      Style: ; Vehicle #2     Make: CHEV     Model: SIL     Colour: BLK     Style: PK,4/22/2022 2:24:43 PM,,
51505,21215368,1631898000000,2021,9,17,17,0,0,Friday,545136.25469,4807607.66237,-80.44242899999999,43.420007999999996,Non intersection,2,P.D. only,Thru lane,unknown,unknown,Turning movement,Unknown,Daylight,01 - Daylight,Regional municipality,No control,unknown,0,0,0,False,False,False,Clear,,True,Road 1: WILSON AVE; Road 2: FAIRWAY RD S; Vehicle #1     Make: CADI     Model: XT5     Colour: WHI     Style: TY; Vehicle #2     Make: CHEV     Model: RAX     Colour: BLK     Style: TY,4/27/2022 10:39:44 AM,,
51506,21216044,1631963040000,2021,9,18,11,4,0,Saturday,546063.22519,4809491.89533,-80.43082,43.436917,At intersection,2,P.D. only,Within intersection,unknown,unknown,Angle,Unknown,Daylight,01 - Daylight,Regional municipality,unknown,Functioning,0,0,0,False,False,False,Clear,,False,Road 1: RIVER RD E (60 km/h); Road 2: KINZIE AVE (50 km/h); Charged Driver #1 on page 1: HTA 144 (NA) (NA); Vehicle #1     Make: SUBA     Model: FOR     Colour: SIL     Style: TY; Vehicle #2     Make: TOYT     Model: C4E     Colour: BLU     Style: 4D,4/22/2022 2:26:07 PM,,
51507,21216766,1632018000000,2021,9,19,2,20,0,Sunday,542555.7615,4807064.64267,-80.474347,43.415268999999995,Intersection related,1,Non-fatal injury,Not on roadway - left side,unknown,unknown,SMV other,Unknown,Dark,07 - Dark,Municipal (excl. Twp. Rd.),unknown,unknown,0,0,0,False,False,False,Clear,,False,Road 1: COUNTRY HILL DR (50 km/h); Road 2: CEDARHILL CRESCENT (50 km/h); Charged Driver #1 on page 1: HTA 130 (NA) (NA); Vehicle #1     Make: VOLK     Model: JBS     Colour: BLK     Style: 4D,4/22/2022 2:25:44 PM,,
51508,21216953,1632046500000,2021,9,19,10,15,0,Sunday,545978.26714,4802615.05982,-80.432448,43.375003,Non intersection,2,P.D. only,Thru lane,unknown,unknown,Other,Unknown,Daylight,01 - Daylight,Municipal (excl. Twp. Rd.),No control,unknown,0,0,0,False,False,False,Clear,,True,Road 1: 385 THOMAS SLEE DR; Road 2: 385 THOMAS SLEE DR; Vehicle #1     Make:      Model:      Colour:      Style: ; Vehicle #2     Make: AUDI     Model: AQ8     Colour: BLK     Style: TY,4/22/2022 2:24:35 PM,,
51509,21218484,1632210900000,2021,9,21,7,55,0,Tuesday,543158.0719,4804459.57866,-80.467113,43.391779,Non intersection,2,P.D. only,Thru lane,unknown,unknown,Sideswipe,Unknown,Daylight,01 - Daylight,Regional municipality,No control,unknown,0,0,0,False,False,False,Clear,,True,Road 1: HURON; Road 2: STRAWBURG; Vehicle #1     Make: INFI     Model: QX6     Colour: BLK     Style: 4D; Vehicle #2     Make: SUZI     Model: SX4     Colour: SIL     Style: 4D,4/22/2022 2:24:53 PM,,
51510,21218545,1632123000000,2021,9,20,7,30,0,Monday,537619.1,4807072.99123,-80.53532299999999,43.415608,At/near private drive,2,P.D. only,Thru lane,unknown,unknown,SMV unattended vehicle,Unknown,Daylight,01 - Daylight,Municipal (excl. Twp. Rd.),No control,unknown,0,0,0,False,False,False,Clear,,True,Road 1: PARKLAND CRESCENT (IFO 18); Vehicle #1     Make:      Model:      Colour:      Style: ; Vehicle #2     Make: MERZ     Model: C4A     Colour: GRY     Style: 4D,8/16/2022 3:02:59 PM,,
51511,21218972,1632247200000,2021,9,21,18,0,0,Tuesday,545034.71465,4807870.1536,-80.443662,43.422377,At intersection,2,Non-reportable,Within intersection,unknown,unknown,Rear end,Unknown,Daylight,01 - Daylight,Municipal (excl. Twp. Rd.),unknown,Functioning,0,0,0,False,False,False,Clear,,True,Road 1: 3101 KINGSWAY DR; Road 2: WILSON AVE; Vehicle #1     Make: TOYT     Model: HIG     Colour: GRY     Style: TY; Vehicle #2     Make: HYUN     Model: ESM     Colour: WHI     Style: 4D,4/22/2022 2:26:05 PM,,
51512,21219348,1632223800000,2021,9,21,11,30,0,Tuesday,546233.37389,4808792.14645,-80.428777,43.430606,At/near private drive,2,P.D. only,Thru lane,unknown,unknown,SMV unattended vehicle,Unknown,Daylight,01 - Daylight,Municipal (excl. Twp. Rd.),No control,unknown,0,0,0,False,False,False,Clear,,True,Road 1: 48 WINDOM RD (IFO); Vehicle #1     Make:      Model:      Colour:      Style: ; Vehicle #2     Make: RAM     Model: RTR     Colour: WHI     Style: PK,4/22/2022 2:26:44 PM,,
51513,21219609,1632318000000,2021,9,22,13,40,0,Wednesday,541516.26134,4811215.45873,-80.486871,43.452701999999995,Intersection related,2,Non-reportable,Within intersection,unknown,unknown,Angle,Unknown,Daylight,01 - Daylight,Municipal (excl. Twp. Rd.),unknown,unknown,0,0,0,False,False,False,Rain,,True,Road 1: QUEEN ST N; Road 2: ROY ST; Vehicle #1     Make:      Model:      Colour:      Style: ; Vehicle #2     Make: TOYT     Model: CHB     Colour: GRY     Style: 4D,4/22/2022 2:25:35 PM,,
51514,21219776,1632935820000,2021,9,29,17,17,0,Wednesday,538015.99525,4808435.31442,-80.530326,43.427855,At intersection,2,P.D. only,Thru lane,unknown,unknown,SMV other,Unknown,Daylight,01 - Daylight,Municipal (excl. Twp. Rd.),unknown,Functioning,1,0,0,False,False,False,Rain,,False,Road 1: BLACKWELL DR (40 km/h); Road 2: WESTHEIGHTS DR (40 km/h); Distance: 10.0 M W; Vehicle #1     Make: LEXS     Model: I25     Colour: GRY     Style: 4D,4/22/2022 2:26:23 PM,,
51515,21221004,1632492000000,2021,9,24,14,0,0,Friday,536013.38724,4807644.27815,-80.55511899999999,43.420831,Non intersection,2,P.D. only,Thru lane,unknown,unknown,SMV unattended vehicle,Unknown,Daylight,01 - Daylight,Municipal (excl. Twp. Rd.),No control,unknown,0,0,0,False,False,False,Clear,,True,Road 1: RAUCH COURT (IFO 27); Vehicle #1     Make:      Model:      Colour:      Style: ; Vehicle #2     Make: ACUR     Model: ATL     Colour: GRY     Style: 4D,4/22/2022 2:24:25 PM,,
51516,21221438,1632503460000,2021,9,24,17,11,0,Friday,536393.55911,4807046.27541,-80.550463,43.415428,Non intersection,2,P.D. only,Thru lane,unknown,unknown,Rear end,Unknown,Daylight,01 - Daylight,Municipal (excl. Twp. Rd.),No control,unknown,0,0,0,False,False,False,Clear,,True,Road 1: 215 HIGHVIEW DR; Vehicle #1     Make: HOND     Model: CXG     Colour: RED     Style: 4D; Vehicle #2     Make: FORD     Model: COF     Colour: WHI     Style: PK,4/22/2022 2:24:22 PM,,
51517,21222855,1632621240000,2021,9,26,1,54,0,Sunday,542871.92725,4807421.84018,-80.47041399999999,43.418467,Intersection related,2,P.D. only,Thru lane,unknown,unknown,Sideswipe,Unknown,"Dark, artificial","08 - Dark, artificial",Regional municipality,unknown,unknown,1,0,0,False,False,False,Clear,,False,Road 1: BLOCK LINE RD (50 km/h); Road 2: HOMER WATSON BLVD; Distance: 3.0 M E; Vehicle #1     Make:      Model:      Colour:      Style: 4D; Vehicle #2     Make: ACUR     Model: TXT     Colour: BLK     Style: 4D,4/22/2022 2:25:45 PM,,