OBJECTID,ACCIDENTNUM,ACCIDENTDATE,ACCIDENT_YEAR,ACCIDENT_MONTH,ACCIDENT_DAY,ACCIDENT_HOUR,ACCIDENT_MINUTE,ACCIDENT_SECOND,ACCIDENT_WEEKDAY,XCOORD,YCOORD,LONGITUDE,LATITUDE,ACCIDENTLOCATION,COLLISIONTYPE,CLASSIFICATIONOFACCIDENT,IMPACTLOCATION,INITIALDIRECTIONOFTRAVELONE,INITIALDIRECTIONOFTRAVELTWO,INITIALIMPACTTYPE,INTTRAFFICCONTROL,LIGHT,LIGHTFORREPORT,ROADJURISDICTION,TRAFFICCONTROL,TRAFFICCONTROLCONDITION,THRULANENO,NORTHBOUNDDISOBEYCOUNT,SOUTHBOUNDDISOBEYCOUNT,PEDESTRIANINVOLVED,CYCLISTINVOLVED,MOTORCYCLISTINVOLVED,ENVIRONMENTCONDITION1,ENVIRONMENTCONDITION2,SELFREPORTED,XMLIMPORTNOTES,LASTEDITEDDATE,CREATE_BY,CREATE_DATE
51518,21223243,1632666720000,2021,9,26,14,32,0,Sunday,538219.32979,4808772.41629,-80.52779,43.430879999999995,At/near private drive,1,Non-fatal injury,Other,unknown,unknown,Sideswipe,Unknown,Daylight,01 - Daylight,Municipal (excl. Twp. Rd.),No control,unknown,0,0,0,False,True,False,Clear,,False,Road 1: 875 QUEENS BLVD (50 km/h); Road 2: HIGHLAND RD W; Distance: 1.0 K W; Charged Driver #1 on page 1: NA NA (NA) (NA); Vehicle #1     Make: HOND     Model: CXG     Colour: SIL     Style: 4D; Vehicle #2     Make: PETE     Model:      Colour:      Style,4/22/2022 2:26:27 PM,,
51519,21223362,1632675600000,2021,9,26,17,0,0,Sunday,545856.29665,4804741.36161,-80.433775,43.394155999999995,Intersection related,1,Non-fatal injury,Off highway,unknown,unknown,SMV other,Unknown,Daylight,01 - Daylight,Municipal (excl. Twp. Rd.),unknown,unknown,0,0,0,False,False,False,Clear,,False,Road 1: 120 PIONEER DR; Road 2: PIONEER DR; Vehicle #1     Make: PONT     Model: MON     Colour: BLU     Style: VN,4/22/2022 2:25:43 PM,,
51520,21224663,1632817200000,2021,9,28,8,20,0,Tuesday,541957.3194,4815745.5144,-80.481071,43.493466,At intersection,2,P.D. only,Within intersection,unknown,unknown,Angle,Unknown,Daylight,01 - Daylight,Municipal (excl. Twp. Rd.),unknown,unknown,0,0,0,False,False,False,Clear,,True,Road 1: 14 FALCONRIDGE DR; Road 2: 250 WOOLWICH ST; Vehicle #1     Make: TOYT     Model: RV4     Colour: GRY     Style: TY; Vehicle #2     Make: NISS     Model: NV2     Colour: BLK     Style: FV,4/22/2022 2:26:13 PM,,
51521,21225471,1632873660000,2021,9,29,0,1,0,Wednesday,544089.51059,4805043.49067,-80.45556599999999,43.396982,Non intersection,2,P.D. only,Not on roadway - right side,unknown,unknown,SMV other,Unknown,"Dark, artificial","08 - Dark, artificial",Municipal (excl. Twp. Rd.),No control,unknown,0,0,0,False,False,False,Clear,,False,Road 1: 28 BIEHN DR (50 km/h); Road 2: BIEHN DR; Distance: 3.0 M W; Vehicle #1     Make:      Model:      Colour:      Style:,4/22/2022 2:24:51 PM,,
51522,21226535,1633005360000,2021,9,30,12,36,0,Thursday,540839.48928,4810222.8817,-80.49530999999999,43.443802,At/near private drive,2,P.D. only,Thru lane,unknown,unknown,Sideswipe,Unknown,Daylight,01 - Daylight,Regional municipality,No control,unknown,1,0,0,False,False,False,Clear,,False,Road 1: QUEEN ST S (50 km/h); Road 2: 541 QUEEN ST S; Distance: 7.0 M W; Charged Driver #1 on page 1: HTA 158 (NA) (NA); Vehicle #1     Make:      Model:      Colour: RED     Style: 4D; Vehicle #2     Make: HYUN     Model: SAN     Colour: GRY     Style: T,8/16/2022 3:03:23 PM,,
51523,21227032,1633040100000,2021,9,30,22,15,0,Thursday,540566.62185,4807901.90368,-80.498854,43.422917999999996,At/near private drive,2,P.D. only,Thru lane,unknown,unknown,Approaching,Unknown,Dark,07 - Dark,Municipal (excl. Twp. Rd.),No control,unknown,0,0,0,False,False,False,Clear,,True,Road 1: 200 CHANDLER DR; Vehicle #1     Make: FORD     Model: COF     Colour: GLD     Style: PK; Vehicle #2     Make:      Model:      Colour:      Style:,4/22/2022 2:26:37 PM,,
51524,21227199,1633072020000,2021,10,1,7,7,0,Friday,544647.84729,4808627.50761,-80.448379,43.42922,Non intersection,2,P.D. only,Other,unknown,unknown,Sideswipe,Unknown,"Daylight, artificial","02 - Daylight, artificial",Municipal (excl. Twp. Rd.),No control,unknown,0,0,0,False,False,False,Clear,,False,Road 1: CONNAUGHT ST (40 km/h); Road 2: NINTH AVE; Distance: 15.0 M W; Charged Driver #1 on page 1: HTA 130 (NA) (NA); Vehicle #1     Make: MERZ     Model: CSP     Colour: WHI     Style: FV; Vehicle #2     Make: KIA     Model: FEX     Colour: BLU     Styl,4/22/2022 2:24:42 PM,,
51525,21227447,1626693000000,2021,7,19,11,10,0,Monday,541429.8526,4809581.75316,-80.488063,43.437996999999996,Non intersection,2,P.D. only,Thru lane,unknown,unknown,Sideswipe,Unknown,Daylight,01 - Daylight,Municipal (excl. Twp. Rd.),No control,unknown,0,0,0,False,False,False,Clear,,True,Road 1: 213 MILL ST; Vehicle #1     Make: FORD     Model: RNG     Colour: GRY     Style: PK; Vehicle #2     Make: HYUN     Model: EXL     Colour: BLK     Style: 4D,4/22/2022 2:24:37 PM,,
51526,21227541,1632486600000,2021,9,24,12,30,0,Friday,538060.75266,4808256.11895,-80.52978499999999,43.426238999999995,Non intersection,2,P.D. only,Thru lane,unknown,unknown,SMV unattended vehicle,Unknown,Daylight,01 - Daylight,Regional municipality,No control,unknown,0,0,0,False,False,False,Clear,,True,Road 1: WESTHEIGHTS DR (IFO 116); Road 2: QUEENS'S BLVD; Vehicle #1     Make: LEXS     Model: P9L     Colour: WHI     Style: 4W; Vehicle #2     Make: CHEV     Model: SIL     Colour: WHI     Style: PK,4/22/2022 2:24:52 PM,,
51527,21227628,1631930400000,2021,9,18,2,0,0,Saturday,542016.12251,4807242.3875,-80.480999,43.416900000000005,At intersection,2,Non-reportable,Within intersection,unknown,unknown,Turning movement,Unknown,Dark,07 - Dark,Regional municipality,unknown,Functioning,0,0,0,False,False,False,Clear,,True,Road 1: BLACKHORNE RD; Road 2: 596 STRASBURG RD; Vehicle #1     Make: CHEV     Model: SIL     Colour: BLU     Style: PK; Vehicle #2     Make:      Model:      Colour:      Style:,4/22/2022 2:26:10 PM,,
51528,21227638,1629991800000,2021,8,26,15,30,0,Thursday,540750.80523,4808048.56912,-80.496568,43.424229,At/near private drive,2,P.D. only,Thru lane,unknown,unknown,SMV unattended vehicle,Unknown,Daylight,01 - Daylight,Municipal (excl. Twp. Rd.),No control,unknown,0,0,0,False,False,False,Clear,,True,Road 1: 140 CHANDLER DR (IFO); Vehicle #1     Make:      Model:      Colour:      Style: ; Vehicle #2     Make: JEEP     Model: CMP     Colour: SIL     Style: TY,4/22/2022 2:26:43 PM,,
51529,21227656,1633100700000,2021,10,1,15,5,0,Friday,537265.29137,4810090.57314,-80.539487,43.442797,Non intersection,2,P.D. only,Off highway,unknown,unknown,SMV other,Unknown,Daylight,01 - Daylight,Regional municipality,No control,unknown,0,0,0,False,False,False,Clear,,False,Road 1: 403 WESTWOOD DR (50 km/h); Road 2: WESTWOOD DR; Distance: 100.0 M S; Charged Driver #1 on page 1: HTA 130 (NA) (NA); Vehicle #1     Make: HOND     Model: UEX     Colour: BLK     Style: 4D,4/22/2022 2:24:34 PM,,
51530,21227665,1632916800000,2021,9,29,12,0,0,Wednesday,538134.79888,4808865.52902,-80.52882799999999,43.431723,Non intersection,2,Non-reportable,Thru lane,unknown,unknown,SMV unattended vehicle,Unknown,Daylight,01 - Daylight,Municipal (excl. Twp. Rd.),No control,unknown,0,0,0,False,False,False,Clear,,True,Road 1: 71 BANKSIDE DR (IFO); Vehicle #1     Make:      Model:      Colour:      Style: ; Vehicle #2     Make: HOND     Model: CRV     Colour: BLK     Style: TY,4/22/2022 2:24:27 PM,,
51531,21227670,1632923400000,2021,9,29,13,50,0,Wednesday,547571.33275,4806076.08563,-80.412483,43.406067,At/near private drive,2,P.D. only,Thru lane,unknown,unknown,SMV unattended vehicle,Unknown,Daylight,01 - Daylight,Municipal (excl. Twp. Rd.),No control,unknown,0,0,0,False,False,False,Clear,,True,Road 1: DEER RIDGE DR (IFO 234); Vehicle #1     Make: FORD     Model: COF     Colour: BLK     Style: CW; Vehicle #2     Make: SUBA     Model: IPR     Colour: WHI     Style: SW,4/22/2022 2:26:27 PM,,
51532,21227804,1633109400000,2021,10,1,17,30,0,Friday,538254.57632,4809876.60981,-80.527277,43.440819999999995,Non intersection,1,Non-fatal injury,Thru lane,unknown,unknown,Sideswipe,Unknown,Daylight,01 - Daylight,Municipal (excl. Twp. Rd.),No control,unknown,1,0,0,False,False,False,Clear,,False,Road 1: HAZELGLEN DR (50 km/h); Road 2: DALEGROVE DR; Distance: 3.0 M S; Charged Driver #1 on page 1: HTA 130 (NA) (NA); Vehicle #1     Make: KIA     Model: RIO     Colour: GRY     Style: 4D; Vehicle #2     Make: ACUR     Model: INT     Colour: BLK     St,4/22/2022 2:25:16 PM,,
51533,21227810,1630495800000,2021,9,1,11,30,0,Wednesday,545619.72642,4803071.40891,-80.436835,43.379134,Non intersection,2,P.D. only,Thru lane,unknown,unknown,Other,Unknown,Daylight,01 - Daylight,Municipal (excl. Twp. Rd.),No control,unknown,0,0,0,False,False,False,Clear,,True,Road 1: 613 ROBERT FERRIE DR (IFO); Vehicle #1     Make: FRHT     Model: FM2     Colour: BRN     Style: CT; Vehicle #2     Make: FORD     Model: TRN     Colour: WHI     Style: FV,4/22/2022 2:24:23 PM,,
51534,21228268,1633159980000,2021,10,2,7,33,0,Saturday,540264.92493,4809574.40781,-80.50245799999999,43.437993999999996,Other,2,P.D. only,Off highway,unknown,unknown,SMV other,Unknown,Daylight,01 - Daylight,Municipal (excl. Twp. Rd.),No control,unknown,0,0,0,False,False,False,Clear,,False,Road 1: QUEENS BLVD; Road 2: CIVIC 960 QUEENS BLVD; Charged Driver #1 on page 1: HTA 139 (NA) (NA); Vehicle #1     Make: HOND     Model: ATR     Colour: WHI     Style: 4D,4/22/2022 2:27:13 PM,,
51535,21228663,1632143700000,2021,9,20,13,15,0,Monday,546055.37754,4803301.11963,-80.431438,43.381175999999996,Non intersection,2,Non-reportable,Thru lane,unknown,unknown,SMV unattended vehicle,Unknown,Daylight,01 - Daylight,Municipal (excl. Twp. Rd.),No control,unknown,0,0,0,False,False,False,Clear,,True,Road 1: 405 DOON SOUTH DR (IFO); Vehicle #1     Make:      Model:      Colour:      Style: ; Vehicle #2     Make: MERZ     Model: ESM     Colour: SIL     Style: 2D,4/22/2022 2:24:44 PM,,
51536,21229248,1633240800000,2021,10,3,6,0,0,Sunday,538856.33717,4805421.37732,-80.520158,43.400673999999995,Non intersection,2,P.D. only,Right shoulder,unknown,unknown,SMV unattended vehicle,Unknown,Dark,07 - Dark,Municipal (excl. Twp. Rd.),No control,unknown,0,0,0,False,False,False,Clear,,False,Road 1: PURPLE SAGE CRES (50 km/h); Road 2: CIVIC 220 PURPLE SAGE CRES; Distance: 1.0 M S; Vehicle #1     Make:      Model: -     Colour:      Style: ; Vehicle #2     Make: TOYT     Model: UXS     Colour: GRN     Style: 4D,4/22/2022 2:24:27 PM,,
51537,21229522,1633136400000,2021,10,2,1,0,0,Saturday,543091.95926,4811475.16185,-80.467376,43.454951,At/near private drive,2,P.D. only,Off highway,unknown,unknown,SMV unattended vehicle,Unknown,Dark,07 - Dark,Municipal (excl. Twp. Rd.),No control,unknown,0,0,0,False,False,False,Clear,,True,Road 1: 185 BECKER ST; Vehicle #1     Make: CHEV     Model: IPL     Colour: RED     Style: 4D; Vehicle #2     Make: MAZD     Model: CX5     Colour: GRY     Style: TY,4/22/2022 2:26:38 PM,,
51538,21229536,1633274220000,2021,10,3,15,17,0,Sunday,545035.25465,4807868.67344,-80.44365499999999,43.422363999999995,Intersection related,2,P.D. only,Left turn lane,unknown,unknown,Rear end,Unknown,Daylight,01 - Daylight,Municipal (excl. Twp. Rd.),unknown,Functioning,0,0,0,False,False,False,Clear,,False,Road 1: KINGSWAY DR (50 km/h); Road 2: WILSON AVE (50 km/h); Distance: 5.0 M; Charged Driver #1 on page 1: HTA 130 (NA) (NA); Vehicle #1     Make: HYUN     Model: ESE     Colour: RED     Style: 4D; Vehicle #2     Make: SUBA     Model: FOR     Colour: SIL ,4/22/2022 2:25:42 PM,,
51539,21229579,1633276200000,2021,10,3,15,50,0,Sunday,537135.3808,4807763.84509,-80.541251,43.421853,Non intersection,2,P.D. only,Thru lane,unknown,unknown,Sideswipe,Unknown,Daylight,01 - Daylight,Municipal (excl. Twp. Rd.),No control,unknown,0,0,0,False,False,False,Clear,,True,Road 1: WESTHEIGHTS DR; Road 2: BLACKWELL DR; Vehicle #1     Make:      Model:      Colour:      Style: ; Vehicle #2     Make: HYUN     Model: SAN     Colour: RED     Style: TY,4/22/2022 2:24:48 PM,,
51540,21230081,1630679400000,2021,9,3,14,30,0,Friday,540733.92971,4808040.53261,-80.496777,43.424157,Intersection related,2,Non-reportable,Thru lane,unknown,unknown,Angle,Unknown,Daylight,01 - Daylight,Municipal (excl. Twp. Rd.),unknown,unknown,0,0,0,False,False,False,Clear,,True,Road 1: CHANDLER DR; Road 2: ELMSDALE DR; Vehicle #1     Make: GMC     Model: STV     Colour: YEL     Style: BU; Vehicle #2     Make: HYUN     Model: SAN     Colour: BLU     Style: TY,4/22/2022 2:25:39 PM,,
51541,21230085,1631013900000,2021,9,7,11,25,0,Tuesday,539831.61643,4811143.6936,-80.50769799999999,43.452147,At intersection,2,P.D. only,Thru lane,unknown,unknown,Approaching,Unknown,Daylight,01 - Daylight,Municipal (excl. Twp. Rd.),unknown,Functioning,0,0,0,False,False,False,Clear,,True,Road 1: DOMINION ST; Road 2: PARK ST; Vehicle #1     Make: DODG     Model: JOU     Colour: BLK     Style: TY; Vehicle #2     Make: HOND     Model: UCL     Colour: SIL     Style: 4D,4/22/2022 2:26:12 PM,,
51542,21230225,1632158400000,2021,9,20,17,20,0,Monday,539732.16647,4806763.49556,-80.50924499999999,43.412713,Non intersection,2,Non-reportable,Thru lane,unknown,unknown,SMV unattended vehicle,Unknown,Daylight,01 - Daylight,Municipal (excl. Twp. Rd.),No control,unknown,0,0,0,False,False,False,Clear,,True,Road 1: 12 ACTIVA AVE; Road 2: 12 ACTIVA AVE; Vehicle #1     Make:      Model:      Colour:      Style: ; Vehicle #2     Make: LNDR     Model: EQU     Colour: WHI     Style: TY,4/22/2022 2:24:36 PM,,
51543,21230384,1633359600000,2021,10,4,15,0,0,Monday,542523.73513,4807122.77724,-80.474738,43.415794,Intersection related,2,P.D. only,Thru lane,unknown,unknown,Rear end,Unknown,Daylight,01 - Daylight,Municipal (excl. Twp. Rd.),unknown,unknown,0,0,0,False,False,False,Clear,,True,Road 1: COUNTRY HILL DR; Road 2: CHERRY HILL DR; Vehicle #1     Make: MERZ     Model: C25     Colour: BLK     Style: 4D; Vehicle #2     Make: TOYT     Model: K6G     Colour: WHI     Style: 4D,4/22/2022 2:25:38 PM,,
51544,21230923,1633419000000,2021,10,5,7,30,0,Tuesday,544096.56776,4805171.90023,-80.455468,43.398137999999996,Non intersection,2,P.D. only,Right turn channel,unknown,unknown,Sideswipe,Unknown,Dawn,03 - Dawn,Regional municipality,No control,unknown,0,0,0,False,False,False,Clear,,True,Road 1: HURON RD; Road 2: HOMER WATSON BLVD; Vehicle #1     Make: NISS     Model: ALTI     Colour: BLK     Style: 4D; Vehicle #2     Make: HINO     Model: HIN     Colour: WHI     Style: CT,4/22/2022 2:24:45 PM,,
51545,21231218,1631261700000,2021,9,10,8,15,0,Friday,539521.37432,4810123.09381,-80.511606,43.442974,At/near private drive,2,P.D. only,Thru lane,unknown,unknown,Other,Unknown,Daylight,01 - Daylight,Regional municipality,No control,unknown,0,0,0,False,False,False,Clear,,True,Road 1: BELMONT AVE W (IFO 301); Road 2: VICTORIA ST S; Vehicle #1     Make: HOND     Model: CIV     Colour: SIL     Style: 4D; Vehicle #2     Make:      Model:      Colour:      Style:,4/22/2022 2:26:34 PM,,
51546,21231222,1631370600000,2021,9,11,14,30,0,Saturday,541671.41223,4803575.61713,-80.485536,43.383903,Non intersection,2,Non-reportable,Thru lane,unknown,unknown,SMV unattended vehicle,Unknown,Daylight,01 - Daylight,Municipal (excl. Twp. Rd.),No control,unknown,0,0,0,False,False,False,Clear,,True,Road 1: FRANKFURT ST (INO 19); Road 2: SIENNA CRES; Vehicle #1     Make:      Model:      Colour:      Style: ; Vehicle #2     Make: KIA     Model: TEL     Colour: WHI     Style: TY,4/22/2022 2:24:34 PM,,
51547,21231234,1632496500000,2021,9,24,15,15,0,Friday,538992.2752,4805966.39883,-80.518441,43.405574,Non intersection,2,Non-reportable,Thru lane,unknown,unknown,Sideswipe,Unknown,Daylight,01 - Daylight,Municipal (excl. Twp. Rd.),No control,unknown,0,0,0,False,False,False,Clear,,True,Road 1: DAVID BERGEY DR; Road 2: ACTIVA AVE; Vehicle #1     Make: HYUN     Model: ESM     Colour: WHI     Style: 4D; Vehicle #2     Make: VOLV     Model: XC9     Colour: SIL     Style: TY,4/22/2022 2:24:41 PM,,
51548,21231938,1632822420000,2021,9,28,9,47,0,Tuesday,546002.09094,4802848.94457,-80.43213399999999,43.377106999999995,Non intersection,2,Non-reportable,Thru lane,unknown,unknown,SMV unattended vehicle,Unknown,Daylight,01 - Daylight,Municipal (excl. Twp. Rd.),No control,unknown,0,0,0,False,False,False,Clear,,True,Road 1: 56 STEEPLERIDGE ST (IFO); Vehicle #1     Make:      Model:      Colour:      Style: ; Vehicle #2     Make: CHEV     Model: UPL     Colour: BRN     Style: VN,4/22/2022 2:24:38 PM,,
51549,21232558,1633569900000,2021,10,7,1,25,0,Thursday,545526.78012,4810823.07719,-80.437337,43.448935999999996,Non intersection,2,P.D. only,Thru lane,unknown,unknown,SMV unattended vehicle,Unknown,Dark,07 - Dark,Municipal (excl. Twp. Rd.),No control,unknown,1,0,0,False,False,False,"Fog, mist, smoke, dust",,False,Road 1: OLD CHICOPEE DR (50 km/h); Road 2: NOTCHWOOD CRT; Distance: 13.0 M W; Charged Driver #1 on page 1: HTA 130 (NA) (NA); Vehicle #1     Make: BMW     Model: X12     Colour: BLK     Style: SW; Vehicle #2     Make: VOLK     Model: TIG     Colour: BLK  ,8/16/2022 3:02:30 PM,,
51550,21233078,1633619700000,2021,10,7,15,15,0,Thursday,541208.02654,4809334.9025,-80.49082299999999,43.435786,At/near private drive,2,P.D. only,Thru lane,unknown,unknown,Turning movement,Unknown,Daylight,01 - Daylight,Regional municipality,No control,unknown,0,0,0,False,False,False,Clear,,True,Road 1: HIGHLAND RD E; Road 2: STERLING RD; Vehicle #1     Make:      Model:      Colour:      Style: ; Vehicle #2     Make: MERC     Model: MGL     Colour: BRN     Style: 4D,4/22/2022 2:26:45 PM,,
51551,21233236,1633631400000,2021,10,7,18,30,0,Thursday,544116.47646,4811896.34678,-80.454679,43.458684,Intersection related,2,Non-reportable,Thru lane,unknown,unknown,Rear end,Unknown,Dark,07 - Dark,Municipal (excl. Twp. Rd.),unknown,Functioning,0,0,0,False,False,False,Clear,,True,Road 1: RIVER RD E; Road 2: MANCHESTER RD; Vehicle #1     Make:      Model:      Colour:      Style: ; Vehicle #2     Make: GMC     Model: TER     Colour: BLK     Style: TY,4/22/2022 2:25:36 PM,,
51552,21233454,1633653180000,2021,10,8,0,33,0,Friday,542983.4392,4806588.72139,-80.46910199999999,43.410959999999996,At/near private drive,2,P.D. only,Left shoulder,unknown,unknown,SMV unattended vehicle,Unknown,Dark,07 - Dark,Regional municipality,No control,unknown,0,0,0,False,False,False,Clear,,False,Road 1: 106 CENTURY HILL DR (50 km/h); Road 2: CENTURY HILL DR; Distance: 2.0 M W; Vehicle #1     Make: CHEV     Model: UPL     Colour: GRY     Style: VN; Vehicle #2     Make: MAZD     Model: M3I     Colour: GRY     Style: 4D,4/22/2022 2:26:47 PM,,
51553,21233580,1633678260000,2021,10,8,7,31,0,Friday,545035.19884,4807869.67753,-80.44365599999999,43.422373,At intersection,1,Non-fatal injury,Within intersection,unknown,unknown,SMV other,Unknown,Dawn,03 - Dawn,Municipal (excl. Twp. Rd.),unknown,Functioning,0,0,0,True,False,False,Clear,,False,Road 1: WILSON AVE (50 km/h); Road 2: KINGSWAY DR (50 km/h); Vehicle #1     Make: PETE     Model:      Colour:      Style:,4/22/2022 2:26:05 PM,,
51554,21234072,1633714440000,2021,10,8,17,34,0,Friday,546473.63374,4812523.12652,-80.42549,43.464183999999996,Non intersection,2,P.D. only,Thru lane,unknown,unknown,SMV unattended vehicle,Unknown,Daylight,01 - Daylight,Municipal (excl. Twp. Rd.),No control,unknown,1,0,0,False,False,False,Clear,,False,Road 1: OTTERBEIN RD (50 km/h); Road 2: BRANDY CRES; Distance: 62.0 K W; Charged Driver #1 on page 1: HTA 199 (NA) (NA); Vehicle #1     Make: GMC     Model: SAV     Colour: WHI     Style: FV; Vehicle #2     Make: CHEV     Model: BGG     Colour: WHI     St,4/22/2022 2:25:13 PM,,
51555,21234417,1633737600000,2021,10,9,0,0,0,Saturday,544071.72434,4807873.40799,-80.455557,43.422464,Non intersection,2,P.D. only,Right shoulder,unknown,unknown,SMV other,Unknown,Dark,07 - Dark,Municipal (excl. Twp. Rd.),No control,unknown,0,0,0,False,False,False,Clear,,False,Road 1: 122 SIEBERT AVE (50 km/h); Road 2: SIEBERT AVE; Distance: 1.0 M S; Charged Driver #1 on page 1: HTA 320.14 (NA) (NA); Vehicle #1     Make: FORD     Model: RNG     Colour: BLK     Style: PK,4/22/2022 2:25:08 PM,,
51556,21234673,1633777020000,2021,10,9,10,57,0,Saturday,541688.04969,4810690.1746,-80.484788,43.447962,Non intersection,1,Non-fatal injury,Thru lane,unknown,unknown,Sideswipe,Unknown,Daylight,01 - Daylight,Regional municipality,No control,unknown,1,0,0,False,True,False,Clear,,False,Road 1: KING ST E (40 km/h); Road 2: EBY ST N; Distance: 25.0 M W; Charged Driver #1 on page 1: HTA 154 (NA) (NA); Vehicle #1     Make: TOYT     Model: CBS     Colour: BLU     Style: 4D; Vehicle #2     Make: BICY     Model: ELEC     Colour:      Style: EB,4/22/2022 2:25:03 PM,,
51557,21234693,1633778940000,2021,10,9,11,29,0,Saturday,541700.24665,4807744.05906,-80.48486199999999,43.421434999999995,At/near private drive,2,P.D. only,Off highway,unknown,unknown,SMV other,Unknown,Other,99 - Other,Municipal (excl. Twp. Rd.),No control,unknown,0,0,0,False,False,False,Other,,False,Road 1: KINGSWOOD DR (50 km/h); Road 2: 18 KINGSWOOD DR; Distance: 5.0 M S; Vehicle #1     Make:      Model:      Colour:      Style:,4/22/2022 2:26:49 PM,,
51558,21235288,1633822080000,2021,10,9,23,28,0,Saturday,536143.52815,4807327.58596,-80.55353199999999,43.417972999999996,Non intersection,2,P.D. only,Not on roadway - right side,unknown,unknown,SMV other,Unknown,"Dark, artificial","08 - Dark, artificial",Municipal (excl. Twp. Rd.),No control,unknown,0,0,0,False,False,False,Clear,,False,Road 1: PENELOPE DR (50 km/h); Road 2: 15 PENELOPE DR; Distance: 10.0 M S; Vehicle #1     Make: TOYT     Model: MTL     Colour: GRY     Style: 4D,4/22/2022 2:24:29 PM,,
51559,21235628,1633868220000,2021,10,10,12,17,0,Sunday,538854.52646,4805838.02286,-80.520151,43.404426,At/near private drive,1,Non-fatal injury,Not on roadway - right side,unknown,unknown,SMV unattended vehicle,Unknown,Daylight,01 - Daylight,Municipal (excl. Twp. Rd.),No control,unknown,0,0,0,False,False,False,Clear,,False,Road 1: ACTIVA AVE (50 km/h); Road 2: 404 ACTIVA AVE; Distance: 0.0 M E; Vehicle #1     Make: CHEV     Model: C10     Colour: YEL     Style: PK; Vehicle #2     Make: BMW     Model: 28X     Colour: BLK     Style: 2D,4/22/2022 2:26:33 PM,,
51560,21235822,1633884780000,2021,10,10,16,53,0,Sunday,549159.18635,4806311.83626,-80.39285199999999,43.408086999999995,Non intersection,1,Non-fatal injury,Left turn lane,unknown,unknown,SMV other,Unknown,Daylight,01 - Daylight,Municipal (excl. Twp. Rd.),No control,unknown,0,0,0,True,False,True,Clear,,False,Road 1: 50 GATEWAY PARK DR (50 km/h); Road 2: GATEWAY PARK DR; Distance: 6.0 M E; Vehicle #1     Make: HD     Model: FXT     Colour: RED     Style: MS,4/22/2022 2:25:01 PM,,
51561,21237177,1633300200000,2021,10,3,22,30,0,Sunday,540238.06885,4810739.50893,-80.502704,43.448485999999995,Non intersection,2,Non-reportable,Thru lane,unknown,unknown,SMV other,Unknown,Dark,07 - Dark,Regional municipality,No control,unknown,0,0,0,False,False,False,Rain,,True,Road 1: PARK ST; Road 2: VICTORIA ST S; Vehicle #1     Make: HOND     Model: UCS     Colour: WHI     Style: 4D,4/22/2022 2:24:45 PM,,
51562,21237598,1634052600000,2021,10,12,15,30,0,Tuesday,543860.6442,4811362.33053,-80.45788399999999,43.45389,At/near private drive,2,P.D. only,Right shoulder,unknown,unknown,SMV other,Unknown,Daylight,01 - Daylight,Regional municipality,No control,unknown,0,0,0,False,False,False,Clear,,False,Road 1: 217 KENWOOD DR (40 km/h); Road 2: LYNDHURST DR; Distance: 17.0 K E; Vehicle #1     Make: PETE     Model:      Colour:      Style:,4/22/2022 2:27:05 PM,,
51563,21237603,1634055000000,2021,10,12,16,10,0,Tuesday,536219.36309,4806972.15701,-80.55261899999999,43.414769,At intersection,2,Non-reportable,Within intersection,unknown,unknown,Rear end,Unknown,Daylight,01 - Daylight,Municipal (excl. Twp. Rd.),unknown,unknown,0,0,0,False,False,False,Clear,,True,Road 1: 256 HIGHVIEW DR; Road 2: 256 HIGHVIEW DR; Vehicle #1     Make: HYUN     Model: SFT     Colour: GRY     Style: TY; Vehicle #2     Make:      Model:      Colour:      Style:,4/22/2022 2:26:12 PM,,
51564,21237674,1634064000000,2021,10,12,18,40,0,Tuesday,541473.82769,4812053.70054,-80.487332,43.460252,Non intersection,2,Non-reportable,Thru lane,unknown,unknown,Sideswipe,Unknown,Dusk,05 - Dusk,Municipal (excl. Twp. Rd.),No control,unknown,0,0,0,False,False,False,Clear,,True,Road 1: ST LEGER ST; Road 2: LOUISA ST; Vehicle #1     Make: HOND     Model: FXL     Colour: BLK     Style: 4B; Vehicle #2     Make:      Model:      Colour:      Style:,4/22/2022 2:24:46 PM,,
51565,21237730,1634069280000,2021,10,12,20,8,0,Tuesday,539400.61997,4806502.19466,-80.513359,43.410377,Non intersection,2,P.D. only,Thru lane,unknown,unknown,Approaching,Unknown,Dark,07 - Dark,Municipal (excl. Twp. Rd.),No control,unknown,1,0,0,False,False,False,Clear,,False,Road 1: 161 WILDERNESS DR (40 km/h); Road 2: WILDERNESS DR; Distance: 10.0 K S; Charged Driver #1 on page 1: HTA 130 (NA) (NA); Vehicle #1     Make: LEXS     Model: SC4     Colour: BLK     Style: 2D; Vehicle #2     Make: FORD     Model: EPR     Colour: GR,4/22/2022 2:24:30 PM,,
51566,21238079,1634112720000,2021,10,13,8,12,0,Wednesday,547237.55093,4808457.60755,-80.416399,43.427530999999995,At/near private drive,2,P.D. only,Thru lane,unknown,unknown,SMV unattended vehicle,Unknown,Daylight,01 - Daylight,Municipal (excl. Twp. Rd.),No control,unknown,0,0,0,False,False,False,Clear,,True,Road 1: GRAND RIVER BLVD (IFO 74); Road 2: UNDERHILL CRESCENT; Vehicle #1     Make: DODG     Model: CAR     Colour: GRY     Style: VN; Vehicle #2     Make:      Model:      Colour:      Style:,4/22/2022 2:26:35 PM,,