OBJECTID,ACCIDENTNUM,ACCIDENTDATE,ACCIDENT_YEAR,ACCIDENT_MONTH,ACCIDENT_DAY,ACCIDENT_HOUR,ACCIDENT_MINUTE,ACCIDENT_SECOND,ACCIDENT_WEEKDAY,XCOORD,YCOORD,LONGITUDE,LATITUDE,ACCIDENTLOCATION,COLLISIONTYPE,CLASSIFICATIONOFACCIDENT,IMPACTLOCATION,INITIALDIRECTIONOFTRAVELONE,INITIALDIRECTIONOFTRAVELTWO,INITIALIMPACTTYPE,INTTRAFFICCONTROL,LIGHT,LIGHTFORREPORT,ROADJURISDICTION,TRAFFICCONTROL,TRAFFICCONTROLCONDITION,THRULANENO,NORTHBOUNDDISOBEYCOUNT,SOUTHBOUNDDISOBEYCOUNT,PEDESTRIANINVOLVED,CYCLISTINVOLVED,MOTORCYCLISTINVOLVED,ENVIRONMENTCONDITION1,ENVIRONMENTCONDITION2,SELFREPORTED,XMLIMPORTNOTES,LASTEDITEDDATE,CREATE_BY,CREATE_DATE
51567,21238628,1634139000000,2021,10,13,15,30,0,Wednesday,543922.2324,4805131.068,-80.457624,43.39778,Intersection related,2,Non-reportable,Thru lane,unknown,unknown,Rear end,Unknown,Daylight,01 - Daylight,Regional municipality,unknown,Functioning,0,0,0,False,False,False,Clear,,True,Road 1: 371 HURON RD; Road 2: 371 HURON RD; Vehicle #1     Make: MAZD     Model: CX5     Colour: GRY     Style: TY; Vehicle #2     Make: HYUN     Model: ESM     Colour: RED     Style: 4D,4/22/2022 2:25:30 PM,,
51568,21238878,1633986000000,2021,10,11,21,0,0,Monday,542601.38995,4809527.80515,-80.473592,43.437445,At/near private drive,2,P.D. only,Thru lane,unknown,unknown,SMV unattended vehicle,Unknown,Dark,07 - Dark,Municipal (excl. Twp. Rd.),No control,unknown,0,0,0,False,False,False,Clear,,True,Road 1: SYDNEY ST S (IFO 171); Vehicle #1     Make:      Model:      Colour:      Style: ; Vehicle #2     Make: CHEV     Model: CEO     Colour: RED     Style: 4D,8/16/2022 3:05:02 PM,,
51569,21238882,1633346100000,2021,10,4,11,15,0,Monday,541960.0818,4807676.82895,-80.481658,43.420815,At/near private drive,2,Non-reportable,Thru lane,unknown,unknown,SMV unattended vehicle,Unknown,Daylight,01 - Daylight,Municipal (excl. Twp. Rd.),No control,unknown,0,0,0,False,False,False,Clear,,True,Road 1: 128 APPALACHIAN CRESCENT (IFO); Vehicle #1     Make: GMC     Model: SIE     Colour: GRN     Style: PK; Vehicle #2     Make:      Model:      Colour:      Style:,4/22/2022 2:26:40 PM,,
51570,21238898,1634031000000,2021,10,12,9,30,0,Tuesday,546690.56906,4809914.12742,-80.42303199999999,43.44068,Non intersection,2,Non-reportable,Thru lane,unknown,unknown,SMV unattended vehicle,Unknown,Daylight,01 - Daylight,Municipal (excl. Twp. Rd.),No control,unknown,0,0,0,False,False,False,Clear,,True,Road 1: 293 BRIARMEADOW DR (IFO); Vehicle #1     Make: LEXU     Model: RX35     Colour: WHI     Style: MUL; Vehicle #2     Make: VOLK     Model: PSP     Colour: GRN     Style: 4D,4/22/2022 2:24:48 PM,,
51571,21238915,1634203500000,2021,10,14,9,25,0,Thursday,542238.23732,4809662.18429,-80.478068,43.438676,At intersection,2,P.D. only,Within intersection,unknown,unknown,Sideswipe,Unknown,Daylight,01 - Daylight,Municipal (excl. Twp. Rd.),unknown,unknown,0,0,0,False,False,False,Clear,,True,Road 1: BORDEN AVE S; Road 2: BEDFORD RD; Vehicle #1     Make: FORD     Model: COF     Colour: WHI     Style: PK; Vehicle #2     Make: HYUN     Model: ASE     Colour: WHI     Style: 4B,4/22/2022 2:26:11 PM,,
51572,21239207,1634223360000,2021,10,14,14,56,0,Thursday,547682.92222,4810886.63323,-80.410685,43.449374,Non intersection,1,Non-fatal injury,Thru lane,unknown,unknown,SMV other,Unknown,Daylight,01 - Daylight,Regional municipality,No control,unknown,1,0,0,True,False,False,Clear,,False,Road 1: PEBBLECREEK DR (40 km/h); Road 2: APPLEROCK CRT; Distance: 45.0 K S; Vehicle #1     Make: FORD     Model: COF     Colour: BLK     Style: PK,4/22/2022 2:25:21 PM,,
51573,21239855,1634295780000,2021,10,15,11,3,0,Friday,542398.49851,4811081.2279,-80.475978,43.451443999999995,At intersection,2,P.D. only,Within intersection,unknown,unknown,Angle,Unknown,Daylight,01 - Daylight,Regional municipality,unknown,Functioning,0,0,0,False,False,False,Rain,,False,Road 1: KRUG ST (40 km/h); Road 2: SIMEON ST (50 km/h); Charged Driver #1 on page 1: HTA 136 (NA) (NA); Vehicle #1     Make: HOND     Model: CTU     Colour: RED     Style: 4D; Vehicle #2     Make: DODG     Model: CAR     Colour: BLK     Style: VN,4/22/2022 2:26:18 PM,,
51574,21240009,1634307300000,2021,10,15,14,15,0,Friday,541224.01311,4811868.91049,-80.490434,43.458602,Intersection related,2,P.D. only,Within intersection,unknown,unknown,Rear end,Unknown,Daylight,01 - Daylight,Regional municipality,unknown,Functioning,0,0,0,False,False,False,Rain,,True,Road 1: MARGARET AVE; Road 2: WELLINGTON ST N; Vehicle #1     Make: CHRY     Model: 2LX     Colour: GRY     Style: 4D; Vehicle #2     Make: NISS     Model: ROG     Colour: BLK     Style: TY,4/22/2022 2:25:39 PM,,
51575,21240052,1634310300000,2021,10,15,15,5,0,Friday,542357.22899,4809327.4355,-80.476624,43.435655,Non intersection,2,Non-reportable,Thru lane,unknown,unknown,Other,Unknown,Daylight,01 - Daylight,Municipal (excl. Twp. Rd.),No control,unknown,0,0,0,False,False,False,Clear,,True,Road 1: 36 LILAC ST (IFO); Vehicle #1     Make: KIA     Model: 5SX     Colour: SIL     Style: 4B; Vehicle #2     Make:      Model:      Colour:      Style:,4/22/2022 2:24:47 PM,,
51576,21240093,1634314200000,2021,10,15,16,10,0,Friday,544806.3672,4805155.77456,-80.446705,43.397951,Intersection related,2,Non-reportable,Within intersection,unknown,unknown,Sideswipe,Unknown,Daylight,01 - Daylight,unknown,unknown,unknown,0,0,0,False,False,False,Rain,,True,Road 1: DOON VILLAGE RD PIONEER PARK KITCHENER; Road 2: MILLWOOD CRESCENT; Vehicle #1     Make:      Model:      Colour:      Style: ; Vehicle #2     Make: TOYT     Model: UCS     Colour: GRY     Style: 4D,4/22/2022 2:25:36 PM,,
51577,21240512,1634347200000,2021,10,16,1,20,0,Saturday,540179.1364,4809406.13011,-80.50353,43.436482999999996,Non intersection,2,P.D. only,Not on roadway - left side,unknown,unknown,SMV other,Unknown,"Dark, artificial","08 - Dark, artificial",Regional municipality,No control,unknown,0,0,0,False,False,False,Rain,,False,Road 1: BELMONT AVE W (50 km/h); Road 2: QUEENS BLVD; Distance: 10.0 K S; Charged Driver #1 on page 1: HTA 199 (NA) (NA); Vehicle #1     Make: CHEV     Model: Z28     Colour: WHI     Style: 2D,4/22/2022 2:25:23 PM,,
51578,21241067,1634410380000,2021,10,16,18,53,0,Saturday,544144.85887,4805187.53863,-80.454871,43.398275999999996,Non intersection,2,P.D. only,Right turn lane,unknown,unknown,Sideswipe,Unknown,Dark,07 - Dark,Municipal (excl. Twp. Rd.),No control,unknown,0,0,0,False,False,False,Clear,,False,Road 1: HURON RD (60 km/h); Road 2: TRILLIUM DR; Distance: 300.0 M E; Vehicle #1     Make: TOYT     Model: CBS     Colour: BRN     Style: 4D; Vehicle #2     Make: MITS     Model: OUT     Colour: BRN     Style: TY,4/22/2022 2:25:11 PM,,
51579,21241510,1634465100000,2021,10,17,10,5,0,Sunday,538267.97418,4806449.46043,-80.527352,43.409960999999996,Non intersection,2,Non-reportable,Thru lane,unknown,unknown,Sideswipe,Unknown,Daylight,01 - Daylight,Municipal (excl. Twp. Rd.),No control,unknown,0,0,0,False,False,False,Clear,,True,Road 1: 22 PROSPERITY DR; Vehicle #1     Make: MAZD     Model: CX5     Colour: WHI     Style: TY; Vehicle #2     Make:      Model:      Colour:      Style:,4/22/2022 2:24:42 PM,,
51580,21241704,1634380980000,2021,10,16,10,43,0,Saturday,540696.67513,4808012.26539,-80.49723999999999,43.423905,At/near private drive,2,P.D. only,Right shoulder,unknown,unknown,SMV unattended vehicle,Unknown,Daylight,01 - Daylight,Regional municipality,No control,unknown,0,0,0,False,False,False,Clear,,False,Road 1: 155 CHANDLER DR (50 km/h); Road 2: CHANDLER DR; Distance: 5.0 M W; Vehicle #1     Make:      Model:      Colour:      Style: ; Vehicle #2     Make: DODG     Model: CVR     Colour: GRY     Style: VN,4/22/2022 2:27:06 PM,,
51581,21242162,1634543640000,2021,10,18,7,54,0,Monday,539653.32536,4811335.59082,-80.50988699999999,43.453883999999995,At/near private drive,2,P.D. only,Thru lane,unknown,unknown,Other,Unknown,Daylight,01 - Daylight,Municipal (excl. Twp. Rd.),No control,unknown,1,0,0,False,False,False,Clear,,False,Road 1: PARK ST (50 km/h); Road 2: STRANGE ST; Distance: 2.0 K S; Charged Driver #1 on page 1: NA NA (NA) (NA); Vehicle #1     Make: HOND     Model: CCL     Colour: GRY     Style: 4D; Vehicle #2     Make: MAZD     Model: 3TR     Colour: GRY     Style: 4D;,4/22/2022 2:26:42 PM,,
51582,21242209,1634180400000,2021,10,14,3,0,0,Thursday,537330.30236,4808668.33048,-80.538781,43.429987999999994,Non intersection,2,Non-reportable,Thru lane,unknown,unknown,SMV unattended vehicle,Unknown,Dark,07 - Dark,Municipal (excl. Twp. Rd.),No control,unknown,0,0,0,False,False,False,Clear,,True,Road 1: 314 HIDDEN CREEK DR (IFO); Vehicle #1     Make:      Model:      Colour:      Style: ; Vehicle #2     Make: NISS     Model: PFI     Colour: BLU     Style: TY,4/22/2022 2:24:25 PM,,
51583,21243025,1634630400000,2021,10,19,8,0,0,Tuesday,538071.68791,4807548.73165,-80.5297,43.419869,Intersection related,2,P.D. only,Within intersection,unknown,unknown,Sideswipe,Unknown,Daylight,01 - Daylight,Regional municipality,unknown,Functioning,0,0,0,False,False,False,Clear,,True,Road 1: WESTHEIGHTS DR; Road 2: MCGARRY DR; Vehicle #1     Make: HOND     Model: FKG     Colour: WHI     Style: 4B; Vehicle #2     Make: DODG     Model: CAR     Colour: SIL     Style: VN,4/22/2022 2:25:40 PM,,
51584,21243428,1634662020000,2021,10,19,16,47,0,Tuesday,542108.34109,4807131.479,-80.479869,43.415896,At intersection,2,P.D. only,Within intersection,unknown,unknown,Turning movement,Unknown,Daylight,01 - Daylight,Municipal (excl. Twp. Rd.),unknown,Functioning,0,0,1,False,False,False,Clear,,False,Road 1: BLOCK LINE RD (50 km/h); Road 2: STRASBURG RD (50 km/h); Charged Driver #1 on page 1: HTA 144 (NA) (NA); Vehicle #1     Make: HYUN     Model: K6G     Colour: BLK     Style: TY; Vehicle #2     Make: FORD     Model: SPE     Colour: BLK     Style: TY,4/22/2022 2:26:15 PM,,
51585,21243820,1634711400000,2021,10,20,6,30,0,Wednesday,539301.70829,4802878.3978,-80.51484099999999,43.377753,Non intersection,2,Non-reportable,Thru lane,unknown,unknown,SMV other,Unknown,Dawn,03 - Dawn,Regional municipality,No control,unknown,0,0,0,False,False,False,Clear,,True,Road 1: HURON RD; Road 2: TRUSSLER RD; Vehicle #1     Make: NISS     Model: VNS     Colour: SIL     Style: 4B,4/22/2022 2:25:31 PM,,
51586,21244046,1633432200000,2021,10,5,11,10,0,Tuesday,539079.04755,4811110.75578,-80.517001,43.45189,Intersection related,2,Non-reportable,Thru lane,unknown,unknown,Sideswipe,Unknown,Daylight,01 - Daylight,Municipal (excl. Twp. Rd.),unknown,Functioning,0,0,0,False,False,False,Clear,,True,Road 1: BELMONT AVE W; Road 2: GLASGOW ST; Vehicle #1     Make: TOYT     Model: HIG     Colour: GRY     Style: TY; Vehicle #2     Make:      Model:      Colour:      Style:,8/16/2022 2:57:53 PM,,
51587,21244699,1634799600000,2021,10,21,7,0,0,Thursday,544622.19873,4808638.01873,-80.448695,43.429316,At intersection,1,Non-fatal injury,Within intersection,unknown,unknown,Angle,Unknown,Dawn,03 - Dawn,Municipal (excl. Twp. Rd.),unknown,Functioning,0,0,0,False,False,False,Clear,,False,Road 1: NINTH AVE (50 km/h); Road 2: CONNAUGHT ST (50 km/h); Charged Driver #1 on page 1: HTA 130 (NA) (NA); Vehicle #1     Make: HYUN     Model: SAN     Colour: WHI     Style: TY; Vehicle #2     Make: CHEV     Model: EQU     Colour: BLK     Style: TY,4/22/2022 2:26:22 PM,,
51588,21245663,1633168800000,2021,10,2,10,0,0,Saturday,538784.16514,4807509.34923,-80.520901,43.419478,At/near private drive,2,P.D. only,Thru lane,unknown,unknown,SMV unattended vehicle,Unknown,Daylight,01 - Daylight,Municipal (excl. Twp. Rd.),No control,unknown,0,0,0,False,False,False,Clear,,True,Road 1: 79 PINEHURST CRESCENT (IN FRONT OF); Vehicle #1     Make: VOLV     Model: VHD     Colour: RED     Style: CT; Vehicle #2     Make: CHEV     Model: CZT     Colour: BLU     Style: 4D,8/16/2022 3:03:09 PM,,
51589,21245837,1634913720000,2021,10,22,14,42,0,Friday,541274.90571,4811759.58979,-80.489813,43.457614,At intersection,1,Non-fatal injury,Within intersection,unknown,unknown,Angle,Unknown,Daylight,01 - Daylight,Municipal (excl. Twp. Rd.),unknown,Functioning,0,0,0,False,False,False,Clear,,False,Road 1: BREITHAUPT ST (50 km/h); Road 2: MARGARET AVE (50 km/h); Charged Driver #1 on page 1: HTA 136 (NA) (NA); Vehicle #1     Make: MAZD     Model: 3TR     Colour: RED     Style: 4B; Vehicle #2     Make: MAZD     Model: M3S     Colour: WHI     Style: 4D,4/22/2022 2:26:09 PM,,
51590,21245883,1634916000000,2021,10,22,15,20,0,Friday,542006.20959,4813398.01414,-80.480648,43.472325999999995,At/near private drive,2,P.D. only,Thru lane,unknown,unknown,SMV unattended vehicle,Unknown,Daylight,01 - Daylight,Municipal (excl. Twp. Rd.),No control,unknown,0,0,0,False,False,False,Clear,,True,Road 1: 1214 UNION ST; Vehicle #1     Make: VOLV     Model: ST5     Colour: RED     Style: 4D; Vehicle #2     Make: CHEV     Model: CAL     Colour: WHI     Style: PK; Vehicle #3     Make: FORD     Model: SPE     Colour: WHI     Style: TY,4/22/2022 2:27:08 PM,,
51591,21246521,1634989080000,2021,10,23,11,38,0,Saturday,542521.79878,4814502.35042,-80.474187,43.48224,Non intersection,2,P.D. only,Thru lane,unknown,unknown,Turning movement,Unknown,Daylight,01 - Daylight,Municipal (excl. Twp. Rd.),No control,unknown,1,0,0,False,False,False,Clear,,False,Road 1: BLOOMINGDALE RD N (50 km/h); Road 2: 66 BLOOMINGDALE RD N; Distance: 20.0 M E; Vehicle #1     Make: FORD     Model: COF     Colour: BLK     Style: PK; Vehicle #2     Make: VOLK     Model: GTA     Colour: WHI     Style: 4B,8/16/2022 2:54:45 PM,,
51592,21246805,1635014220000,2021,10,23,18,37,0,Saturday,539785.42113,4809135.15496,-80.508415,43.434064,At intersection,2,P.D. only,Thru lane,unknown,unknown,Angle,Unknown,Dark,07 - Dark,Regional municipality,unknown,Functioning,1,0,0,False,False,False,Clear,,False,Road 1: QUEENS BLVD (60 km/h); Road 2: HAHN PL (40 km/h); Vehicle #1     Make: HYUN     Model: ALS     Colour: BLK     Style: 4D; Vehicle #2     Make: TOYT     Model: SIE     Colour: GRY     Style: VN,4/22/2022 2:26:09 PM,,
51593,21247437,1635085500000,2021,10,24,14,25,0,Sunday,543884.39025,4809998.44809,-80.457701,43.441609,Non intersection,2,P.D. only,Right shoulder,unknown,unknown,SMV unattended vehicle,Unknown,Daylight,01 - Daylight,Municipal (excl. Twp. Rd.),No control,unknown,0,0,0,False,False,False,Clear,,False,Road 1: MONTGOMERY RD (50 km/h); Road 2: 178 MONTGOMERY RD; Distance: 10.0 M E; Charged Driver #1 on page 1: HTA 340 (94) (NA); Vehicle #1     Make: HYUN     Model: EGM     Colour: RED     Style: 4D; Vehicle #2     Make: NISS     Model: KIC     Colour: BL,4/22/2022 2:25:29 PM,,
51594,21248231,1635170040000,2021,10,25,13,54,0,Monday,539079.53108,4811110.27951,-80.516995,43.451885999999995,Intersection related,2,P.D. only,Thru lane,unknown,unknown,Rear end,Unknown,Daylight,01 - Daylight,Municipal (excl. Twp. Rd.),unknown,Functioning,0,0,0,False,False,False,Rain,,True,Road 1: GLASGOW ST; Road 2: BELMONT AVE W; Vehicle #1     Make: NISS     Model: SML     Colour: BLK     Style: 4D; Vehicle #2     Make: CHEV     Model: EXP     Colour: YEL     Style: BU,4/22/2022 2:25:37 PM,,
51595,21248923,1634895000000,2021,10,22,9,30,0,Friday,541718.89509,4803767.27718,-80.48493599999999,43.385625999999995,At/near private drive,2,Non-reportable,Thru lane,unknown,unknown,SMV unattended vehicle,Unknown,Daylight,01 - Daylight,Municipal (excl. Twp. Rd.),No control,unknown,0,0,0,False,False,False,Clear,,True,Road 1: SIENNA CRESCENT (IFO 450); Vehicle #1     Make:      Model:      Colour:      Style: ; Vehicle #2     Make: HYUN     Model: SAN     Colour: WHI     Style: TY,8/16/2022 3:04:06 PM,,
51596,21249036,1634582700000,2021,10,18,18,45,0,Monday,545034.71465,4807870.1536,-80.443662,43.422377,Intersection related,2,P.D. only,Within intersection,unknown,unknown,Angle,Unknown,Dusk,05 - Dusk,Municipal (excl. Twp. Rd.),unknown,Functioning,0,0,0,False,False,False,Clear,,True,Road 1: WILSON AVE; Road 2: KINGSWAY DR; Vehicle #1     Make: HOND     Model: CIV     Colour: BLU     Style: 4D; Vehicle #2     Make: PTRB     Model: 389     Colour: GRY     Style: CT,4/22/2022 2:25:41 PM,,
51597,21249601,1635276600000,2021,10,26,19,30,0,Tuesday,544919.56796,4810406.08864,-80.444875,43.445218,At/near private drive,2,P.D. only,Thru lane,unknown,unknown,SMV unattended vehicle,Unknown,Dark,07 - Dark,Municipal (excl. Twp. Rd.),No control,unknown,0,0,0,False,False,False,Clear,,True,Road 1: 70 BRADLEY DR; Vehicle #1     Make:      Model:      Colour:      Style: ; Vehicle #2     Make: FORD     Model: FSE     Colour: RED     Style: 4B,4/22/2022 2:27:09 PM,,
51598,21249730,1635259500000,2021,10,26,14,45,0,Tuesday,539079.04755,4811110.75578,-80.517001,43.45189,Intersection related,2,P.D. only,Thru lane,unknown,unknown,Sideswipe,Unknown,Daylight,01 - Daylight,Municipal (excl. Twp. Rd.),unknown,Functioning,0,0,0,False,False,False,Clear,,True,Road 1: BELMONT AVE W; Road 2: GLASGOW ST; Vehicle #1     Make: HOND     Model: UCL     Colour: SIL     Style: 4D; Vehicle #2     Make: HYUN     Model: AGG     Colour: GRY     Style: 4B,8/16/2022 2:57:47 PM,,
51599,21249734,1633395600000,2021,10,5,1,0,0,Tuesday,536009.65011,4809175.47144,-80.555064,43.434619,At/near private drive,2,P.D. only,Thru lane,unknown,unknown,SMV unattended vehicle,Unknown,Dark,07 - Dark,Municipal (excl. Twp. Rd.),No control,unknown,0,0,0,False,False,False,Clear,,True,Road 1: SASSAFRAS ST (IFO 27); Road 2: COUNTRYSTONE CRESCENT; Vehicle #1     Make:      Model:      Colour:      Style: ; Vehicle #2     Make: HOND     Model: AXL     Colour: BLK     Style: 4D,1/3/2023 10:22:18 AM,,
51600,21249772,1635336600000,2021,10,27,12,10,0,Wednesday,546581.03218,4810829.19046,-80.424308,43.448926,Intersection related,2,P.D. only,Thru lane,unknown,unknown,Sideswipe,Unknown,Daylight,01 - Daylight,Municipal (excl. Twp. Rd.),unknown,unknown,1,0,0,False,False,False,Clear,,False,Road 1: MICHENER CRT (40 km/h); Road 2: 103 MICHENER CRES; Distance: 3.0 M W; Charged Driver #1 on page 1: HTA 130 (NA) (NA); Vehicle #1     Make: HOND     Model: UCD     Colour: SIL     Style: 4D; Vehicle #2     Make: HYUN     Model: K2G     Colour: GRY ,4/22/2022 2:25:52 PM,,
51601,21250059,1635355200000,2021,10,27,17,20,0,Wednesday,540682.49913,4811615.76153,-80.497146,43.456351999999995,Intersection related,2,P.D. only,Within intersection,unknown,unknown,Sideswipe,Unknown,Daylight,01 - Daylight,Regional municipality,unknown,Functioning,0,0,0,False,False,False,Clear,,True,Road 1: WELLINGTON ST N; Road 2: DUKE ST W; Vehicle #1     Make: BUIC     Model: VER     Colour: RED     Style: 4D; Vehicle #2     Make: HOND     Model: UDY     Colour: BLK     Style: TY,8/16/2022 2:56:52 PM,,
51602,21250525,1635411600000,2021,10,28,9,0,0,Thursday,539063.35707,4809753.42249,-80.517292,43.439668999999995,Non intersection,2,P.D. only,Thru lane,unknown,unknown,Sideswipe,Unknown,Daylight,01 - Daylight,Municipal (excl. Twp. Rd.),No control,unknown,0,0,0,False,False,False,Clear,,True,Road 1: 40 PAULANDER DR (IFO); Vehicle #1     Make:      Model:      Colour:      Style: ; Vehicle #2     Make: CHEV     Model: CZT     Colour: BLK     Style: 4D,8/16/2022 3:03:04 PM,,
51603,21251196,1635469200000,2021,10,29,1,0,0,Friday,543988.23504,4807778.57815,-80.45659599999999,43.421614999999996,At intersection,2,P.D. only,Within intersection,unknown,unknown,Angle,Unknown,Dark,07 - Dark,Regional municipality,unknown,Functioning,0,0,0,False,False,False,Clear,,False,Road 1: VANIER DR (40 km/h); Road 2: SIEBERT AVE (40 km/h); Vehicle #1     Make: HOND     Model: CIVI     Colour:      Style: ; Vehicle #2     Make: HYUN     Model: ESM     Colour: BLU     Style: 4D,4/22/2022 2:26:17 PM,,
51604,21251275,1635489540000,2021,10,29,6,39,0,Friday,546757.12788,4804073.35812,-80.422709,43.388085,Non intersection,2,P.D. only,Thru lane,unknown,unknown,SMV other,Unknown,"Dark, artificial","08 - Dark, artificial",Municipal (excl. Twp. Rd.),No control,unknown,1,0,0,False,False,False,Clear,,False,Road 1: DOON S DR (70 km/h); Road 2: HOMER WATSON BLVD; Distance: 200.0 M S; Vehicle #1     Make: HYUN     Model: ESM     Colour: BLK     Style: 4D,4/22/2022 2:24:39 PM,,
51605,21251437,1634286600000,2021,10,15,8,30,0,Friday,537275.38726,4808898.48904,-80.539444,43.432063,Non intersection,2,Non-reportable,Thru lane,unknown,unknown,SMV unattended vehicle,Unknown,Daylight,01 - Daylight,Municipal (excl. Twp. Rd.),No control,unknown,0,0,0,False,False,False,Rain,,True,Road 1: 74 WILDLARK CRESCENT (IFO); Vehicle #1     Make:      Model:      Colour:      Style: ; Vehicle #2     Make: AUDI     Model: 5QC     Colour: BLK     Style: 2D,4/22/2022 2:25:29 PM,,
51606,21251528,1635145200000,2021,10,25,7,0,0,Monday,538666.04165,4810352.34218,-80.522159,43.445083,Non intersection,2,Non-reportable,Thru lane,unknown,unknown,SMV other,Unknown,Dark,07 - Dark,Regional municipality,No control,unknown,0,0,0,False,False,False,Rain,,True,Road 1: GAGE AVE; Road 2: WESTMOUNT RD; Vehicle #1     Make: FORD     Model: VAN     Colour: RED     Style: FV,8/16/2022 2:57:35 PM,,
51607,21251629,1634039580000,2021,10,12,11,53,0,Tuesday,540561.94677,4809307.93284,-80.498808,43.435579,At/near private drive,2,P.D. only,Thru lane,unknown,unknown,SMV unattended vehicle,Unknown,Daylight,01 - Daylight,Municipal (excl. Twp. Rd.),No control,unknown,0,0,0,False,False,False,Clear,,True,Road 1: 39 PERTH RD (IFO 39); Vehicle #1     Make:      Model:      Colour:      Style: ; Vehicle #2     Make: NISS     Model: MUR     Colour: ONG     Style: TY,4/22/2022 2:26:33 PM,,
51608,21251753,1635525900000,2021,10,29,16,45,0,Friday,539112.09384,4811656.17089,-80.516554,43.456799,Intersection related,2,Non-reportable,Within intersection,unknown,unknown,Rear end,Unknown,Daylight,01 - Daylight,Municipal (excl. Twp. Rd.),unknown,Functioning,0,0,0,False,False,False,Rain,,True,Road 1: PARK ST; Road 2: UNION BLVD; Vehicle #1     Make: HYUN     Model: SAN     Colour: BLK     Style: TY; Vehicle #2     Make:      Model:      Colour:      Style:,8/16/2022 3:05:15 PM,,
51609,21252220,1635574800000,2021,10,30,6,20,0,Saturday,540486.73133,4809736.78389,-80.49970499999999,43.439443999999995,Intersection related,2,Non-reportable,Within intersection,unknown,unknown,Angle,Unknown,Dark,07 - Dark,Regional municipality,unknown,Functioning,0,0,0,False,False,False,Rain,,True,Road 1: QUEEN'S BLVD; Road 2: SPADINA RD E; Vehicle #1     Make:      Model:      Colour:      Style: ; Vehicle #2     Make: TOYT     Model: CBA     Colour: GRY     Style: 4D,8/16/2022 3:04:15 PM,,
51610,21254818,1635586200000,2021,10,30,9,30,0,Saturday,542577.61082,4811377.80109,-80.47374099999999,43.454104,At/near private drive,2,Non-reportable,Thru lane,unknown,unknown,SMV unattended vehicle,Unknown,Daylight,01 - Daylight,Municipal (excl. Twp. Rd.),No control,unknown,0,0,0,False,False,False,Clear,,True,Road 1: EAST AVE (IFO 125); Vehicle #1     Make:      Model:      Colour:      Style: ; Vehicle #2     Make: GMC     Model: SIE     Colour: RED     Style: PK,8/16/2022 2:56:57 PM,,
51611,21254858,1634199600000,2021,10,14,8,20,0,Thursday,542920.42045,4811746.57459,-80.469475,43.457405,Non intersection,2,Non-reportable,Thru lane,unknown,unknown,SMV unattended vehicle,Unknown,Daylight,01 - Daylight,Municipal (excl. Twp. Rd.),No control,unknown,0,0,0,False,False,False,Clear,,True,Road 1: 9 FIFE AVE (IFO); Vehicle #1     Make:      Model:      Colour:      Style: ; Vehicle #2     Make: MITS     Model: MES     Colour: BLK     Style: 4B,4/22/2022 2:24:32 PM,,
51612,21255038,1635856200000,2021,11,2,12,30,0,Tuesday,538610.60302,4805669.16696,-80.523175,43.402918,Non intersection,2,P.D. only,Thru lane,unknown,unknown,SMV unattended vehicle,Unknown,Daylight,01 - Daylight,Municipal (excl. Twp. Rd.),No control,unknown,0,0,0,False,False,False,Clear,,True,Road 1: 26 ISAIAH DR (IFO); Road 2: GRAVEL RIDGE TRAIL; Vehicle #1     Make: FORD     Model: COF     Colour: BLK     Style: PK; Vehicle #2     Make:      Model:      Colour:      Style:,8/16/2022 2:58:30 PM,,
51613,21255684,1635868800000,2021,11,2,16,0,0,Tuesday,539894.55435,4807656.61552,-80.50717499999999,43.420746,At/near private drive,2,P.D. only,Thru lane,unknown,unknown,SMV unattended vehicle,Unknown,Daylight,01 - Daylight,Municipal (excl. Twp. Rd.),No control,unknown,0,0,0,False,False,False,Clear,,True,Road 1: WINDALE CRESCENT (IFO 150); Road 2: HOWE DR; Vehicle #1     Make:      Model:      Colour:      Style: ; Vehicle #2     Make: TOYT     Model: RV4     Colour: BLK     Style: TY,1/3/2023 10:22:33 AM,,
51614,21255904,1635945780000,2021,11,3,13,23,0,Wednesday,545335.97718,4808223.38386,-80.439911,43.42554,Non intersection,2,P.D. only,Right shoulder,unknown,unknown,SMV other,Unknown,Daylight,01 - Daylight,Municipal (excl. Twp. Rd.),No control,unknown,0,0,0,False,False,False,Clear,,False,Road 1: 2960 KINGSWAY DR (50 km/h); Road 2: KINGSWAY DR; Distance: 5.0 M S; Charged Driver #1 on page 1: HTA 130 (NA) (NA); Vehicle #1     Make: CHEV     Model: EQU     Colour: GRY     Style: TY,8/16/2022 3:01:11 PM,,
51615,21256579,1635861600000,2021,11,2,14,0,0,Tuesday,543563.87281,4812259.94538,-80.46148099999999,43.46199,Intersection related,2,P.D. only,Left turn lane,unknown,unknown,Rear end,Unknown,Daylight,01 - Daylight,Regional municipality,unknown,Functioning,0,0,0,False,False,False,Clear,,True,Road 1: FREDERICK ST; Road 2: RIVER RD E; Vehicle #1     Make: FORD     Model: SRW     Colour: WHI     Style: PK; Vehicle #2     Make: HOND     Model: FIT     Colour: BLK     Style: 4B,4/22/2022 2:25:54 PM,,