OBJECTID,ACCIDENTNUM,ACCIDENTDATE,ACCIDENT_YEAR,ACCIDENT_MONTH,ACCIDENT_DAY,ACCIDENT_HOUR,ACCIDENT_MINUTE,ACCIDENT_SECOND,ACCIDENT_WEEKDAY,XCOORD,YCOORD,LONGITUDE,LATITUDE,ACCIDENTLOCATION,COLLISIONTYPE,CLASSIFICATIONOFACCIDENT,IMPACTLOCATION,INITIALDIRECTIONOFTRAVELONE,INITIALDIRECTIONOFTRAVELTWO,INITIALIMPACTTYPE,INTTRAFFICCONTROL,LIGHT,LIGHTFORREPORT,ROADJURISDICTION,TRAFFICCONTROL,TRAFFICCONTROLCONDITION,THRULANENO,NORTHBOUNDDISOBEYCOUNT,SOUTHBOUNDDISOBEYCOUNT,PEDESTRIANINVOLVED,CYCLISTINVOLVED,MOTORCYCLISTINVOLVED,ENVIRONMENTCONDITION1,ENVIRONMENTCONDITION2,SELFREPORTED,XMLIMPORTNOTES,LASTEDITEDDATE,CREATE_BY,CREATE_DATE
51616,21256637,1635472800000,2021,10,29,2,0,0,Friday,546922.57462,4809771.81874,-80.42017799999999,43.439384,Non intersection,2,P.D. only,Thru lane,unknown,unknown,SMV unattended vehicle,Unknown,Dark,07 - Dark,Municipal (excl. Twp. Rd.),No control,unknown,0,0,0,False,False,False,Rain,,True,Road 1: BEAUMONT CRES; Road 2: SIMS ESTATE DR; Vehicle #1     Make: CHEV     Model: EQU     Colour: BRN     Style: TY; Vehicle #2     Make: MAZD     Model: DMG     Colour: GRY     Style: 4W,1/3/2023 10:13:35 AM,,
51617,21256762,1632837600000,2021,9,28,14,0,0,Tuesday,544042.64474,4808185.42593,-80.455891,43.425275,At/near private drive,2,P.D. only,Thru lane,unknown,unknown,SMV unattended vehicle,Unknown,Daylight,01 - Daylight,Municipal (excl. Twp. Rd.),No control,unknown,0,0,0,False,False,False,Clear,,True,Road 1: HARBOUR AVE (IFO 82); Vehicle #1     Make: CHEV     Model: CZT     Colour: BLU     Style: 4D; Vehicle #2     Make: NISS     Model: ATS     Colour: BLK     Style: 4D,4/22/2022 2:26:41 PM,,
51618,21256766,1634891400000,2021,10,22,8,30,0,Friday,545152.85708,4807533.89265,-80.44223,43.419342,Non intersection,2,P.D. only,Thru lane,unknown,unknown,SMV other,Unknown,Daylight,01 - Daylight,Regional municipality,No control,unknown,0,0,0,False,False,False,Clear,,True,Road 1: WILSON AVE; Road 2: FAIRWAY RD; Vehicle #1     Make: BMW     Model: 28X     Colour: BLK     Style: 4D,8/16/2022 3:06:44 PM,,
51619,21256795,1635431400000,2021,10,28,14,30,0,Thursday,545487.1324,4803471.28795,-80.438439,43.382742,Non intersection,2,P.D. only,Thru lane,unknown,unknown,SMV unattended vehicle,Unknown,Daylight,01 - Daylight,Municipal (excl. Twp. Rd.),No control,unknown,0,0,0,False,False,False,Clear,,True,Road 1: 229 RIDGEMERE COURT (IFO); Vehicle #1     Make:      Model:      Colour:      Style: ; Vehicle #2     Make: HYUN     Model: ETG     Colour: WHI     Style: 4B,8/16/2022 3:03:36 PM,,
51620,21256987,1636045200000,2021,11,4,17,0,0,Thursday,543072.5823,4805498.82887,-80.468087,43.401140999999996,Intersection related,2,P.D. only,Within intersection,unknown,unknown,Angle,Unknown,Dusk,05 - Dusk,Municipal (excl. Twp. Rd.),unknown,Functioning,0,0,0,False,False,False,Clear,,True,Road 1: STRASBURG RD; Road 2: TRILLIUM DR; Vehicle #1     Make: TOYT     Model: CIE     Colour: BLU     Style: VN; Vehicle #2     Make: RAM     Model: RTR     Colour: WHI     Style: PK,4/22/2022 2:25:53 PM,,
51621,21256993,1636045740000,2021,11,4,17,9,0,Thursday,539295.0992,4808890.34335,-80.51449099999999,43.431886,Intersection related,2,P.D. only,Within intersection,unknown,unknown,Angle,Unknown,Dusk,05 - Dusk,Municipal (excl. Twp. Rd.),unknown,Functioning,0,0,0,False,False,False,Clear,,False,Road 1: QUEEN'S BLVD (50 km/h); Road 2: CECILE DR (50 km/h); Charged Driver #1 on page 1: HTA 142 (NA) (NA); Vehicle #1     Make: INTE     Model: PB1     Colour: YEL     Style: BU; Vehicle #2     Make: HYUN     Model: ACC     Colour: RED     Style: 4D,4/22/2022 2:25:53 PM,,
51622,21257669,1636110540000,2021,11,5,11,9,0,Friday,541829.13201,4807821.02116,-80.48326399999999,43.422121,Intersection related,2,P.D. only,Thru lane,unknown,unknown,SMV other,Unknown,Daylight,01 - Daylight,Regional municipality,unknown,Functioning,1,0,0,False,False,False,Clear,,False,Road 1: KINGSWOOD DR (50 km/h); Road 2: ROBERTS CRES (50 km/h); Vehicle #1     Make: HOND     Model: CCL     Colour: SIL     Style: 4D,4/22/2022 2:25:51 PM,,
51623,21257770,1635603300000,2021,10,30,14,15,0,Saturday,549180.70019,4806441.75301,-80.392575,43.409254999999995,At intersection,2,Non-reportable,Within intersection,unknown,unknown,Rear end,Unknown,Daylight,01 - Daylight,Regional municipality,unknown,Functioning,0,0,0,False,False,False,Rain,,True,Road 1: SPORTSWORLD DR; Road 2: KING ST; Vehicle #1     Make:      Model:      Colour:      Style: ; Vehicle #2     Make: VOLK     Model: PST     Colour: GRY     Style: 4D,8/16/2022 3:04:26 PM,,
51624,21257825,1635534000000,2021,10,29,19,0,0,Friday,542652.95714,4807351.2998,-80.473124,43.417845,Intersection related,2,Non-reportable,Thru lane,unknown,unknown,Sideswipe,Unknown,Dark,07 - Dark,Municipal (excl. Twp. Rd.),unknown,Functioning,0,0,0,False,False,False,Rain,,True,Road 1: BLOCK LINE RD; Road 2: KINGSWOOD DR; Vehicle #1     Make: TOYT     Model: UCS     Colour: BRN     Style: 4D; Vehicle #2     Make: TOYT     Model: SIE     Colour: GRY     Style: VN,4/22/2022 2:25:49 PM,,
51625,21258333,1636162320000,2021,11,6,1,32,0,Saturday,539619.87734,4805850.07481,-80.510699,43.404494,Non intersection,2,P.D. only,Right shoulder,unknown,unknown,SMV unattended vehicle,Unknown,"Dark, artificial","08 - Dark, artificial",Municipal (excl. Twp. Rd.),No control,unknown,0,0,0,False,False,False,Rain,,False,Road 1: BRIDLEWREATH ST (40 km/h); Road 2: MAX BECKER DR; Distance: 20.0 M S; Vehicle #1     Make: BMW     Model: YJG     Colour: BLU     Style: TY; Vehicle #2     Make: BMW     Model: X1P     Colour: WHI     Style: TY; Vehicle #3     Make: CHEV     Model,8/16/2022 2:54:57 PM,,
51626,21258797,1636212600000,2021,11,6,15,30,0,Saturday,545034.1644,4807868.22856,-80.443669,43.42236,Intersection related,2,Non-reportable,Within intersection,unknown,unknown,Sideswipe,Unknown,Daylight,01 - Daylight,Regional municipality,unknown,Functioning,0,0,0,False,False,False,Clear,,True,Road 1: WILSON AVE; Road 2: KINGSWAY DR; Vehicle #1     Make:      Model:      Colour:      Style: ; Vehicle #2     Make: NISS     Model: MIC     Colour: BLU     Style: 4B,8/16/2022 3:06:39 PM,,
51627,21260271,1636363200000,2021,11,8,9,20,0,Monday,547607.25388,4803902.87634,-80.412229,43.386497,Non intersection,2,Non-reportable,Thru lane,unknown,unknown,Rear end,Unknown,Daylight,01 - Daylight,Regional municipality,No control,unknown,0,0,0,False,False,False,Clear,,True,Road 1: CONESTOGA COLLEGE BLVD; Road 2: HOMER WATSON BLVD; Vehicle #1     Make: PONT     Model: GRA     Colour: BRN     Style: 4D; Vehicle #2     Make:      Model:      Colour:      Style:,8/16/2022 2:55:42 PM,,
51628,21260575,1636385400000,2021,11,8,15,30,0,Monday,541992.63674,4813039.70638,-80.480843,43.469100999999995,Intersection related,1,Non-fatal injury,Thru lane,unknown,unknown,Rear end,Unknown,Daylight,01 - Daylight,Municipal (excl. Twp. Rd.),unknown,Functioning,1,0,0,True,True,False,Clear,,False,Road 1: ARNOLD ST (50 km/h); Road 2: MAPLE AVE (50 km/h); Charged Driver #1 on page 1: HTA 130 (NA) (NA); Vehicle #1     Make:      Model:      Colour:      Style: MC; Vehicle #2     Make: TOYT     Model: TIM     Colour: BLK     Style: 4B,4/22/2022 2:25:51 PM,,
51629,21260841,1636493040000,2021,11,9,21,24,0,Tuesday,544234.75733,4808804.97287,-80.453468,43.430842,At intersection,1,Non-fatal injury,Within intersection,unknown,unknown,Angle,Unknown,Dark,07 - Dark,Municipal (excl. Twp. Rd.),unknown,Functioning,0,1,0,False,False,False,Clear,,False,Road 1: CONNAUGHT ST (50 km/h); Road 2: FIFTH AVE (50 km/h); Vehicle #1     Make: TOYO     Model: UCL     Colour:      Style: 4DR; Vehicle #2     Make: ACUR     Model: MDX     Colour: BLK     Style: TY,8/16/2022 2:55:51 PM,,
51630,21261072,1636444800000,2021,11,9,8,0,0,Tuesday,544790.96201,4805222.44492,-80.44689,43.398551999999995,Non intersection,2,P.D. only,Thru lane,unknown,unknown,Angle,Unknown,Daylight,01 - Daylight,Regional municipality,No control,unknown,0,0,0,False,False,False,Clear,,True,Road 1: DOON VILLAGE RD; Road 2: HOMER WATSON BLVD; Vehicle #1     Make: HYUN     Model: TUC     Colour: BLU     Style: TY; Vehicle #2     Make: VOLK     Model: GEL     Colour: BLU     Style: 4B,8/16/2022 2:56:43 PM,,
51631,21261154,1636448400000,2021,11,9,9,0,0,Tuesday,539675.90902,4806484.93743,-80.50996099999999,43.410207,At intersection,2,P.D. only,Thru lane,unknown,unknown,Rear end,Unknown,Daylight,01 - Daylight,Municipal (excl. Twp. Rd.),unknown,Functioning,0,0,0,False,False,False,Clear,,True,Road 1: ACTIVA AVE; Road 2: BUSH CLOVER CRESCENT; Vehicle #1     Make: HYUN     Model: SAN     Colour: GRY     Style: TY; Vehicle #2     Make:      Model:      Colour:      Style:,8/16/2022 3:06:16 PM,,
51632,21261201,1635862200000,2021,11,2,14,10,0,Tuesday,545093.24396,4807781.36883,-80.44294599999999,43.421574,Non intersection,2,Non-reportable,Thru lane,unknown,unknown,Sideswipe,Unknown,Daylight,01 - Daylight,Regional municipality,No control,unknown,0,0,0,False,False,False,Clear,,True,Road 1: WILSON AVE; Road 2: FAIRWAY RD S; Vehicle #1     Make:      Model:      Colour:      Style: ; Vehicle #2     Make: LINC     Model: MKZ     Colour: BLK     Style: 4D,4/22/2022 2:25:14 PM,,
51633,21261312,1636462800000,2021,11,9,13,0,0,Tuesday,538977.10508,4811509.29,-80.518233,43.455484,Intersection related,2,P.D. only,Thru lane,unknown,unknown,Rear end,Stop sign,Daylight,01 - Daylight,Municipal (excl. Twp. Rd.),Stop sign,Functioning,0,0,0,False,False,False,Clear,,True,Road 1: UNION BLVD; Road 2: IRON HORSE TRANS CANADA TRAIL; Vehicle #1     Make: RAM     Model: RPR     Colour: WHI     Style: FV; Vehicle #2     Make: RAM     Model: RTR     Colour: RED     Style: CW,4/22/2022 2:25:57 PM,,
51634,21261425,1636398000000,2021,11,8,19,0,0,Monday,537455.37387,4809678.48584,-80.537167,43.439077,At/near private drive,2,P.D. only,Right shoulder,unknown,unknown,SMV unattended vehicle,Unknown,Dark,07 - Dark,Municipal (excl. Twp. Rd.),No control,unknown,0,0,0,False,False,False,Clear,,False,Road 1: 23 LENNOX CRESCENT (50 km/h); Road 2: LENNOX CRES; Distance: 20.0 M E; Charged Driver #1 on page 1: HTA 148 (NA) (NA); Vehicle #1     Make: TOYT     Model: CHL     Colour: GRY     Style: 4D; Vehicle #2     Make: CHEV     Model: MAL     Colour: BRN,4/22/2022 2:26:50 PM,,
51635,21261869,1636529460000,2021,11,10,7,31,0,Wednesday,539965.83906,4808518.74198,-80.506231,43.428505,Non intersection,2,P.D. only,Right shoulder,unknown,unknown,SMV other,Unknown,Daylight,01 - Daylight,Municipal (excl. Twp. Rd.),No control,unknown,0,0,0,False,False,False,Clear,,False,Road 1: 252 GREENBROOK DR (50 km/h); Road 2: WESTMOUNT RD E; Distance: 50.0 M E; Charged Driver #1 on page 1: HTA 130 (NA) (NA); Vehicle #1     Make: VOLK     Model: PKM     Colour: BRN     Style: 4D,4/22/2022 2:25:06 PM,,
51636,21262728,1636604520000,2021,11,11,4,22,0,Thursday,543295.22802,4808463.81957,-80.465103,43.427825,Non intersection,2,P.D. only,Right shoulder,unknown,unknown,SMV unattended vehicle,Unknown,Dark,07 - Dark,Municipal (excl. Twp. Rd.),No control,unknown,0,0,0,False,False,False,Clear,,False,Road 1: KIPLING AVE (50 km/h); Road 2: 25 KIPLING AVE; Distance: 10.0 M S; Vehicle #1     Make: HOND     Model: CCL     Colour: BLK     Style: 4D; Vehicle #2     Make: BMW     Model: 330     Colour: BLK     Style: 4D,4/22/2022 2:25:08 PM,,
51637,21263787,1636545600000,2021,11,10,12,0,0,Wednesday,537605.48249,4808375.51277,-80.53540199999999,43.427337,Non intersection,2,Non-reportable,Thru lane,unknown,unknown,SMV unattended vehicle,Unknown,Daylight,01 - Daylight,Municipal (excl. Twp. Rd.),No control,unknown,0,0,0,False,False,False,Clear,,True,Road 1: 104 MONTEAGLE CRESCENT (IFO); Vehicle #1     Make: NISS     Model: PFI     Colour: BRN     Style: TY; Vehicle #2     Make: FORD     Model: SPE     Colour: WHI     Style: TY,8/16/2022 3:02:09 PM,,
51638,21263816,1636715640000,2021,11,12,11,14,0,Friday,542867.06657,4810785.10323,-80.47021,43.448751,At intersection,1,Non-fatal injury,Within intersection,unknown,unknown,Angle,Unknown,Daylight,01 - Daylight,Municipal (excl. Twp. Rd.),unknown,Functioning,0,0,0,False,False,False,Clear,,False,Road 1: EAST AVE (40 km/h); Road 2: STIRLING AVE N (50 km/h); Charged Driver #1 on page 1: HTA 136 (NA) (NA); Vehicle #1     Make: HOND     Model: UAX     Colour: GRY     Style: 4D; Vehicle #2     Make: LINC     Model: CON     Colour: BLK     Style: 4D,4/22/2022 2:26:16 PM,,
51639,21263873,1636660800000,2021,11,11,20,0,0,Thursday,542164.166,4810383.54878,-80.478928,43.445175,At intersection,1,Non-fatal injury,Within intersection,unknown,unknown,SMV other,Unknown,Dark,07 - Dark,Regional municipality,unknown,Functioning,0,0,0,True,False,False,Clear,,False,Road 1: KING ST E (50 km/h); Road 2: PANDORA AVE N (50 km/h); Vehicle #1     Make: JEEP     Model: CHK     Colour: BLK     Style: TY,4/22/2022 2:26:21 PM,,
51640,21264064,1636733700000,2021,11,12,16,15,0,Friday,545119.56609,4807680.22362,-80.442629,43.420662,At/near private drive,1,Non-fatal injury,Thru lane,unknown,unknown,Turning movement,Unknown,Daylight,01 - Daylight,Municipal (excl. Twp. Rd.),No control,unknown,2,0,0,False,False,False,Clear,,False,Road 1: WILSON AVE (50 km/h); Road 2: 385 WILSON AVE; Distance: 30.0 K E; Charged Driver #1 on page 1: HTA 142 (NA) (NA); Vehicle #1     Make: BUIC     Model: ENR     Colour: GRY     Style: TY; Vehicle #2     Make: LEXS     Model: NXT     Colour: WHI     ,4/22/2022 2:27:05 PM,,
51641,21264176,1636741800000,2021,11,12,18,30,0,Friday,540094.30781,4805485.25559,-80.50486599999999,43.401184,At intersection,2,P.D. only,Within intersection,unknown,unknown,Angle,Unknown,Dark,07 - Dark,Municipal (excl. Twp. Rd.),unknown,Functioning,0,0,0,False,False,False,Clear,,True,Road 1: COMMONWEALTH CRESCENT; Road 2: ISABELLA ST; Vehicle #1     Make: NISS     Model: ASR     Colour: SIL     Style: 4D; Vehicle #2     Make: HOND     Model: CCL     Colour: BLK     Style: 4D,8/16/2022 2:55:26 PM,,
51642,21264275,1636749000000,2021,11,12,20,30,0,Friday,545308.72824,4808449.08097,-80.440229,43.427572999999995,At/near private drive,2,P.D. only,Thru lane,unknown,unknown,Angle,Unknown,Dark,07 - Dark,Municipal (excl. Twp. Rd.),No control,unknown,0,0,0,False,False,False,Clear,,True,Road 1: CEDARWOODS CRESCENT (IFO 49); Road 2: KINGSWAY DR; Vehicle #1     Make: CHEV     Model: MLT     Colour: GRY     Style: 4D; Vehicle #2     Make: HYUN     Model: ESS     Colour: GRY     Style: 4D,8/16/2022 2:55:05 PM,,
51643,21264287,1636752840000,2021,11,12,21,34,0,Friday,538284.92466,4809970.86683,-80.526896,43.441668,At/near private drive,2,P.D. only,Right shoulder,unknown,unknown,SMV unattended vehicle,Unknown,"Dark, artificial","08 - Dark, artificial",Municipal (excl. Twp. Rd.),No control,unknown,0,0,0,False,False,False,Clear,,False,Road 1: 15 MARKWOOD DR (50 km/h); Road 2: MARKWOOD DR; Distance: 1.0 K E; Charged Driver #1 on page 1: HTA 148 (NA) (NA); Vehicle #1     Make: HYUN     Model: ESM     Colour: GRY     Style: 4D; Vehicle #2     Make: CHEV     Model: CLT     Colour: BLK     ,4/22/2022 2:26:46 PM,,
51644,21264421,1636763580000,2021,11,13,0,33,0,Saturday,543581.13179,4804993.1828,-80.46184699999999,43.396558999999996,Non intersection,2,P.D. only,Thru lane,unknown,unknown,SMV other,Unknown,"Dark, artificial","08 - Dark, artificial",Regional municipality,No control,unknown,1,0,0,False,False,False,Clear,,False,Road 1: HURON RD (60 km/h); Road 2: BATTLER RD; Distance: 19.0 M E; Charged Driver #1 on page 1: HTA 130 (NA) (NA); Vehicle #1     Make: CHEV     Model: S1L     Colour: WHI     Style: 4B,4/22/2022 2:25:23 PM,,
51645,21264525,1636785540000,2021,11,13,6,39,0,Saturday,545506.95185,4804307.98123,-80.438125,43.390274999999995,Non intersection,2,P.D. only,Not on roadway - right side,unknown,unknown,SMV other,Unknown,Dawn,03 - Dawn,Municipal (excl. Twp. Rd.),No control,unknown,0,0,0,False,False,False,Clear,,False,Road 1: DOON VILLAGE RD (50 km/h); Road 2: ANVIL ST; Distance: 50.0 M S; Charged Driver #1 on page 1: HTA 44.1 (NA) (NA); Vehicle #1     Make: AUDI     Model: S3P     Colour: GRY     Style: 4D,12/22/2022 9:37:08 AM,,
51646,21264623,1636797600000,2021,11,13,10,0,0,Saturday,541876.31655,4811809.11434,-80.482376,43.458027,At intersection,2,P.D. only,Within intersection,unknown,unknown,Angle,Unknown,Daylight,01 - Daylight,Municipal (excl. Twp. Rd.),unknown,Functioning,0,0,0,False,False,False,Clear,,False,Road 1: LANCASTER ST E (50 km/h); Road 2: QUEEN ST N (50 km/h); Charged Driver #1 on page 1: HTA 141 (NA) (NA); Vehicle #1     Make: JEEP     Model: PRT     Colour: BLU     Style: TY; Vehicle #2     Make: TOYT     Model: CSE     Colour: GRY     Style: 4D,4/22/2022 2:26:18 PM,,
51647,21266231,1636882200000,2021,11,14,9,30,0,Sunday,547998.62473,4803657.61979,-80.40741799999999,43.384263999999995,Non intersection,2,P.D. only,Thru lane,unknown,unknown,SMV other,Unknown,Daylight,01 - Daylight,Regional municipality,No control,unknown,0,0,0,False,False,False,Clear,,True,Road 1: 35 NEW DUNDEE RD; Vehicle #1     Make: HOND     Model: UDY     Colour: WHI     Style: TY,1/3/2023 10:14:20 AM,,
51648,21266845,1637044200000,2021,11,16,6,30,0,Tuesday,543752.44441,4805552.19,-80.459687,43.401582,At intersection,2,P.D. only,Within intersection,unknown,unknown,Angle,Unknown,Dawn,03 - Dawn,Municipal (excl. Twp. Rd.),unknown,Functioning,0,0,0,False,False,False,Snow,,True,Road 1: TRILLIUM DR; Road 2: BEASLEY DR; Vehicle #1     Make: FORD     Model: COF     Colour: BLK     Style: CW; Vehicle #2     Make: TOYT     Model: CH4     Colour: BLU     Style: 4D,1/3/2023 10:19:46 AM,,
51649,21267071,1637061000000,2021,11,16,11,10,0,Tuesday,541383.62009,4809097.9479,-80.488671,43.433643,Non intersection,2,P.D. only,Thru lane,unknown,unknown,Sideswipe,Unknown,Daylight,01 - Daylight,Regional municipality,No control,unknown,0,0,0,False,False,False,Clear,,True,Road 1: HEIMAN ST; Road 2: HIGHLAND RD E; Vehicle #1     Make: KIA     Model: SOU     Colour: YEL     Style: TY; Vehicle #2     Make: FORD     Model: TST     Colour: WHI     Style: FV,8/16/2022 2:59:04 PM,,
51650,21267747,1636448400000,2021,11,9,9,0,0,Tuesday,545851.1967,4809756.76264,-80.43341699999999,43.439315,Intersection related,2,P.D. only,Thru lane,unknown,unknown,Rear end,Unknown,Daylight,01 - Daylight,Regional municipality,unknown,Functioning,0,0,0,False,False,False,Clear,,True,Road 1: RIVER RD E; Road 2: OLD CHICOPEE DR; Vehicle #1     Make: TOYT     Model: RV4     Colour: WHI     Style: TY; Vehicle #2     Make: CHEV     Model: BLT     Colour: WHI     Style: 4D,4/22/2022 2:25:47 PM,,
51651,21267784,1636961400000,2021,11,15,7,30,0,Monday,546265.7832,4804707.95829,-80.428722,43.39383,Non intersection,2,Non-reportable,Thru lane,unknown,unknown,SMV unattended vehicle,Unknown,Daylight,01 - Daylight,Municipal (excl. Twp. Rd.),No control,unknown,0,0,0,False,False,False,Snow,,True,Road 1: 82 ARROWHEAD CRESCENT (IFO); Vehicle #1     Make:      Model:      Colour:      Style: ; Vehicle #2     Make: TOYT     Model: MTL     Colour: BLU     Style: 4D,8/16/2022 2:53:46 PM,,
51652,21268234,1637178300000,2021,11,17,19,45,0,Wednesday,539677.58296,4806486.62517,-80.50994,43.410222999999995,Intersection related,2,Non-reportable,Left turn lane,unknown,unknown,Other,Unknown,Dark,07 - Dark,Municipal (excl. Twp. Rd.),unknown,Functioning,0,0,0,False,False,False,Clear,,True,Road 1: WILDERNESS DR; Road 2: ACTIVA AVE; Vehicle #1     Make: HOND     Model: UDY     Colour: BLK     Style: TY; Vehicle #2     Make: MERZ     Model: C4A     Colour: BLK     Style: 4D,4/22/2022 2:25:48 PM,,
51653,21268897,1637253360000,2021,11,18,16,36,0,Thursday,541662.11653,4810410.26187,-80.48513,43.445443999999995,At intersection,2,P.D. only,Within intersection,unknown,unknown,Angle,Unknown,Dusk,05 - Dusk,Regional municipality,unknown,Functioning,0,0,0,False,False,False,Clear,,False,Road 1: CEDAR ST S (50 km/h); Road 2: CHURCH ST (40 km/h); Charged Driver #1 on page 1: NA NA (NA) (NA); Vehicle #1     Make: TOYT     Model: RV4     Colour: WHI     Style: TY; Vehicle #2     Make: TOYT     Model: XSL     Colour: GRY     Style: 4D,4/22/2022 2:26:23 PM,,
51654,21269276,1637304480000,2021,11,19,6,48,0,Friday,542841.5466,4809873.67076,-80.470597,43.440546,At intersection,2,P.D. only,Within intersection,unknown,unknown,Angle,Unknown,Dawn,03 - Dawn,Municipal (excl. Twp. Rd.),unknown,Functioning,0,0,0,False,False,False,Clear,,False,Road 1: CHARLES ST E (50 km/h); Road 2: SYDNEY ST S (50 km/h); Charged Driver #1 on page 1: HTA 142 (NA) (NA); Vehicle #1     Make: MAZD     Model: M6I     Colour: RED     Style: 4D; Vehicle #2     Make: KIA     Model: OLX     Colour: GRY     Style: 4D,4/22/2022 2:26:22 PM,,
51655,21270360,1637409480000,2021,11,20,11,58,0,Saturday,542447.43738,4807283.00854,-80.475668,43.417241999999995,At intersection,2,P.D. only,Within intersection,unknown,unknown,Turning movement,Unknown,Daylight,01 - Daylight,Municipal (excl. Twp. Rd.),unknown,unknown,0,0,0,False,False,False,Clear,,False,Road 1: BLOCK LINE RD (60 km/h); Road 2: COUNTRY HILL DR (50 km/h); Charged Driver #1 on page 1: HTA 142 (NA) (NA); Vehicle #1     Make: TOYT     Model: SCM     Colour: BLU     Style: 4B; Vehicle #2     Make: INFI     Model: Q7H     Colour: BLK     Style:,4/22/2022 2:26:22 PM,,
51656,21270603,1637424900000,2021,11,20,16,15,0,Saturday,539282.74149,4806725.57187,-80.514799,43.412395,Non intersection,2,Non-reportable,Thru lane,unknown,unknown,SMV unattended vehicle,Unknown,Daylight,01 - Daylight,Municipal (excl. Twp. Rd.),No control,unknown,0,0,0,False,False,False,Clear,,True,Road 1: 262 GREY FOX DR (IFO); Vehicle #1     Make:      Model:      Colour:      Style: ; Vehicle #2     Make: HOND     Model: FKG     Colour: RED     Style: 4B,8/16/2022 2:58:45 PM,,
51657,21270822,1637443800000,2021,11,20,21,30,0,Saturday,538255.08216,4809874.79564,-80.527271,43.440804,Non intersection,2,P.D. only,Thru lane,unknown,unknown,Approaching,Unknown,"Dark, artificial","08 - Dark, artificial",Municipal (excl. Twp. Rd.),No control,unknown,1,0,0,False,False,False,Clear,,False,Road 1: HAZELGLEN DR (50 km/h); Road 2: CHOPIN DR; Distance: 50.0 M N; Charged Driver #1 on page 1: HTA 13 (NA) (NA); Vehicle #1     Make: FORD     Model: COF     Colour: BLK     Style: PK; Vehicle #2     Make: RAM     Model: RTR     Colour: RED     Style,8/16/2022 2:58:55 PM,,
51658,21270924,1637457600000,2021,11,21,1,20,0,Sunday,538218.42807,4808357.8794,-80.52783,43.427147,Intersection related,2,P.D. only,Not on roadway - left side,unknown,unknown,SMV other,Unknown,Dark,07 - Dark,Regional municipality,unknown,Functioning,0,0,0,False,False,False,Clear,,False,Road 1: QUEEN'S BLVD (50 km/h); Road 2: ELM RIDGE DR (50 km/h); Charged Driver #1 on page 1: HTA 201 (NA) (NA); Vehicle #1     Make: HOND     Model: UCL     Colour: BLK     Style: 4D,4/22/2022 2:25:54 PM,,
51659,21271049,1637476020000,2021,11,21,6,27,0,Sunday,542193.90081,4816077.65809,-80.47811899999999,43.496443,At/near private drive,2,P.D. only,Thru lane,unknown,unknown,SMV unattended vehicle,Unknown,Dawn,03 - Dawn,Municipal (excl. Twp. Rd.),No control,unknown,0,0,0,False,False,False,Clear,,True,Road 1: 122 REDTAIL ST (IFO); Vehicle #1     Make:      Model:      Colour:      Style: ; Vehicle #2     Make: KIA     Model: SOU     Colour: BLU     Style: TY,4/22/2022 2:26:56 PM,,
51660,21271084,1637485440000,2021,11,21,9,4,0,Sunday,540105.12245,4810847.89799,-80.504339,43.449469,Underpass or tunnel,2,P.D. only,Thru lane,unknown,unknown,SMV other,Unknown,Daylight,01 - Daylight,Municipal (excl. Twp. Rd.),No control,unknown,1,0,0,False,False,False,Clear,,False,Road 1: PARK ST (50 km/h); Road 2: CN RAIL; Distance: 0.0 M S; Charged Driver #1 on page 1: HTA 182 (NA) (NA); Vehicle #1     Make: FRHT     Model: CON     Colour: WHI     Style: CT,4/22/2022 2:27:12 PM,,
51661,21271435,1637519520000,2021,11,21,18,32,0,Sunday,542943.64876,4811339.90895,-80.46921999999999,43.453742,Intersection related,2,P.D. only,Within intersection,unknown,unknown,SMV other,Unknown,Dark,07 - Dark,Regional municipality,unknown,Functioning,0,0,0,False,False,False,Rain,,False,Road 1: KRUG ST (50 km/h); Road 2: DUMFRIES AVE (50 km/h); Vehicle #1     Make:      Model:      Colour:      Style:,4/22/2022 2:26:02 PM,,
51662,21271731,1637479800000,2021,11,21,7,30,0,Sunday,539831.37039,4811144.65029,-80.5077,43.452155999999995,Intersection related,2,Non-reportable,Thru lane,unknown,unknown,Approaching,Unknown,Daylight,01 - Daylight,Municipal (excl. Twp. Rd.),unknown,Functioning,0,0,0,False,False,False,Snow,,True,Road 1: DOMINION ST; Road 2: PARK ST; Vehicle #1     Make:      Model:      Colour:      Style: ; Vehicle #2     Make: HYUN     Model: SFT     Colour: GRY     Style: TY,8/16/2022 2:56:28 PM,,
51663,21271773,1637568000000,2021,11,22,8,0,0,Monday,539932.93446,4811222.12863,-80.50644,43.452847999999996,Non intersection,2,P.D. only,Thru lane,unknown,unknown,Approaching,Unknown,Daylight,01 - Daylight,Municipal (excl. Twp. Rd.),No control,unknown,0,0,0,False,False,False,Snow,,True,Road 1: AGNES ST; Road 2: PARK ST; Vehicle #1     Make:      Model:      Colour:      Style: ; Vehicle #2     Make: TOYT     Model: RG4     Colour: BLK     Style: TY,8/16/2022 2:53:38 PM,,
51664,21271776,1637569380000,2021,11,22,8,23,0,Monday,539054.97155,4811546.7458,-80.51726699999999,43.455816999999996,Non intersection,2,P.D. only,Off highway,unknown,unknown,SMV other,Unknown,Daylight,01 - Daylight,Municipal (excl. Twp. Rd.),No control,unknown,0,0,0,False,False,False,Clear,,False,Road 1: UNION BLVD (50 km/h); Road 2: YORK ST; Distance: 30.0 K W; Charged Driver #1 on page 1: CAI 130 (NA) (NA); Vehicle #1     Make: MAZD     Model: MA5     Colour: GRY     Style: 4B,4/22/2022 2:25:24 PM,,