OBJECTID,ACCIDENTNUM,ACCIDENTDATE,ACCIDENT_YEAR,ACCIDENT_MONTH,ACCIDENT_DAY,ACCIDENT_HOUR,ACCIDENT_MINUTE,ACCIDENT_SECOND,ACCIDENT_WEEKDAY,XCOORD,YCOORD,LONGITUDE,LATITUDE,ACCIDENTLOCATION,COLLISIONTYPE,CLASSIFICATIONOFACCIDENT,IMPACTLOCATION,INITIALDIRECTIONOFTRAVELONE,INITIALDIRECTIONOFTRAVELTWO,INITIALIMPACTTYPE,INTTRAFFICCONTROL,LIGHT,LIGHTFORREPORT,ROADJURISDICTION,TRAFFICCONTROL,TRAFFICCONTROLCONDITION,THRULANENO,NORTHBOUNDDISOBEYCOUNT,SOUTHBOUNDDISOBEYCOUNT,PEDESTRIANINVOLVED,CYCLISTINVOLVED,MOTORCYCLISTINVOLVED,ENVIRONMENTCONDITION1,ENVIRONMENTCONDITION2,SELFREPORTED,XMLIMPORTNOTES,LASTEDITEDDATE,CREATE_BY,CREATE_DATE
51665,21275391,1637677260000,2021,11,23,14,21,0,Tuesday,544047.98082,4802378.71843,-80.456293,43.372991,Non intersection,2,P.D. only,Thru lane,unknown,unknown,Sideswipe,Unknown,Daylight,01 - Daylight,Municipal (excl. Twp. Rd.),No control,unknown,0,0,0,False,False,False,Snow,,True,Road 1: REIDEL DR; Road 2: STAUFFER DR; Vehicle #1     Make:      Model:      Colour:      Style: ; Vehicle #2     Make: MAZD     Model: M3I     Colour: SIL     Style: 4D,8/16/2022 3:03:32 PM,,
51666,21275570,1637692380000,2021,11,23,18,33,0,Tuesday,540319.0448,4809840.84374,-80.50177,43.44039,At/near private drive,2,P.D. only,Right shoulder,unknown,unknown,SMV unattended vehicle,Unknown,"Dark, artificial","08 - Dark, artificial",Municipal (excl. Twp. Rd.),No control,unknown,0,0,0,False,False,False,Clear,,False,Road 1: VANCAMP AVE (40 km/h); Road 2: 42 VANCAMP AVE; Distance: 2.0 M N; Vehicle #1     Make:      Model:      Colour:      Style: ; Vehicle #2     Make: FORD     Model: ECM     Colour: RED     Style: TY,4/22/2022 2:27:10 PM,,
51667,21276317,1637772900000,2021,11,24,16,55,0,Wednesday,542153.46534,4807167.71603,-80.479308,43.416219999999996,Non intersection,2,P.D. only,Thru lane,unknown,unknown,Turning movement,Unknown,Dusk,05 - Dusk,Municipal (excl. Twp. Rd.),No control,unknown,0,0,0,False,False,False,Clear,,True,Road 1: BLOCK LINE RD; Road 2: STRASBURG RD; Vehicle #1     Make: SUBA     Model: FOR     Colour: WHI     Style: 4W; Vehicle #2     Make: MAZD     Model: CX5     Colour: RED     Style: TY,8/16/2022 2:54:28 PM,,
51668,21276783,1637829000000,2021,11,25,8,30,0,Thursday,547776.36759,4811308.34705,-80.409493,43.453165,At/near private drive,2,P.D. only,Thru lane,unknown,unknown,SMV unattended vehicle,Unknown,Daylight,01 - Daylight,Municipal (excl. Twp. Rd.),No control,unknown,0,0,0,False,False,False,Freezing Rain,,True,Road 1: ZELLER CRESCENT (IFO 974); Road 2: ZELLER DR; Vehicle #1     Make: TOYT     Model: RV4     Colour: BLK     Style: TY; Vehicle #2     Make: CADI     Model: XT5     Colour: WHI     Style: TY,1/3/2023 10:22:54 AM,,
51669,21277036,1637847600000,2021,11,25,13,40,0,Thursday,543568.53136,4804978.1484,-80.462004,43.396423999999996,Intersection related,2,P.D. only,Thru lane,unknown,unknown,Rear end,Unknown,Daylight,01 - Daylight,Regional municipality,unknown,unknown,0,0,0,False,False,False,"Fog, mist, smoke, dust",,True,Road 1: HURON RD; Road 2: BATTLER RD; Vehicle #1     Make: TOYT     Model: COR     Colour: BLU     Style: 4D; Vehicle #2     Make: KIA     Model: ETG     Colour: WHI     Style: TY,8/16/2022 2:53:53 PM,,
51670,21277137,1637856600000,2021,11,25,16,10,0,Thursday,542447.57305,4807282.78707,-80.475667,43.41724,Intersection related,2,Non-reportable,Left turn lane,unknown,unknown,Sideswipe,Unknown,Daylight,01 - Daylight,Municipal (excl. Twp. Rd.),unknown,unknown,0,0,0,False,False,False,Rain,,True,Road 1: BLOCK LINE RD; Road 2: COUNTRY HILL DR; Vehicle #1     Make: TOYT     Model: UXS     Colour: BRN     Style: 4D; Vehicle #2     Make:      Model:      Colour:      Style:,4/22/2022 2:25:45 PM,,
51671,21277466,1637884680000,2021,11,25,23,58,0,Thursday,546764.15932,4804930.24082,-80.42254899999999,43.3958,Non intersection,1,Non-fatal injury,Thru lane,unknown,unknown,SMV other,Unknown,Dark,07 - Dark,Municipal (excl. Twp. Rd.),No control,unknown,1,0,0,False,False,False,Rain,,False,Road 1: 368 MILL PARK DR (40 km/h); Road 2: MILL PARK DR; Distance: 12.0 M S; Charged Driver #1 on page 1: HTA 130 (NA) (NA); Vehicle #1     Make: HOND     Model: UCL     Colour: WHI     Style: 4D,4/22/2022 2:25:06 PM,,
51672,21277633,1637829900000,2021,11,25,8,45,0,Thursday,545053.46336,4808189.19638,-80.443404,43.425249,Non intersection,2,Non-reportable,Thru lane,unknown,unknown,SMV unattended vehicle,Unknown,Daylight,01 - Daylight,Municipal (excl. Twp. Rd.),No control,unknown,0,0,0,False,False,False,"Fog, mist, smoke, dust",,True,Road 1: 588 GREENFIELD AVE (IFO); Vehicle #1     Make:      Model:      Colour:      Style: ; Vehicle #2     Make: HOND     Model: CS3     Colour: RED     Style: 4D,8/16/2022 2:58:40 PM,,
51673,21277673,1636009800000,2021,11,4,7,10,0,Thursday,545123.99486,4802829.19933,-80.44297499999999,43.376982999999996,At/near private drive,2,P.D. only,Thru lane,unknown,unknown,SMV unattended vehicle,Unknown,Dawn,03 - Dawn,Municipal (excl. Twp. Rd.),No control,unknown,0,0,0,False,False,False,Clear,,True,Road 1: 27 SOUTH CREEK DR (IFO); Vehicle #1     Make:      Model:      Colour:      Style: ; Vehicle #2     Make: NISS     Model: PFI     Colour: GRY     Style: TY,4/22/2022 2:26:51 PM,,
51674,21277807,1635712200000,2021,10,31,20,30,0,Sunday,544011.07222,4807889.11318,-80.456305,43.422609,At/near private drive,2,P.D. only,Thru lane,unknown,unknown,SMV unattended vehicle,Unknown,Dark,07 - Dark,Municipal (excl. Twp. Rd.),No control,unknown,0,0,0,False,False,False,Clear,,True,Road 1: 236 CLARK AVE (IFO); Vehicle #1     Make:      Model:      Colour:      Style: ; Vehicle #2     Make: DODG     Model: GRA     Colour: BLK     Style: VN,4/22/2022 2:26:51 PM,,
51675,21277827,1636821900000,2021,11,13,16,45,0,Saturday,545034.72744,4807868.23645,-80.443662,43.42236,At intersection,2,P.D. only,Within intersection,unknown,unknown,Turning movement,Unknown,Dusk,05 - Dusk,Municipal (excl. Twp. Rd.),unknown,Functioning,0,0,0,False,False,False,Clear,,True,Road 1: WILSON AVE; Road 2: KINGSWAY DR; Vehicle #1     Make: HYUN     Model: GN3     Colour: SIL     Style: 4D; Vehicle #2     Make:      Model:      Colour:      Style:,1/3/2023 10:19:30 AM,,
51676,21277904,1637514000000,2021,11,21,17,0,0,Sunday,541140.34517,4806765.16514,-80.49185299999999,43.412652,At intersection,2,P.D. only,Within intersection,unknown,unknown,Angle,Unknown,Dark,07 - Dark,Municipal (excl. Twp. Rd.),unknown,Functioning,0,0,0,False,False,False,Rain,,True,Road 1: LAURENTIAN DR; Road 2: BLOCK LINE RD; Vehicle #1     Make: KIA     Model: TEL     Colour: GRY     Style: TY; Vehicle #2     Make:      Model:      Colour:      Style:,8/16/2022 3:01:20 PM,,
51677,21278315,1637966940000,2021,11,26,22,49,0,Friday,540570.43492,4812710.53461,-80.49844999999999,43.466215,Intersection related,2,P.D. only,Within intersection,unknown,unknown,SMV other,Stop sign,"Dark, artificial","08 - Dark, artificial",Municipal (excl. Twp. Rd.),Stop sign,Functioning,0,0,1,False,False,False,Clear,,False,Road 1: MARGARET AVE (50 km/h); Road 2: UNION ST (50 km/h); Charged Driver #1 on page 1: HTA 182 (NA) (NA); Vehicle #1     Make: HYUN     Model: ESS     Colour: WHI     Style: 4D,4/22/2022 2:25:52 PM,,
51678,21278684,1638014400000,2021,11,27,12,0,0,Saturday,542108.34184,4807131.35916,-80.479869,43.415895,Intersection related,2,P.D. only,Within intersection,unknown,unknown,SMV other,Unknown,Daylight,01 - Daylight,Municipal (excl. Twp. Rd.),unknown,Functioning,0,0,0,False,False,False,Clear,,False,Road 1: BLOCK LINE RD (50 km/h); Road 2: STRASBURG RD (60 km/h); Distance: 1.0 M E; Charged Driver #1 on page 1: HTA 141 (NA) (NA); Vehicle #1     Make: HOND     Model: UAX     Colour: GRN     Style: 4D,4/22/2022 2:25:46 PM,,
51679,21279297,1638071520000,2021,11,28,3,52,0,Sunday,545890.91147,4809331.35493,-80.432962,43.435482,Non intersection,2,P.D. only,Thru lane,unknown,unknown,SMV unattended vehicle,Unknown,"Dark, artificial","08 - Dark, artificial",Municipal (excl. Twp. Rd.),No control,unknown,2,0,0,False,False,False,Snow,,False,Road 1: KINZIE AVE (50 km/h); Road 2: THALER AVE; Distance: 20.0 M N; Vehicle #1     Make:      Model: -     Colour:      Style: ; Vehicle #2     Make: HYUN     Model: TUC     Colour: BLK     Style: TY,4/22/2022 2:25:07 PM,,
51680,21279427,1638092640000,2021,11,28,9,44,0,Sunday,540903.62942,4808516.65336,-80.49464499999999,43.428435,Non intersection,2,P.D. only,Off highway,unknown,unknown,SMV other,Unknown,Daylight,01 - Daylight,Municipal (excl. Twp. Rd.),No control,unknown,0,0,0,False,False,False,Snow,,False,Road 1: SOUTHMOOR DR (50 km/h); Road 2: YAGER AVE; Distance: 10.0 M E; Vehicle #1     Make: HOND     Model: CXG     Colour: BLU     Style: 4D,4/22/2022 2:24:59 PM,,
51681,21279649,1638111600000,2021,11,28,15,0,0,Sunday,540807.54713,4810879.38652,-80.495656,43.449715,At intersection,2,P.D. only,Within intersection,unknown,unknown,SMV other,Unknown,Daylight,01 - Daylight,Municipal (excl. Twp. Rd.),unknown,Functioning,0,0,0,False,False,False,Snow,,False,Road 1: WATER ST S (50 km/h); Road 2: JOSEPH ST (50 km/h); Vehicle #1     Make: MAZD     Model: X3S     Colour: WHI     Style: 4W,4/22/2022 2:26:25 PM,,
51682,21279882,1638304200000,2021,11,30,20,30,0,Tuesday,540912.691,4807873.49168,-80.494581,43.422644,At/near private drive,2,Non-reportable,Thru lane,unknown,unknown,Other,Unknown,Dark,07 - Dark,Municipal (excl. Twp. Rd.),No control,unknown,0,0,0,False,False,False,Clear,,True,Road 1: ELMSDALE DR (IFO 60); Vehicle #1     Make: JEEP     Model: CHK     Colour: WHI     Style: TY; Vehicle #2     Make: BMW     Model: 2XS     Colour: WHI     Style: 4D,8/16/2022 2:57:02 PM,,
51683,21280464,1638200760000,2021,11,29,15,46,0,Monday,545323.4694,4812191.7834,-80.439736,43.461272,At/near private drive,2,P.D. only,Not on roadway - left side,unknown,unknown,SMV other,Unknown,Daylight,01 - Daylight,Municipal (excl. Twp. Rd.),No control,unknown,0,0,0,False,False,False,Clear,,False,Road 1: 328 HERITAGE DR (50 km/h); Road 2: HERITAGE DR; Distance: 10.0 M E; Charged Driver #1 on page 1: HTA 9 (NA) (NA); Vehicle #1     Make: TOYT     Model: RV4     Colour: BLK     Style: TY,4/22/2022 2:26:49 PM,,
51684,21280589,1638296400000,2021,11,30,18,20,0,Tuesday,540839.67612,4810466.05003,-80.495289,43.445991,Non intersection,2,Non-reportable,Thru lane,unknown,unknown,SMV unattended vehicle,Unknown,Dark,07 - Dark,Municipal (excl. Twp. Rd.),No control,unknown,0,0,0,False,False,False,Clear,,True,Road 1: DAVID ST; Vehicle #1     Make: HOND     Model: UCL     Colour: BLU     Style: 4D; Vehicle #2     Make:      Model:      Colour:      Style:,8/16/2022 2:56:15 PM,,
51685,21280818,1638254820000,2021,11,30,6,47,0,Tuesday,543074.88597,4812801.24902,-80.46748199999999,43.466892,Intersection related,2,P.D. only,Not on roadway - right side,unknown,unknown,SMV other,Unknown,Dark,07 - Dark,Municipal (excl. Twp. Rd.),unknown,Functioning,0,0,0,False,False,False,Snow,,False,Road 1: WELLINGTON ST N (50 km/h); Road 2: SHIRLEY AVE (50 km/h); Distance: 26.0 M S; Charged Driver #1 on page 1: HTA 130 (NA) (NA); Vehicle #1     Make: TOYT     Model: HIG     Colour: GRY     Style: TY,4/22/2022 2:25:56 PM,,
51686,21280866,1638259200000,2021,11,30,8,0,0,Tuesday,541180.28923,4809392.62157,-80.49116099999999,43.436307,At intersection,2,Non-reportable,Within intersection,unknown,unknown,Sideswipe,Unknown,Daylight,01 - Daylight,Municipal (excl. Twp. Rd.),unknown,Functioning,0,0,0,False,False,False,Snow,,True,Road 1: HIGHLAND RD E; Road 2: STIRLING AVE S; Vehicle #1     Make:      Model:      Colour:      Style: ; Vehicle #2     Make: FORD     Model: FLE     Colour: BLU     Style: TY,8/16/2022 3:04:43 PM,,
51687,21280901,1638262500000,2021,11,30,8,55,0,Tuesday,539862.43089,4811413.2845,-80.507297,43.454572999999996,Non intersection,2,P.D. only,Thru lane,unknown,unknown,Angle,Unknown,Daylight,01 - Daylight,Municipal (excl. Twp. Rd.),No control,unknown,1,0,0,False,False,False,Snow,,False,Road 1: WALTER ST (50 km/h); Road 2: GLASGOW ST; Distance: 100.0 K E; Charged Driver #1 on page 1: HTA 130 (NA) (NA); Vehicle #1     Make: FORD     Model: TST     Colour: WHI     Style: FV; Vehicle #2     Make: FORD     Model: SRW     Colour: RED     Styl,4/22/2022 2:25:31 PM,,
51688,21280904,1638262740000,2021,11,30,8,59,0,Tuesday,545875.80707,4811309.52396,-80.432983,43.453294,Non intersection,2,P.D. only,Not on roadway - left side,unknown,unknown,SMV other,Unknown,Daylight,01 - Daylight,Municipal (excl. Twp. Rd.),No control,unknown,0,0,0,False,False,False,Clear,,False,Road 1: 236 HOLBORN DR (50 km/h); Road 2: HOLBORN DR; Distance: 6.0 M W; Charged Driver #1 on page 1: NA NA (NA) (NA); Vehicle #1     Make: MAZD     Model: M3I     Colour: BLU     Style: 4D,4/22/2022 2:25:06 PM,,
51689,21280984,1636353000000,2021,11,8,6,30,0,Monday,542233.05988,4806978.86564,-80.47834,43.414515,At/near private drive,2,Non-reportable,Thru lane,unknown,unknown,Angle,Unknown,Dark,07 - Dark,Municipal (excl. Twp. Rd.),No control,unknown,0,0,0,False,False,False,Clear,,True,Road 1: STRASBURG ROAD; Road 2: BLOCKLINE; Vehicle #1     Make: FORD     Model: SPE     Colour: BLK     Style: TY; Vehicle #2     Make:      Model:      Colour:      Style:,4/22/2022 2:26:52 PM,,
51690,21280996,1638270000000,2021,11,30,11,0,0,Tuesday,543007.2636,4814212.0054,-80.46820699999999,43.479597999999996,At/near private drive,2,P.D. only,Thru lane,unknown,unknown,SMV unattended vehicle,Unknown,Daylight,01 - Daylight,Municipal (excl. Twp. Rd.),No control,unknown,0,0,0,False,False,False,Clear,,True,Road 1: 78 STANLEY AVE; Vehicle #1     Make:      Model:      Colour:      Style: ; Vehicle #2     Make: TOYT     Model: CBS     Colour: WHI     Style: 4D,4/22/2022 2:26:47 PM,,
51691,21281134,1638282600000,2021,11,30,14,30,0,Tuesday,542542.90913,4807459.57353,-80.474475,43.418825999999996,At intersection,2,P.D. only,Within intersection,unknown,unknown,Rear end,Unknown,Daylight,01 - Daylight,Municipal (excl. Twp. Rd.),unknown,unknown,0,0,0,False,False,False,Clear,,True,Road 1: KINGSWOOD DR; Road 2: SELKIRK DR; Vehicle #1     Make: CHEV     Model: TKR     Colour: GRY     Style: TY; Vehicle #2     Make: TOYT     Model: HV4     Colour: BLK     Style: TY,8/16/2022 3:01:14 PM,,
51692,21281759,1635954300000,2021,11,3,15,45,0,Wednesday,540574.26826,4807251.70379,-80.498808,43.417063,At/near private drive,2,P.D. only,Thru lane,unknown,unknown,Sideswipe,Unknown,Daylight,01 - Daylight,Municipal (excl. Twp. Rd.),No control,unknown,0,0,0,False,False,False,Clear,,True,Road 1: D'ARCY PLACE (IFO 15); Road 2: LAURENTIAN DR; Vehicle #1     Make: TOYT     Model: RG4     Colour: GRY     Style: TY; Vehicle #2     Make: MAZD     Model: M6I     Colour: WHI     Style: 4D,8/16/2022 2:56:05 PM,,
51693,21282010,1638362700000,2021,12,1,12,45,0,Wednesday,543954.84752,4807820.48669,-80.457005,43.421994,Non intersection,2,Non-reportable,Thru lane,unknown,unknown,Sideswipe,Unknown,Daylight,01 - Daylight,Municipal (excl. Twp. Rd.),No control,unknown,0,0,0,False,False,False,Clear,,True,Road 1: VANIER DR; Road 2: SIEBERT AVE; Vehicle #1     Make:      Model:      Colour:      Style: ; Vehicle #2     Make: FRHT     Model: FM2     Colour: WHI     Style: CT,8/16/2022 3:05:23 PM,,
51694,21282115,1638376200000,2021,12,1,16,30,0,Wednesday,544330.53489,4808468.05182,-80.45231199999999,43.427803,Intersection related,2,P.D. only,Thru lane,unknown,unknown,Angle,Unknown,Dusk,05 - Dusk,Regional municipality,unknown,Functioning,0,0,0,False,False,False,Freezing Rain,,True,Road 1: FRANKLIN ST S; Road 2: GREENFIELD AVE; Vehicle #1     Make: JEEP     Model: CHK     Colour: GRY     Style: TY; Vehicle #2     Make: ACUR     Model: CTP     Colour: SIL     Style: 4D,8/16/2022 2:57:25 PM,,
51695,21282492,1638425520000,2021,12,2,6,12,0,Thursday,539079.64204,4811110.63533,-80.516994,43.451889,At intersection,1,Non-fatal injury,Within intersection,unknown,unknown,SMV other,Unknown,Dark,07 - Dark,Municipal (excl. Twp. Rd.),unknown,Functioning,0,0,0,True,False,False,Rain,,False,Road 1: GLASGOW ST (50 km/h); Road 2: BELMONT AVE W (50 km/h); Charged Driver #1 on page 1: HTA 142 (NA) (NA); Vehicle #1     Make: FORD     Model: TST     Colour: WHI     Style: FV,8/16/2022 2:57:58 PM,,
51696,21283031,1638472200000,2021,12,2,19,10,0,Thursday,538837.00914,4809820.85969,-80.520084,43.440287999999995,Non intersection,2,P.D. only,Thru lane,unknown,unknown,Other,Unknown,Dark,07 - Dark,Regional municipality,No control,unknown,0,0,0,False,False,False,"Fog, mist, smoke, dust",,True,Road 1: WEICHEL ST; Road 2: VICTORIA ST S; Vehicle #1     Make: FORD     Model: EDG     Colour: RED     Style: TY; Vehicle #2     Make: NISS     Model: SBL     Colour: BLK     Style: 4D,8/16/2022 3:05:27 PM,,
51697,21283101,1638476460000,2021,12,2,20,21,0,Thursday,541225.54532,4811868.01769,-80.490415,43.458593,At intersection,1,Non-fatal injury,Within intersection,unknown,unknown,SMV other,Unknown,Dark,07 - Dark,Municipal (excl. Twp. Rd.),unknown,Functioning,0,0,0,True,False,False,Clear,,False,Road 1: MARGARET AVE (50 km/h); Road 2: WELLINGTON ST N (50 km/h); Vehicle #1     Make: NISS     Model: SL2     Colour: BRN     Style: 4D,4/22/2022 2:26:16 PM,,
51698,21283502,1637568600000,2021,11,22,8,10,0,Monday,539917.91949,4811186.49783,-80.50662799999999,43.452528,Non intersection,2,P.D. only,Thru lane,unknown,unknown,Rear end,Unknown,Daylight,01 - Daylight,Municipal (excl. Twp. Rd.),No control,unknown,0,0,0,False,False,False,Clear,,True,Road 1: AGNES ST; Road 2: GRUHN ST; Vehicle #1     Make: HYUN     Model: K6G     Colour: RED     Style: TY; Vehicle #2     Make:      Model:      Colour:      Style:,1/3/2023 10:10:07 AM,,
51699,21283548,1638025200000,2021,11,27,15,0,0,Saturday,547120.35439,4809643.40463,-80.417745,43.438215,At/near private drive,2,Non-reportable,Thru lane,unknown,unknown,SMV unattended vehicle,Unknown,Daylight,01 - Daylight,Municipal (excl. Twp. Rd.),No control,unknown,0,0,0,False,False,False,Clear,,True,Road 1: 141 SIMS ESTATE DR (IFO); Vehicle #1     Make:      Model:      Colour:      Style: ; Vehicle #2     Make: RAM     Model: RTR     Colour: BLU     Style: PK,8/16/2022 3:04:10 PM,,
51700,21283717,1638543720000,2021,12,3,15,2,0,Friday,540679.18843,4812243.19847,-80.49714,43.462001,At/near private drive,2,P.D. only,Thru lane,unknown,unknown,SMV unattended vehicle,Unknown,Daylight,01 - Daylight,Municipal (excl. Twp. Rd.),No control,unknown,1,0,0,False,False,False,Clear,,False,Road 1: GUELPH ST (50 km/h); Road 2: AHRENS ST W; Distance: 25.0 M W; Vehicle #1     Make: HOND     Model: PIL     Colour: GRY     Style: TY; Vehicle #2     Make: MAZD     Model: M3I     Colour: WHI     Style: 4B,4/22/2022 2:26:54 PM,,
51701,21283996,1638563460000,2021,12,3,20,31,0,Friday,546023.80086,4811342.47795,-80.431151,43.453582,Non intersection,2,P.D. only,Thru lane,unknown,unknown,SMV unattended vehicle,Unknown,Dark,07 - Dark,Municipal (excl. Twp. Rd.),No control,unknown,1,0,0,False,False,False,Clear,,False,Road 1: SHAFTSBURY DR (50 km/h); Road 2: OLDFIELD DR; Distance: 30.0 M W; Vehicle #1     Make:      Model:      Colour:      Style: ; Vehicle #2     Make: ACUR     Model: CEP     Colour: SIL     Style: 4D,4/22/2022 2:25:07 PM,,
51702,21284518,1635858000000,2021,11,2,13,0,0,Tuesday,538677.32173,4805355.73596,-80.522374,43.400092,Non intersection,2,Non-reportable,Thru lane,unknown,unknown,SMV unattended vehicle,Unknown,Daylight,01 - Daylight,Municipal (excl. Twp. Rd.),No control,unknown,0,0,0,False,False,False,Clear,,True,Road 1: 22 ISAIAH DR (IFO); Road 2: ELIZA AVE; Vehicle #1     Make:      Model:      Colour:      Style: ; Vehicle #2     Make: DODG     Model: CAR     Colour: BLU     Style: VN,4/22/2022 2:25:09 PM,,
51703,21284825,1638211860000,2021,11,29,18,51,0,Monday,541465.83421,4809538.33127,-80.487622,43.437604,At intersection,1,Non-fatal injury,Within intersection,unknown,unknown,Angle,Unknown,Dark,07 - Dark,Municipal (excl. Twp. Rd.),unknown,unknown,0,0,0,False,True,False,Clear,,False,Road 1: MILL ST (50 km/h); Road 2: STIRLING AVE S (50 km/h); Charged Driver #1 on page 1: HTA 142CLAUS (NA) (NA); Vehicle #1     Make: DODG     Model: CAR     Colour: BLU     Style: VN; Vehicle #2     Make:      Model:      Colour:      Style:,8/16/2022 3:04:34 PM,,
51704,21285041,1638661200000,2021,12,4,23,40,0,Saturday,544609.23158,4809093.67424,-80.448818,43.433419,At intersection,2,P.D. only,Within intersection,unknown,unknown,Turning movement,Unknown,Dark,07 - Dark,Municipal (excl. Twp. Rd.),unknown,Functioning,0,0,0,False,False,False,Clear,,False,Road 1: FRANKLIN ST S (50 km/h); Road 2: KINGSWAY DR (50 km/h); Charged Driver #1 on page 1: HTA 142 (NA) (NA); Vehicle #1     Make: NISS     Model: ATL     Colour: SIL     Style: 4D; Vehicle #2     Make: ACUR     Model: MDX     Colour: WHI     Style: TY,4/22/2022 2:26:19 PM,,
51705,21285579,1638728100000,2021,12,5,18,15,0,Sunday,546796.607,4803002.922,-80.4223136,43.3784447,At/near private drive,2,P.D. only,Thru lane,unknown,unknown,Angle,Unknown,Dark,07 - Dark,Municipal (excl. Twp. Rd.),No control,unknown,0,0,0,False,False,False,Rain,,True,Road 1: MONARCH WOODS DR; Road 2: 60 MONARCH WOODS DR; Vehicle #1     Make: NISS     Model: SML     Colour: SIL     Style: 4D; Vehicle #2     Make:      Model:      Colour:      Style:,8/16/2022 3:02:03 PM,,
51706,21286580,1638824400000,2021,12,6,21,0,0,Monday,546057.86454,4805105.16732,-80.43125599999999,43.397419,At/near private drive,2,Non-reportable,Thru lane,unknown,unknown,Angle,Unknown,"Dark, artificial","08 - Dark, artificial",Municipal (excl. Twp. Rd.),No control,unknown,0,0,0,False,False,False,Snow,,True,Road 1: GREEN VALLEY DR; Road 2: 55 GREEN VALLEY DR; Vehicle #1     Make: TOYT     Model: C4E     Colour: RED     Style: 4D; Vehicle #2     Make:      Model:      Colour:      Style:,8/16/2022 2:58:35 PM,,
51707,21286667,1638841440000,2021,12,7,1,44,0,Tuesday,539455.49858,4807788.93017,-80.51258899999999,43.42196,At/near private drive,2,P.D. only,Off highway,unknown,unknown,SMV other,Unknown,"Dark, artificial","08 - Dark, artificial",Municipal (excl. Twp. Rd.),No control,unknown,0,0,0,False,False,False,Snow,,False,Road 1: 533 GREENBROOK DR (50 km/h); Road 2: GREENBROOK DR; Distance: 5.0 M W; Vehicle #1     Make: HOND     Model: FIT     Colour: RED     Style: 4W,4/22/2022 2:26:58 PM,,
51708,21286669,1638923400000,2021,12,8,0,30,0,Wednesday,539562.81142,4806883.49606,-80.51132799999999,43.413802,Non intersection,2,P.D. only,Thru lane,unknown,unknown,Sideswipe,Unknown,Dark,07 - Dark,Municipal (excl. Twp. Rd.),No control,unknown,0,0,0,False,False,False,Snow,,True,Road 1: 20 ORCHID KITCHENER; Road 2: GREY FOX DRIVE KITCHENER; Vehicle #1     Make: KIA     Model: FNG     Colour: WHI     Style: 4D; Vehicle #2     Make:      Model:      Colour:      Style:,8/16/2022 3:02:38 PM,,
51709,21287041,1638884100000,2021,12,7,13,35,0,Tuesday,539488.06944,4808586.33612,-80.512129,43.429139,Non intersection,2,P.D. only,Not on roadway - right side,unknown,unknown,SMV other,Unknown,Daylight,01 - Daylight,Regional municipality,No control,unknown,0,0,0,False,False,False,Snow,,False,Road 1: FOREST HILL DR (50 km/h); Road 2: WARREN RD; Distance: 5.0 M W; Charged Driver #1 on page 1: HTA 142 (NA) (NA); Vehicle #1     Make: TOYT     Model: SIE     Colour: GRY     Style: VN,4/22/2022 2:25:19 PM,,
51710,21288693,1639065600000,2021,12,9,16,0,0,Thursday,542785.85711,4807313.12057,-80.471486,43.417493,Non intersection,2,P.D. only,Thru lane,unknown,unknown,Sideswipe,Unknown,Dusk,05 - Dusk,Regional municipality,No control,unknown,0,0,0,False,False,False,Snow,,True,Road 1: 84 COACH HILL DRIVE KITCHENER; Road 2: HOMER WATSON BLVD KITCHENER; Vehicle #1     Make: HYUN     Model: ALS     Colour: BLK     Style: 4D; Vehicle #2     Make: KIA     Model: SED     Colour: BLK     Style: VN,8/16/2022 2:55:21 PM,,
51711,21289103,1639111680000,2021,12,10,4,48,0,Friday,540297.93863,4809634.34536,-80.50204599999999,43.438531999999995,Non intersection,1,Non-fatal injury,Not on roadway - left side,unknown,unknown,SMV other,Unknown,Dark,07 - Dark,Regional municipality,No control,unknown,0,0,0,False,False,False,Snow,,False,Road 1: PATRICIA AVE (40 km/h); Road 2: QUEEN'S BLVD; Distance: 24.0 M N; Vehicle #1     Make: TOYT     Model: CTR     Colour: BLU     Style: 4B,12/22/2022 9:29:11 AM,,
51712,21289280,1637743200000,2021,11,24,8,40,0,Wednesday,537287.14783,4809102.94076,-80.53928499999999,43.433903,At/near private drive,2,Non-reportable,Thru lane,unknown,unknown,SMV unattended vehicle,Unknown,Daylight,01 - Daylight,Municipal (excl. Twp. Rd.),No control,unknown,0,0,0,False,False,False,Clear,,True,Road 1: 3 WESTFOREST TRAIL (IFO); Vehicle #1     Make:      Model:      Colour:      Style: ; Vehicle #2     Make: SUBA     Model: FOR     Colour: WHI     Style: TY,8/16/2022 3:06:02 PM,,
51713,21289471,1639144800000,2021,12,10,14,0,0,Friday,537290.22925,4810238.8611,-80.539169,43.444131,Non intersection,2,P.D. only,Thru lane,unknown,unknown,Sideswipe,Unknown,Daylight,01 - Daylight,Municipal (excl. Twp. Rd.),No control,unknown,0,0,0,False,False,False,Clear,,True,Road 1: GLASGOW ST; Vehicle #1     Make: CHEV     Model: EQU     Colour: BLK     Style: TY; Vehicle #2     Make: TOYT     Model: UCS     Colour: GRY     Style: 4D,8/16/2022 2:58:19 PM,,