OBJECTID,ACCIDENTNUM,ACCIDENTDATE,ACCIDENT_YEAR,ACCIDENT_MONTH,ACCIDENT_DAY,ACCIDENT_HOUR,ACCIDENT_MINUTE,ACCIDENT_SECOND,ACCIDENT_WEEKDAY,XCOORD,YCOORD,LONGITUDE,LATITUDE,ACCIDENTLOCATION,COLLISIONTYPE,CLASSIFICATIONOFACCIDENT,IMPACTLOCATION,INITIALDIRECTIONOFTRAVELONE,INITIALDIRECTIONOFTRAVELTWO,INITIALIMPACTTYPE,INTTRAFFICCONTROL,LIGHT,LIGHTFORREPORT,ROADJURISDICTION,TRAFFICCONTROL,TRAFFICCONTROLCONDITION,THRULANENO,NORTHBOUNDDISOBEYCOUNT,SOUTHBOUNDDISOBEYCOUNT,PEDESTRIANINVOLVED,CYCLISTINVOLVED,MOTORCYCLISTINVOLVED,ENVIRONMENTCONDITION1,ENVIRONMENTCONDITION2,SELFREPORTED,XMLIMPORTNOTES,LASTEDITEDDATE,CREATE_BY,CREATE_DATE
51714,21289551,1639152900000,2021,12,10,16,15,0,Friday,545051.22535,4810838.35755,-80.443213,43.449101999999996,At intersection,2,P.D. only,Within intersection,unknown,unknown,Turning movement,Unknown,Dusk,05 - Dusk,Regional municipality,unknown,Functioning,0,0,0,False,False,False,Clear,,True,Road 1: RIVER RD E; Road 2: HOLBORN DR; Vehicle #1     Make: RAM     Model: RTR     Colour: SIL     Style: CW; Vehicle #2     Make: TOYT     Model: UCS     Colour: GRY     Style: 4D,1/3/2023 10:18:11 AM,,
51715,21290095,1639213620000,2021,12,11,9,7,0,Saturday,539258.03244,4811591.41553,-80.514754,43.456209,At/near private drive,1,Non-fatal injury,Thru lane,unknown,unknown,SMV other,Unknown,Daylight,01 - Daylight,Municipal (excl. Twp. Rd.),No control,unknown,1,0,0,True,False,False,Clear,,False,Road 1: 509 PARK ST (50 km/h); Road 2: PARK ST; Distance: 1.0 M W; Vehicle #1     Make: HOND     Model: CRV     Colour: SIL     Style: TY,4/22/2022 2:27:10 PM,,
51716,21291180,1639319700000,2021,12,12,14,35,0,Sunday,541681.89788,4803974.72126,-80.485377,43.387496,Non intersection,2,P.D. only,Thru lane,unknown,unknown,Sideswipe,Unknown,Daylight,01 - Daylight,Municipal (excl. Twp. Rd.),No control,unknown,0,0,0,False,False,False,Clear,,True,Road 1: WOODBINE AVE; Road 2: SEABROOK DR; Vehicle #1     Make: TOYT     Model: SIE     Colour: SIL     Style: VN; Vehicle #2     Make: FORD     Model: RNG     Colour: WHI     Style: FV,1/3/2023 10:10:32 AM,,
51717,21291735,1638363600000,2021,12,1,13,0,0,Wednesday,541078.26115,4809395.00288,-80.49242199999999,43.436333999999995,Non intersection,2,Non-reportable,Thru lane,unknown,unknown,SMV unattended vehicle,Unknown,Daylight,01 - Daylight,Municipal (excl. Twp. Rd.),No control,unknown,0,0,0,False,False,False,Clear,,True,Road 1: LORNE CRESCENT; Road 2: SENECA DR; Vehicle #1     Make: HYUN     Model: SLI     Colour: BLU     Style: 4D; Vehicle #2     Make: TOYT     Model: RG4     Colour: GRY     Style: TY,8/16/2022 3:01:24 PM,,
51718,21291848,1639166400000,2021,12,10,20,0,0,Friday,539734.23865,4810145.41643,-80.508974,43.443163999999996,Non intersection,2,P.D. only,Thru lane,unknown,unknown,SMV unattended vehicle,Unknown,Dark,07 - Dark,Municipal (excl. Twp. Rd.),No control,unknown,0,0,0,False,False,False,Clear,,True,Road 1: 28 JACK AVENUE KITCHENER; Road 2: PATRICIA AVE KITCHENER; Vehicle #1     Make:      Model:      Colour:      Style: ; Vehicle #2     Make: VOLK     Model: JWE     Colour: SIL     Style: 4D,8/16/2022 2:59:57 PM,,
51719,21291925,1637051400000,2021,11,16,8,30,0,Tuesday,546250.67802,4808427.70407,-80.42859399999999,43.427323,At/near private drive,2,P.D. only,Thru lane,unknown,unknown,Angle,Unknown,Daylight,01 - Daylight,Regional municipality,No control,unknown,0,0,0,False,False,False,Clear,,True,Road 1: HEFFNER CT (IFO 3121); Road 2: KING ST E; Vehicle #1     Make: NISS     Model: VNR     Colour: GRY     Style: 4B; Vehicle #2     Make: FORD     Model: SRW     Colour: BLK     Style: PK,1/3/2023 10:23:13 AM,,
51720,21292481,1639469460000,2021,12,14,8,11,0,Tuesday,542046.31654,4813386.16692,-80.480153,43.472217,Non intersection,1,Non-fatal injury,Thru lane,unknown,unknown,SMV unattended vehicle,Unknown,Daylight,01 - Daylight,Municipal (excl. Twp. Rd.),No control,unknown,1,0,0,False,False,False,Clear,,False,Road 1: SEREDA RD (50 km/h); Road 2: UNION ST; Distance: 0.0 M S; Vehicle #1     Make: FORD     Model: TST     Colour: WHI     Style: FV; Vehicle #2     Make:      Model: TRAC     Colour: BLU     Style:,8/16/2022 3:03:55 PM,,
51721,21292556,1639472400000,2021,12,14,9,0,0,Tuesday,546924.86878,4809773.33707,-80.420149,43.439397,At/near private drive,2,P.D. only,Thru lane,unknown,unknown,SMV unattended vehicle,Unknown,Daylight,01 - Daylight,Municipal (excl. Twp. Rd.),No control,unknown,0,0,0,False,False,False,Clear,,True,Road 1: 530 BEAUMONT CRESCENT (IFO); Vehicle #1     Make: TOYT     Model: MTL     Colour: RED     Style: 4D; Vehicle #2     Make: LEXS     Model: RX5     Colour: BLK     Style: TY,4/22/2022 2:26:53 PM,,
51722,21293590,1637650800000,2021,11,23,7,0,0,Tuesday,535462.72469,4808203.13644,-80.56188499999999,43.425889999999995,At/near private drive,2,Non-reportable,Off highway,unknown,unknown,SMV unattended vehicle,Unknown,Dawn,03 - Dawn,Regional municipality,No control,unknown,0,0,0,False,False,False,Clear,,True,Road 1: 1721 GLASGOW ST (PK LOT); Vehicle #1     Make:      Model:      Colour:      Style: ; Vehicle #2     Make: FORD     Model: SPE     Colour: RED     Style: TY,4/22/2022 2:26:59 PM,,
51723,21293912,1637229600000,2021,11,18,10,0,0,Thursday,539374.34116,4808074.25028,-80.513571,43.424534,At intersection,2,Non-reportable,Thru lane,unknown,unknown,Sideswipe,Unknown,Daylight,01 - Daylight,Municipal (excl. Twp. Rd.),unknown,Functioning,0,0,0,False,False,False,Clear,,True,Road 1: BIRCHCLIFF AVE; Road 2: UPLANDS DR; Vehicle #1     Make: GMC     Model: SIE     Colour: GRY     Style: CB; Vehicle #2     Make: DODG     Model: CAR     Colour: RED     Style: VN,1/3/2023 10:19:50 AM,,
51724,21294318,1639056000000,2021,12,9,13,20,0,Thursday,546393.45204,4808496.37478,-80.426824,43.427932999999996,Intersection related,2,P.D. only,Thru lane,unknown,unknown,Turning movement,Unknown,Daylight,01 - Daylight,Municipal (excl. Twp. Rd.),unknown,Functioning,0,0,0,False,False,False,Clear,,True,Road 1: PEPPERWOOD CRESCENT; Road 2: MORGAN AVE; Vehicle #1     Make: HYUN     Model: TUC     Colour: BLK     Style: TY; Vehicle #2     Make: TOYT     Model: MTL     Colour: BLK     Style: 4D,4/22/2022 2:25:56 PM,,
51725,21294924,1639696500000,2021,12,16,23,15,0,Thursday,541343.39696,4809063.11889,-80.489171,43.433330999999995,At intersection,2,P.D. only,Within intersection,unknown,unknown,Sideswipe,Unknown,Dark,07 - Dark,Regional municipality,unknown,unknown,0,0,0,False,False,False,Clear,,False,Road 1: HIGHLAND RD E (50 km/h); Road 2: HEIMAN ST (50 km/h); Charged Driver #1 on page 1: HTA 142 (NA) (NA); Vehicle #1     Make: MAZD     Model: MA5     Colour: GRY     Style: 4B; Vehicle #2     Make: MAZD     Model: 3SP     Colour: WHI     Style: 4D,8/16/2022 2:58:59 PM,,
51726,21295060,1639722600000,2021,12,17,6,30,0,Friday,542570.44386,4805980.06327,-80.47425,43.405502999999996,At intersection,1,Non-fatal injury,Within intersection,unknown,unknown,SMV other,Unknown,Dark,07 - Dark,Municipal (excl. Twp. Rd.),unknown,Functioning,0,0,0,True,False,False,Clear,,False,Road 1: STRASBURG RD (50 km/h); Road 2: SHOEMAKER ST (50 km/h); Charged Driver #1 on page 1: HTA 142 (NA) (NA); Vehicle #1     Make: GMC     Model: SIE     Colour: GRY     Style: CW,4/22/2022 2:26:26 PM,,
51727,21295281,1639744320000,2021,12,17,12,32,0,Friday,542659.95059,4811829.05812,-80.47268799999999,43.458162,At/near private drive,1,Non-fatal injury,Thru lane,unknown,unknown,Angle,Unknown,Daylight,01 - Daylight,Municipal (excl. Twp. Rd.),No control,unknown,1,0,0,False,False,False,Clear,,False,Road 1: 447 EDNA ST (50 km/h); Road 2: FREDERICK ST; Distance: 0.0 M N; Charged Driver #1 on page 1: HTA 139 (NA) (NA); Vehicle #1     Make: ACUR     Model: RDX     Colour: WHI     Style: TY; Vehicle #2     Make: CHEV     Model: MTS     Colour: GRY     St,1/3/2023 10:23:06 AM,,
51728,21295294,1638723600000,2021,12,5,17,0,0,Sunday,546412.05333,4811080.43693,-80.426374,43.451198,At/near private drive,2,P.D. only,Thru lane,unknown,unknown,Other,Unknown,Dark,07 - Dark,Municipal (excl. Twp. Rd.),No control,unknown,0,0,0,False,False,False,Clear,,True,Road 1: WENDY CRESCENT; Road 2: BRIERDALE DR; Vehicle #1     Make: MAZD     Model: 3TR     Colour: BLU     Style: 4D; Vehicle #2     Make: SUBA     Model: CRO     Colour: BLU     Style: TY,8/16/2022 3:05:43 PM,,
51729,21295370,1639147140000,2021,12,10,14,39,0,Friday,544249.08608,4809619.28459,-80.453225,43.438173,Other,2,P.D. only,Off highway,unknown,unknown,SMV other,Unknown,Daylight,01 - Daylight,Municipal (excl. Twp. Rd.),No control,unknown,0,0,0,False,False,False,Clear,,False,Road 1: 333; Road 2: PROSPECT AVE; Distance: 10.0 K S; Charged Driver #1 on page 1: CCC 2 (NA) (NA); Vehicle #1     Make: FORD     Model: FSA     Colour: GRY     Style: 4D,4/22/2022 2:27:13 PM,,
51730,21295378,1639751400000,2021,12,17,14,30,0,Friday,538060.24726,4809822.4131,-80.52968299999999,43.440342,At/near private drive,2,Non-reportable,Thru lane,unknown,unknown,SMV unattended vehicle,Unknown,Daylight,01 - Daylight,Municipal (excl. Twp. Rd.),No control,unknown,0,0,0,False,False,False,Clear,,True,Road 1: 19 INGLESIDE DR; Vehicle #1     Make:      Model:      Colour:      Style: ; Vehicle #2     Make: MAZD     Model: M3I     Colour: SIL     Style: 4B,8/16/2022 2:59:52 PM,,
51731,21295432,1639756500000,2021,12,17,15,55,0,Friday,541707.89007,4810679.31358,-80.484544,43.447863999999996,At intersection,2,P.D. only,Within intersection,unknown,unknown,Rear end,Unknown,Daylight,01 - Daylight,Municipal (excl. Twp. Rd.),unknown,Functioning,0,0,0,False,False,False,Clear,,False,Road 1: KING ST E (40 km/h); Road 2: EBY ST N (40 km/h); Vehicle #1     Make: HOND     Model: CIVI     Colour:      Style: ; Vehicle #2     Make: FORD     Model: EPT     Colour: RED     Style: TY,4/22/2022 2:26:26 PM,,
51732,21295699,1639771200000,2021,12,17,20,0,0,Friday,543369.09161,4809776.25027,-80.464086,43.439637999999995,At/near private drive,2,Non-reportable,Thru lane,unknown,unknown,SMV unattended vehicle,Unknown,Dark,07 - Dark,Regional municipality,No control,unknown,0,0,0,False,False,False,Clear,,True,Road 1: 24 JACKSON AVE; Vehicle #1     Make:      Model:      Colour:      Style: ; Vehicle #2     Make: NISS     Model: PHF     Colour: WHI     Style: 4W,4/22/2022 2:26:54 PM,,
51733,21295754,1639782120000,2021,12,17,23,2,0,Friday,545021.7947,4804852.44376,-80.44407,43.395205999999995,Non intersection,2,P.D. only,Thru lane,unknown,unknown,SMV other,Unknown,Dark,07 - Dark,Municipal (excl. Twp. Rd.),No control,unknown,1,0,0,False,False,False,Clear,,False,Road 1: 445 PIONEER DR (50 km/h); Road 2: PIONEER DR; Distance: 10.0 M E; Vehicle #1     Make: LEXS     Model: IS3     Colour: BLK     Style: 4D,4/22/2022 2:25:22 PM,,
51734,21295857,1639795200000,2021,12,18,2,40,0,Saturday,538984.88903,4805920.42463,-80.518535,43.405161,At/near private drive,2,P.D. only,Off highway,unknown,unknown,SMV other,Unknown,Dark,07 - Dark,Municipal (excl. Twp. Rd.),No control,unknown,0,0,0,False,False,False,Snow,,False,Road 1: 332 ACTIVA AVE (50 km/h); Road 2: ACTIVA AVE; Distance: 1.0 M E; Vehicle #1     Make: HYUN     Model: ESM     Colour: BLK     Style: 4D,4/22/2022 2:27:07 PM,,
51735,21296012,1639822380000,2021,12,18,10,13,0,Saturday,547747.91717,4808992.88122,-80.41004699999999,43.432317999999995,Non intersection,2,P.D. only,Not on roadway - right side,unknown,unknown,SMV other,Unknown,Daylight,01 - Daylight,Regional municipality,No control,unknown,0,0,0,False,False,False,Snow,,False,Road 1: 315 GRAND RIVER BLVD (50 km/h); Road 2: GRAND RIVER BLVD; Distance: 0.0 M N; Vehicle #1     Make: FORD     Model: COF     Colour: GRY     Style: PK,4/22/2022 2:24:59 PM,,
51736,21296068,1639825380000,2021,12,18,11,3,0,Saturday,542628.6702,4804000.00421,-80.473686,43.387671,Intersection related,2,P.D. only,Off highway,unknown,unknown,SMV other,Unknown,Daylight,01 - Daylight,Municipal (excl. Twp. Rd.),unknown,unknown,0,0,0,False,False,False,Snow,,False,Road 1: CRANSHAW ST (50 km/h); Road 2: HURON RD (60 km/h); Distance: 2.0 M E; Vehicle #1     Make: NISS     Model: FRT     Colour: BLK     Style: PK,8/16/2022 2:56:01 PM,,
51737,21297078,1639938240000,2021,12,19,18,24,0,Sunday,543775.09505,4811964.63084,-80.458893,43.459319,Non intersection,2,P.D. only,Thru lane,unknown,unknown,Approaching,Unknown,Dark,07 - Dark,Municipal (excl. Twp. Rd.),No control,unknown,1,0,0,False,False,False,Clear,,False,Road 1: RIVER RD E (50 km/h); Road 2: ISLINGTON AVE; Distance: 25.0 M N; Charged Driver #1 on page 1: HTA 130 (NA) (NA); Vehicle #1     Make: FORD     Model: FEE     Colour: GRY     Style: 4D; Vehicle #2     Make: DODG     Model: CAR     Colour: GRY     S,4/22/2022 2:25:11 PM,,
51738,21297435,1638908700000,2021,12,7,20,25,0,Tuesday,546378.15169,4803442.40819,-80.427442,43.382428,Non intersection,2,P.D. only,Thru lane,unknown,unknown,SMV other,Unknown,Dark,07 - Dark,Regional municipality,No control,unknown,0,0,0,False,False,False,Clear,,True,Road 1: DOON S DR DOON SOUTH KITCHENER; Vehicle #1     Make: BMW     Model: BX5     Colour: SIL     Style: TY,8/16/2022 2:56:39 PM,,
51739,21297611,1638206100000,2021,11,29,17,15,0,Monday,541335.09075,4812360.85296,-80.489023,43.463024999999995,Non intersection,2,Non-reportable,Thru lane,unknown,unknown,Angle,Unknown,Dark,07 - Dark,Municipal (excl. Twp. Rd.),No control,unknown,0,0,0,False,False,False,Clear,,True,Road 1: ST LEGER ST; Road 2: ROBERT PEEL RD; Vehicle #1     Make: FORD     Model: SPE     Colour: BLK     Style: TY; Vehicle #2     Make: DODG     Model: CAR     Colour: GRY     Style: VN,4/22/2022 2:25:00 PM,,
51740,21298136,1640073900000,2021,12,21,8,5,0,Tuesday,540144.21131,4810123.80946,-80.503909,43.442947,Non intersection,1,Non-fatal injury,Not on roadway - left side,unknown,unknown,SMV other,Unknown,Daylight,01 - Daylight,Regional municipality,No control,unknown,0,0,0,False,False,False,Clear,,False,Road 1: WEST AVE (50 km/h); Road 2: HOMEWOOD AVE; Distance: 5.0 M W; Charged Driver #1 on page 1: HTA 130 (NA) (NA); Vehicle #1     Make: GMC     Model: TER     Colour: GRY     Style: TY,8/16/2022 3:05:58 PM,,
51741,21298250,1638256500000,2021,11,30,7,15,0,Tuesday,541180.35178,4809392.22235,-80.49116,43.436304,At intersection,2,P.D. only,Thru lane,unknown,unknown,Rear end,Unknown,Daylight,01 - Daylight,Regional municipality,unknown,unknown,0,0,0,False,False,False,Snow,,True,Road 1: HIGHLAND RD E; Road 2: STIRLING AVE S; Vehicle #1     Make: LEXS     Model: IS3     Colour: GRY     Style: 4D; Vehicle #2     Make: DODG     Model: AVN     Colour: WHI     Style: 4D,8/16/2022 3:04:47 PM,,
51742,21298415,1639122960000,2021,12,10,7,56,0,Friday,542252.59512,4809183.2994,-80.47792799999999,43.434363,At/near private drive,2,P.D. only,Right shoulder,unknown,unknown,Sideswipe,Unknown,Daylight,01 - Daylight,Regional municipality,No control,unknown,0,0,0,False,False,False,Clear,,True,Road 1: MILL ST; Road 2: OTTAWA ST S; Vehicle #1     Make: HYUN     Model: ACC     Colour: RED     Style: 2B; Vehicle #2     Make: MITS     Model: RVR     Colour: BLU     Style: TY,8/16/2022 3:01:58 PM,,
51743,21298432,1639326600000,2021,12,12,16,30,0,Sunday,540244.06638,4806490.33971,-80.502943,43.410226,At/near private drive,2,P.D. only,Thru lane,unknown,unknown,Sideswipe,Unknown,Dusk,05 - Dusk,Municipal (excl. Twp. Rd.),No control,unknown,0,0,0,False,False,False,Clear,,True,Road 1: 302 HIGHBROOK CRESCENT; Vehicle #1     Make: CHEV     Model: VTL     Colour: RED     Style: 4B; Vehicle #2     Make: HYUN     Model: ETG     Colour: BLK     Style: 4B,4/22/2022 2:27:06 PM,,
51744,21298438,1640092500000,2021,12,21,13,15,0,Tuesday,539660.42556,4811634.22027,-80.509778,43.456573,At intersection,2,Non-reportable,Within intersection,unknown,unknown,Turning movement,Unknown,Daylight,01 - Daylight,Regional municipality,unknown,Functioning,0,0,0,False,False,False,Clear,,True,Road 1: GREEN ST; Road 2: KING ST W; Vehicle #1     Make:      Model:      Colour:      Style: ; Vehicle #2     Make: KIA     Model: SPO     Colour: SIL     Style: TY,1/3/2023 10:18:28 AM,,
51745,21298528,1640102700000,2021,12,21,16,5,0,Tuesday,542108.42921,4807129.85363,-80.479868,43.415881999999996,At intersection,1,Non-fatal injury,Within intersection,unknown,unknown,SMV other,Unknown,Dusk,05 - Dusk,Municipal (excl. Twp. Rd.),unknown,Functioning,0,0,0,True,False,False,Clear,,False,Road 1: STRASBURG RD (50 km/h); Road 2: BLOCK LINE RD (50 km/h); Vehicle #1     Make:      Model:      Colour:      Style: PIC,8/16/2022 2:54:18 PM,,
51746,21298912,1639818900000,2021,12,18,9,15,0,Saturday,541084.02581,4810773.03739,-80.49224699999999,43.448741999999996,Intersection related,2,Non-reportable,Thru lane,unknown,unknown,SMV other,Unknown,Daylight,01 - Daylight,Municipal (excl. Twp. Rd.),unknown,unknown,0,0,0,False,False,False,Snow,,True,Road 1: JOSEPH ST; Road 2: DAVID ST; Vehicle #1     Make: FORD     Model: SPE     Colour: GRY     Style: TY,1/3/2023 10:15:43 AM,,
51747,21299129,1640179620000,2021,12,22,13,27,0,Wednesday,541847.87142,4807852.24044,-80.483031,43.422401,Non intersection,2,P.D. only,Thru lane,unknown,unknown,Rear end,Unknown,Daylight,01 - Daylight,Township,No control,unknown,1,0,0,False,False,False,Clear,,False,Road 1: 69  KINGSWOOD DR (50 km/h); Road 2: KINGSWOOD DR; Distance: 5.0 M W; Charged Driver #1 on page 1: CAI 2 (NA) (NA); Vehicle #1     Make: FORD     Model: FMS     Colour: WHI     Style: 4D; Vehicle #2     Make: NISS     Model: VSL     Colour: RED    ,4/22/2022 2:25:02 PM,,
51748,21299451,1640205840000,2021,12,22,20,44,0,Wednesday,541367.85382,4810954.89373,-80.488725,43.450364,Intersection related,2,P.D. only,Thru lane,unknown,unknown,Turning movement,Unknown,Dark,07 - Dark,Regional municipality,unknown,unknown,1,0,0,False,False,False,Snow,,False,Road 1: 8 QUEEN ST N (50 km/h); Road 2: QUEEN ST N; Distance: 5.0 M W; Vehicle #1     Make: HYUN     Model: EGM     Colour: BLK     Style: 4D; Vehicle #2     Make: TOYT     Model: MTL     Colour: WHI     Style: 4D,4/22/2022 2:25:51 PM,,
51749,21299640,1640235360000,2021,12,23,4,56,0,Thursday,547353.70883,4803540.9603,-80.41539,43.383254,Non intersection,2,P.D. only,Not on roadway - right side,unknown,unknown,SMV other,Unknown,Dark,07 - Dark,Regional municipality,No control,unknown,0,0,0,False,False,False,Snow,,False,Road 1: 389 PINNACLE DR (50 km/h); Road 2: PINNACLE DR; Distance: 5.0 M S; Charged Driver #1 on page 1: HTA 200 (NA) (NA); Vehicle #1     Make: MITS     Model: LST     Colour: GRY     Style: 4D,8/16/2022 3:03:15 PM,,
51750,21299752,1638800400000,2021,12,6,14,20,0,Monday,547878.52955,4805928.08603,-80.40870199999999,43.404714999999996,Non intersection,2,Non-reportable,Thru lane,unknown,unknown,Sideswipe,Unknown,Daylight,01 - Daylight,Municipal (excl. Twp. Rd.),No control,unknown,0,0,0,False,False,False,Clear,,True,Road 1: 28 PIONEER RIDGE DR; Vehicle #1     Make: FRHT     Model: FM2     Colour: WHI     Style: CT; Vehicle #2     Make: TOYT     Model: CBA     Colour: GRN     Style: 4D,4/22/2022 2:25:32 PM,,
51751,21299782,1639220400000,2021,12,11,11,0,0,Saturday,541309.50156,4803365.58424,-80.49002,43.382031999999995,Non intersection,2,Non-reportable,Thru lane,unknown,unknown,Sideswipe,Unknown,Daylight,01 - Daylight,Regional municipality,No control,unknown,0,0,0,False,False,False,Clear,,True,Road 1: 1415 HURON ROAD KITCHENER; Road 2: FISHER HALLMAN KITCHENER; Vehicle #1     Make: DODG     Model: CJO     Colour: BLK     Style: TY; Vehicle #2     Make:      Model:      Colour:      Style:,8/16/2022 2:59:47 PM,,
51752,21299830,1637926800000,2021,11,26,11,40,0,Friday,541359.92243,4808641.65219,-80.488998,43.429536,Intersection related,2,Non-reportable,Thru lane,unknown,unknown,Rear end,Unknown,Daylight,01 - Daylight,Regional municipality,unknown,unknown,0,0,0,False,False,False,Clear,,True,Road 1: HOMER WATSON BLVD; Road 2: HOFFMAN ST; Vehicle #1     Make: HOND     Model: FKG     Colour: BLK     Style: 4B; Vehicle #2     Make:      Model:      Colour:      Style:,1/3/2023 10:15:27 AM,,
51753,21299904,1638107400000,2021,11,28,13,50,0,Sunday,545121.42051,4807667.9583,-80.442607,43.420550999999996,Non intersection,2,Non-reportable,Left shoulder,unknown,unknown,SMV other,Unknown,Daylight,01 - Daylight,Regional municipality,No control,unknown,0,0,0,False,False,False,Snow,,True,Road 1: WILSON AVE; Road 2: FAIRWAY RD S; Vehicle #1     Make: VOLK     Model: JBS     Colour: GRN     Style: 4D,4/22/2022 2:25:33 PM,,
51754,21299921,1638261000000,2021,11,30,8,30,0,Tuesday,538777.39922,4807810.73345,-80.52096399999999,43.422191999999995,Intersection related,2,P.D. only,Thru lane,unknown,unknown,Sideswipe,Unknown,Daylight,01 - Daylight,Municipal (excl. Twp. Rd.),unknown,Functioning,0,0,0,False,False,False,Snow,,True,Road 1: ELM RIDGE DR; Road 2: MCGARRY DR; Vehicle #1     Make: NISS     Model: SML     Colour: BLK     Style: 4D; Vehicle #2     Make:      Model:      Colour:      Style:,4/22/2022 2:26:03 PM,,
51755,21299959,1640085000000,2021,12,21,11,10,0,Tuesday,549174.06482,4806308.39247,-80.392669,43.408055,Non intersection,2,P.D. only,Thru lane,unknown,unknown,Sideswipe,Unknown,Daylight,01 - Daylight,Regional municipality,No control,unknown,0,0,0,False,False,False,Clear,,True,Road 1: GATEWAY PARK DR; Road 2: SPORTSWORLD DR; Vehicle #1     Make: TOYT     Model: CBL     Colour: GRY     Style: 4D; Vehicle #2     Make: MAZD     Model: 3TR     Colour: WHI     Style: 4D,8/16/2022 2:57:41 PM,,
51756,21300126,1640281140000,2021,12,23,17,39,0,Thursday,541581.94445,4806863.10225,-80.486391,43.413509,Non intersection,2,P.D. only,Thru lane,unknown,unknown,SMV other,Unknown,Dark,07 - Dark,Regional municipality,No control,unknown,1,0,0,False,False,False,Snow,,False,Road 1: BLOCK LINE RD (50 km/h); Road 2: MCLENNAN PARK GATE; Distance: 20.0 M W; Charged Driver #1 on page 1: HTA 154 (NA) (NA); Vehicle #1     Make: NISS     Model: ROG     Colour: WHI     Style: TY,8/16/2022 2:54:41 PM,,
51757,21300138,1640283000000,2021,12,23,18,10,0,Thursday,540795.98739,4809182.26783,-80.495925,43.434433999999996,At intersection,2,P.D. only,Within intersection,unknown,unknown,Angle,Stop sign,Dark,07 - Dark,Municipal (excl. Twp. Rd.),Stop sign,unknown,0,0,0,False,False,False,Snow,,True,Road 1: STIRLING AVE S; Road 2: PLEASANT AVE; Vehicle #1     Make: KIA     Model: SPO     Colour: WHI     Style: TY; Vehicle #2     Make: MITS     Model: RVR     Colour: GRY     Style: TY,1/3/2023 10:18:19 AM,,
51758,21300592,1640343600000,2021,12,24,11,0,0,Friday,537851.92777,4809076.90008,-80.532308,43.43364,At/near private drive,2,P.D. only,Thru lane,unknown,unknown,Other,Unknown,Daylight,01 - Daylight,Municipal (excl. Twp. Rd.),No control,unknown,1,0,0,False,False,False,Clear,,False,Road 1: OPRINGTON DR (50 km/h); Road 2: BENESFORT DR; Distance: 2.0 K W; Charged Driver #1 on page 1: HTA 139 (NA) (NA); Vehicle #1     Make: FORD     Model: FX5     Colour: GRN     Style: 4D; Vehicle #2     Make: HYUN     Model: SAN     Colour: RED     S,4/22/2022 2:27:11 PM,,
51759,21301428,1640450100000,2021,12,25,16,35,0,Saturday,546993.36921,4808375.65471,-80.419423,43.426808,At intersection,2,P.D. only,Within intersection,unknown,unknown,Turning movement,Unknown,Dusk,05 - Dusk,Municipal (excl. Twp. Rd.),unknown,Functioning,0,0,0,False,False,False,Clear,,False,Road 1: RIVER RD E (50 km/h); Road 2: GRAND RIVER BLVD (50 km/h); Charged Driver #1 on page 1: HTA 142 (NA) (NA); Vehicle #1     Make: AUDI     Model: A62     Colour: BLK     Style: 4D; Vehicle #2     Make: TOYT     Model: CBS     Colour: BLK     Style: 4,8/16/2022 3:03:41 PM,,
51760,21301936,1640116800000,2021,12,21,20,0,0,Tuesday,540267.0027,4809968.55046,-80.502403,43.441542999999996,Non intersection,2,P.D. only,Thru lane,unknown,unknown,SMV unattended vehicle,Unknown,Dark,07 - Dark,Regional municipality,No control,unknown,0,0,0,False,False,False,Snow,,True,Road 1: WEST AVE; Road 2: HIGHLAND RD W; Vehicle #1     Make:      Model:      Colour:      Style: ; Vehicle #2     Make: GMC     Model: YUK     Colour: BLK     Style: TY,8/16/2022 3:05:53 PM,,
51761,21302347,1640548800000,2021,12,26,20,0,0,Sunday,544287.87067,4812757.05385,-80.452491,43.466423,Non intersection,2,P.D. only,Thru lane,unknown,unknown,SMV unattended vehicle,Unknown,Dark,07 - Dark,Municipal (excl. Twp. Rd.),No control,unknown,0,0,0,False,False,False,Clear,,True,Road 1: 27 FORFAR AVE (IFO); Vehicle #1     Make:      Model:      Colour:      Style: ; Vehicle #2     Make: HOND     Model: CIV     Colour: BLK     Style: 4D,4/22/2022 2:25:01 PM,,
51762,21302488,1640552400000,2021,12,26,21,0,0,Sunday,539672.09751,4807366.74952,-80.50994399999999,43.418147999999995,Non intersection,2,Non-reportable,Thru lane,unknown,unknown,SMV unattended vehicle,Unknown,Dark,07 - Dark,Municipal (excl. Twp. Rd.),No control,unknown,0,0,0,False,False,False,Snow,,True,Road 1: VALLEYVIEW RD (IFO 25); Vehicle #1     Make:      Model:      Colour:      Style: ; Vehicle #2     Make: NISS     Model: ATL     Colour: BLK     Style: 4D,8/16/2022 3:05:19 PM,,
51763,21302644,1640607960000,2021,12,27,12,26,0,Monday,543653.10869,4813003.33721,-80.460318,43.468678,Non intersection,2,P.D. only,Not on roadway - right side,unknown,unknown,SMV other,Unknown,Daylight,01 - Daylight,Municipal (excl. Twp. Rd.),No control,unknown,0,0,0,False,False,False,Snow,,False,Road 1: 150 SHIRLEY AVE (50 km/h); Road 2: SHIRLEY AVE; Distance: 5.0 K W; Vehicle #1     Make:      Model:      Colour:      Style:,8/16/2022 3:04:03 PM,,