OBJECTID,ACCIDENTNUM,ACCIDENTDATE,ACCIDENT_YEAR,ACCIDENT_MONTH,ACCIDENT_DAY,ACCIDENT_HOUR,ACCIDENT_MINUTE,ACCIDENT_SECOND,ACCIDENT_WEEKDAY,XCOORD,YCOORD,LONGITUDE,LATITUDE,ACCIDENTLOCATION,COLLISIONTYPE,CLASSIFICATIONOFACCIDENT,IMPACTLOCATION,INITIALDIRECTIONOFTRAVELONE,INITIALDIRECTIONOFTRAVELTWO,INITIALIMPACTTYPE,INTTRAFFICCONTROL,LIGHT,LIGHTFORREPORT,ROADJURISDICTION,TRAFFICCONTROL,TRAFFICCONTROLCONDITION,THRULANENO,NORTHBOUNDDISOBEYCOUNT,SOUTHBOUNDDISOBEYCOUNT,PEDESTRIANINVOLVED,CYCLISTINVOLVED,MOTORCYCLISTINVOLVED,ENVIRONMENTCONDITION1,ENVIRONMENTCONDITION2,SELFREPORTED,XMLIMPORTNOTES,LASTEDITEDDATE,CREATE_BY,CREATE_DATE
51764,21303469,1640710800000,2021,12,28,17,0,0,Tuesday,544610.20914,4809092.66271,-80.44880599999999,43.433409999999995,At intersection,2,P.D. only,Left turn lane,unknown,unknown,Angle,Unknown,Dark,07 - Dark,Regional municipality,unknown,Functioning,0,0,0,False,False,False,Clear,,True,Road 1: FRANKLIN ST N; Road 2: KINGSWAY DR; Vehicle #1     Make: HYUN     Model: SFT     Colour: GRY     Style: TY; Vehicle #2     Make:      Model:      Colour:      Style:,1/3/2023 10:18:23 AM,,
51765,21303542,1640718000000,2021,12,28,19,0,0,Tuesday,540536.33774,4807292.67019,-80.499274,43.417434,At/near private drive,2,Non-reportable,Thru lane,unknown,unknown,SMV unattended vehicle,Unknown,Dark,07 - Dark,Municipal (excl. Twp. Rd.),No control,unknown,0,0,0,False,False,False,Clear,,True,Road 1: LAURENTIAN DR (IFO 29); Vehicle #1     Make: HYUN     Model: SHL     Colour: BLK     Style: 4D; Vehicle #2     Make:      Model:      Colour:      Style:,4/22/2022 2:26:53 PM,,
51766,21303697,1640733840000,2021,12,28,23,24,0,Tuesday,540597.06146,4809499.33258,-80.49835999999999,43.4373,Non intersection,2,P.D. only,Not on roadway - left side,unknown,unknown,SMV other,Unknown,Dark,07 - Dark,Municipal (excl. Twp. Rd.),No control,unknown,0,0,0,False,False,False,Freezing Rain,,False,Road 1: 68 PLEASANT AVE (50 km/h); Road 2: PLEASANT AVE; Distance: 10.0 M S; Vehicle #1     Make: BMW     Model: X12     Colour: SIL     Style: SW,4/22/2022 2:25:24 PM,,
51767,21304274,1640804640000,2021,12,29,19,4,0,Wednesday,544987.86038,4811296.52948,-80.443958,43.453230999999995,Non intersection,1,Non-fatal injury,Thru lane,unknown,unknown,Approaching,Unknown,Dark,07 - Dark,Municipal (excl. Twp. Rd.),No control,unknown,1,0,0,False,True,False,Clear,,False,Road 1: 80 BRECKENRIDGE DR (50 km/h); Road 2: BRECKENRIDGE DR; Distance: 4.0 M W; Charged Driver #1 on page 1: HTA 62 (NA) (NA); Vehicle #1     Make: BICY     Model: MOUN     Colour:      Style: BK; Vehicle #2     Make: BMW     Model: 28X     Colour: BRZ ,8/16/2022 2:54:51 PM,,
51768,21304650,1640857200000,2021,12,30,9,40,0,Thursday,539111.75218,4811655.7133,-80.516558,43.456795,At intersection,2,P.D. only,Within intersection,unknown,unknown,Angle,Unknown,Daylight,01 - Daylight,Municipal (excl. Twp. Rd.),unknown,Functioning,0,0,0,False,False,False,Clear,,False,Road 1: PARK ST (50 km/h); Road 2: UNION BLVD (50 km/h); Charged Driver #1 on page 1: HTA 144 (NA) (NA); Vehicle #1     Make: HOND     Model: CRV     Colour: BLK     Style: TY; Vehicle #2     Make: FORD     Model: CSC     Colour: WHI     Style: PD,8/16/2022 3:05:10 PM,,
51769,21305530,1640952000000,2021,12,31,12,0,0,Friday,541949.30067,4811591.23032,-80.48149,43.456061,Non intersection,2,P.D. only,Thru lane,unknown,unknown,Other,Unknown,Daylight,01 - Daylight,Municipal (excl. Twp. Rd.),No control,unknown,0,0,0,False,False,False,Clear,,True,Road 1: 11 GORDON AVE (IFO); Vehicle #1     Make: AUDI     Model: A63     Colour: BLK     Style: 4D; Vehicle #2     Make: HYUN     Model: ASE     Colour: GRY     Style: 4D,8/16/2022 2:58:25 PM,,
51770,21305705,1640972700000,2021,12,31,17,45,0,Friday,543213.9713,4804533.52412,-80.46641699999999,43.392441,Intersection related,2,P.D. only,Within intersection,unknown,unknown,Rear end,Unknown,Dark,07 - Dark,Regional municipality,unknown,unknown,0,0,0,False,False,False,Clear,,True,Road 1: STRASBURG RD; Road 2: HURON RD; Vehicle #1     Make:      Model:      Colour:      Style: ; Vehicle #2     Make: VOLK     Model: RAB     Colour: RED     Style: 4B,8/16/2022 3:04:58 PM,,
51771,21306800,1640977200000,2021,12,31,19,0,0,Friday,542107.99073,4807131.48041,-80.479873,43.415896,At intersection,2,Non-reportable,Thru lane,unknown,unknown,Sideswipe,Unknown,Dark,07 - Dark,Regional municipality,unknown,Functioning,0,0,0,False,False,False,Clear,,True,Road 1: BLOCK LINE RD; Road 2: STRASBURG RD; Vehicle #1     Make: HOND     Model: UAX     Colour: BLK     Style: 4D; Vehicle #2     Make: MITS     Model: LST     Colour: GRY     Style: 4D,8/16/2022 2:54:22 PM,,
51772,2171278,1627029900000,2021,7,23,8,45,0,Friday,540815.98072,4809807.23341,-80.495632,43.440059999999995,Non intersection,2,Non-reportable,Thru lane,unknown,unknown,Rear end,Unknown,Daylight,01 - Daylight,Regional municipality,No control,unknown,0,0,0,False,False,False,Clear,,True,Road 1: HIGHLAND RD E; Road 2: RUBY ST; Vehicle #1     Make: HOND     Model: UCL     Colour: SIL     Style: 4D; Vehicle #2     Make: CHEV     Model: ITZ     Colour: GRY     Style: 4D,2/11/2022 11:08:34 AM,,
51773,22000369,1641042360000,2022,1,1,13,6,0,Saturday,546063.3405,4809492.61491,-80.430818,43.436923,At intersection,2,P.D. only,Within intersection,unknown,unknown,Angle,Unknown,Daylight,01 - Daylight,Municipal (excl. Twp. Rd.),unknown,Functioning,0,0,0,False,False,False,Clear,,False,Road 1: RIVER RD E (60 km/h); Road 2: KINZIE AVE (50 km/h); Charged Driver #1 on page 1: HTA 130 (NA) (NA); Vehicle #1     Make: HOND     Model: UCL     Colour: WHI     Style: 4D; Vehicle #2     Make: VOLK     Model: GTI     Colour: BLK     Style: 2B,4/27/2022 10:42:03 AM,,
51774,22000699,1641075300000,2022,1,1,22,15,0,Saturday,545760.50265,4803959.92555,-80.435023,43.387125,At intersection,2,Non-reportable,Thru lane,unknown,unknown,Angle,Unknown,Dark,07 - Dark,Municipal (excl. Twp. Rd.),unknown,Functioning,0,0,0,False,False,False,Clear,,True,Road 1: APPLE RIDGE DR; Road 2: DOON MILLS DR; Vehicle #1     Make: HYUN     Model: ELA     Colour: GRY     Style: 4D; Vehicle #2     Make: BMW     Model: BX3     Colour: WHI     Style: TY,1/3/2023 10:19:34 AM,,
51775,22000866,1641110400000,2022,1,2,8,0,0,Sunday,541571.9004,4802403.05661,-80.486854,43.373351,Non intersection,1,Non-fatal injury,Left shoulder,unknown,unknown,SMV other,Unknown,Daylight,01 - Daylight,Township,No control,unknown,0,0,0,False,False,False,Snow,,False,Road 1: PLAINS RD (60 km/h); Road 2: 388 PLAINS RD; Distance: 100.0 M E; Vehicle #1     Make: CHEV     Model: ML1     Colour: GRY     Style: 4D,4/27/2022 10:40:05 AM,,
51776,22001643,1640860200000,2021,12,30,10,30,0,Thursday,538305.15823,4810398.31015,-80.52661599999999,43.445515,At/near private drive,2,Non-reportable,Thru lane,unknown,unknown,SMV other,Unknown,Daylight,01 - Daylight,Municipal (excl. Twp. Rd.),No control,unknown,0,0,0,False,False,False,Clear,,True,Road 1: WESTWOOD DR (IFO 81); Vehicle #1     Make: FORD     Model: EDG     Colour: BLK     Style: TY,8/16/2022 3:06:07 PM,,
51777,22001665,1638623400000,2021,12,4,13,10,0,Saturday,541385.69826,4808629.1267,-80.488681,43.429421,Non intersection,2,Non-reportable,Thru lane,unknown,unknown,Sideswipe,Unknown,Daylight,01 - Daylight,Regional municipality,No control,unknown,0,0,0,False,False,False,Clear,,True,Road 1: HOMER WATSON KITCHENER; Road 2: HOFFMAN ROAD KITCHENER; Vehicle #1     Make: CHEV     Model: ORL     Colour: BLK     Style: TY; Vehicle #2     Make: FORD     Model: FEE     Colour: GRY     Style: 4D,8/16/2022 2:59:37 PM,,
51778,22001685,1640805600000,2021,12,29,19,20,0,Wednesday,546077.48353,4805068.06781,-80.431017,43.397084,Non intersection,2,Non-reportable,Thru lane,unknown,unknown,Sideswipe,Unknown,Dark,07 - Dark,Municipal (excl. Twp. Rd.),No control,unknown,0,0,0,False,False,False,Clear,,True,Road 1: GREEN VALLEY DR; Road 2: PIONEER DRIVE; Vehicle #1     Make: FIAT     Model: 5SP     Colour: WHI     Style: 2B; Vehicle #2     Make:      Model:      Colour:      Style:,4/22/2022 2:25:10 PM,,
51779,22001750,1641214620000,2022,1,3,12,57,0,Monday,544838.84801,4809572.79559,-80.44594099999999,43.43772,At intersection,2,P.D. only,Right shoulder,unknown,unknown,Other,Unknown,Daylight,01 - Daylight,Municipal (excl. Twp. Rd.),unknown,unknown,0,0,0,False,False,False,Clear,,False,Road 1: FRANKLIN ST N (50 km/h); Road 2: SHUH AVE (50 km/h); Charged Driver #1 on page 1: HTA 142 (NA) (NA); Vehicle #1     Make: VOLK     Model: JMG     Colour: BLK     Style: 4D; Vehicle #2     Make: MMS     Model: LAN     Colour: RED     Style: 4D,4/22/2022 2:26:21 PM,,
51780,22001776,1640777400000,2021,12,29,11,30,0,Wednesday,541432.01155,4803960.96232,-80.488463,43.387386,Non intersection,2,Non-reportable,Thru lane,unknown,unknown,SMV unattended vehicle,Unknown,Daylight,01 - Daylight,Municipal (excl. Twp. Rd.),No control,unknown,0,0,0,False,False,False,Clear,,True,Road 1: SEABROOK DR; Road 2: VALENCIA AVE; Vehicle #1     Make:      Model:      Colour:      Style: ; Vehicle #2     Make: TOYT     Model: MTL     Colour: WHI     Style: 4D,8/16/2022 3:03:50 PM,,
51781,22002351,1639824300000,2021,12,18,10,45,0,Saturday,538593.83509,4811203.03031,-80.52299099999999,43.452746,At/near private drive,2,P.D. only,Off highway,unknown,unknown,SMV unattended vehicle,Unknown,Daylight,01 - Daylight,Municipal (excl. Twp. Rd.),No control,unknown,0,0,0,False,False,False,Snow,,True,Road 1: 261 UNION BLVD (IFO); Vehicle #1     Make: HOND     Model: UCL     Colour: GRY     Style: 4D; Vehicle #2     Make: GMC     Model: SIE     Colour: GRY     Style: PK,1/3/2023 10:20:33 AM,,
51782,22002361,1639915200000,2021,12,19,12,0,0,Sunday,541394.36191,4810861.8036,-80.488405,43.449524,At/near private drive,2,P.D. only,Thru lane,unknown,unknown,SMV unattended vehicle,Unknown,Daylight,01 - Daylight,Regional municipality,No control,unknown,0,0,0,False,False,False,Clear,,True,Road 1: KING ST E; Road 2: QUEEN ST N; Vehicle #1     Make:      Model:      Colour:      Style: ; Vehicle #2     Make: HYUN     Model: K2G     Colour: RED     Style: TY,4/22/2022 2:26:48 PM,,
51783,22002621,1641306000000,2022,1,4,14,20,0,Tuesday,541778.43066,4807528.70151,-80.483913,43.419491,At intersection,2,P.D. only,Thru lane,unknown,unknown,Rear end,Unknown,Daylight,01 - Daylight,Municipal (excl. Twp. Rd.),unknown,Functioning,0,0,0,False,False,False,Clear,,True,Road 1: STRASBURG RD; Road 2: BARWOOD; Vehicle #1     Make: HOND     Model: CCL     Colour: BLU     Style: 4D; Vehicle #2     Make: NISS     Model: AHY     Colour: GRY     Style: 4D,1/3/2023 10:19:05 AM,,
51784,22002924,1641331200000,2022,1,4,21,20,0,Tuesday,539051.99714,4805937.71114,-80.51770499999999,43.405313,Non intersection,2,P.D. only,Right shoulder,unknown,unknown,SMV other,Unknown,Other,99 - Other,Municipal (excl. Twp. Rd.),No control,unknown,0,0,0,False,False,False,Other,,False,Road 1: 306 ACTIVA AVE (50 km/h); Road 2: ACTIVA AVE; Distance: 20.0 M S; Vehicle #1     Make: PETE     Model:      Colour:      Style:,4/22/2022 2:25:12 PM,,
51785,22003368,1637861400000,2021,11,25,17,30,0,Thursday,541679.87784,4810931.38837,-80.484871,43.450134999999996,Other,2,Non-reportable,Other,unknown,unknown,Angle,Unknown,Other,99 - Other,Municipal (excl. Twp. Rd.),No control,unknown,0,0,0,False,False,False,Clear,,True,Road 1: SCOTT ST; Road 2: DUKE ST E; Vehicle #1     Make: FORD     Model: COF     Colour: RED     Style: PK; Vehicle #2     Make:      Model:      Colour:      Style:,1/3/2023 10:23:50 AM,,
51786,22003384,1639125000000,2021,12,10,8,30,0,Friday,545149.6461,4810110.5702,-80.44205699999999,43.442543,At/near private drive,2,Non-reportable,Thru lane,unknown,unknown,Approaching,Unknown,Daylight,01 - Daylight,Municipal (excl. Twp. Rd.),No control,unknown,0,0,0,False,False,False,Snow,,True,Road 1: 115 RENNIE DR (IFO); Vehicle #1     Make:      Model:      Colour:      Style: ; Vehicle #2     Make: NISS     Model: NV2     Colour: WHI     Style: FV,1/3/2023 10:20:58 AM,,
51787,22003390,1640882100000,2021,12,30,16,35,0,Thursday,542651.99205,4807351.77305,-80.473136,43.417849,At intersection,2,Non-reportable,Within intersection,unknown,unknown,Sideswipe,Unknown,Dusk,05 - Dusk,Municipal (excl. Twp. Rd.),unknown,Functioning,0,0,0,False,False,False,Clear,,True,Road 1: KINGSWOOD DR; Road 2: BLOCK LINE RD; Vehicle #1     Make: CHEV     Model: ML     Colour: BLK     Style: 4D; Vehicle #2     Make: GMC     Model: TER     Colour: GRY     Style: TY,8/16/2022 2:54:12 PM,,
51788,22003396,1639500600000,2021,12,14,16,50,0,Tuesday,547904.12771,4811314.23333,-80.40791399999999,43.453209,Non intersection,2,Non-reportable,Thru lane,unknown,unknown,Other,Unknown,Dusk,05 - Dusk,Municipal (excl. Twp. Rd.),No control,unknown,0,0,0,False,False,False,Clear,,True,Road 1: 1352 OLD ZELLER DR (IFO); Vehicle #1     Make: RAM     Model: RTR     Colour: BLK     Style: CW; Vehicle #2     Make: HYUN     Model: TUC     Colour: GRY     Style: TY,1/3/2023 10:10:36 AM,,
51789,22003525,1641402900000,2022,1,5,17,15,0,Wednesday,541643.73759,4810883.27008,-80.485321,43.449704,Non intersection,2,P.D. only,Off highway,unknown,unknown,SMV other,Unknown,Dusk,05 - Dusk,Municipal (excl. Twp. Rd.),No control,unknown,0,0,0,False,False,False,Snow,,False,Road 1: DUKE ST E (50 km/h); Road 2: SCOTT ST; Distance: 5.0 K S; Vehicle #1     Make: NISS     Model: A2S     Colour: GRY     Style: 4D,4/27/2022 10:40:02 AM,,
51790,22004113,1640599200000,2021,12,27,10,0,0,Monday,544894.72982,4811740.07687,-80.445073,43.457229999999996,Non intersection,2,Non-reportable,Thru lane,unknown,unknown,SMV unattended vehicle,Unknown,Daylight,01 - Daylight,Municipal (excl. Twp. Rd.),No control,unknown,0,0,0,False,False,False,Clear,,True,Road 1: 80 HUDSON CRESCENT (IFO); Vehicle #1     Make:      Model:      Colour:      Style: ; Vehicle #2     Make: KIA     Model: FEX     Colour: SIL     Style: 4D,1/3/2023 10:11:23 AM,,
51791,22004139,1639821600000,2021,12,18,10,0,0,Saturday,538777.40128,4807810.37399,-80.52096399999999,43.422188999999996,At intersection,2,P.D. only,Within intersection,unknown,unknown,Other,Unknown,Daylight,01 - Daylight,Municipal (excl. Twp. Rd.),unknown,Functioning,0,0,0,False,False,False,Snow,,True,Road 1: ELM RIDGE DR; Road 2: MCGARRY DR; Vehicle #1     Make: VOLK     Model: PTS     Colour: BLK     Style: 4D; Vehicle #2     Make:      Model:      Colour:      Style:,1/3/2023 10:17:59 AM,,
51792,22004184,1639826100000,2021,12,18,11,15,0,Saturday,536508.08758,4809514.98191,-80.54888299999999,43.437650999999995,At intersection,2,P.D. only,Thru lane,unknown,unknown,SMV other,Unknown,Daylight,01 - Daylight,Municipal (excl. Twp. Rd.),unknown,unknown,0,0,0,False,False,False,Snow,,True,Road 1: RESURRECTION DR; Road 2: NORTHMANOR CRESCENT; Vehicle #1     Make: NISS     Model: ROG     Colour: WHI     Style: TY,4/22/2022 2:26:17 PM,,
51793,22004595,1641524100000,2022,1,7,2,55,0,Friday,539457.55113,4806057.48869,-80.512688,43.406369999999995,Non intersection,2,P.D. only,Off highway,unknown,unknown,SMV other,Unknown,"Dark, artificial","08 - Dark, artificial",Municipal (excl. Twp. Rd.),No control,unknown,0,0,0,False,False,False,Clear,,False,Road 1: 186 ACTIVA AVE (50 km/h); Road 2: DONNENWERTH DR; Distance: 10.0 M E; Charged Driver #1 on page 1: HTA 130 (NA) (NA); Vehicle #1     Make: HOND     Model: UDY     Colour: SIL     Style: VN,1/3/2023 10:13:32 AM,,
51794,22004847,1640251800000,2021,12,23,9,30,0,Thursday,543586.70014,4811843.64422,-80.461232,43.458239999999996,At intersection,2,P.D. only,Thru lane,unknown,unknown,Rear end,Unknown,Daylight,01 - Daylight,Municipal (excl. Twp. Rd.),unknown,unknown,0,0,0,False,False,False,Snow,,True,Road 1: ISLINGTON AVE; Road 2: SHERWOOD AVE; Vehicle #1     Make:      Model:      Colour:      Style: ; Vehicle #2     Make: CHEV     Model: SIL     Colour: SIL     Style: PK,4/22/2022 2:26:19 PM,,
51795,22004916,1640265600000,2021,12,23,13,20,0,Thursday,542471.91399,4812922.41496,-80.474927,43.468016999999996,Intersection related,2,Non-reportable,Thru lane,unknown,unknown,Other,Unknown,Daylight,01 - Daylight,Municipal (excl. Twp. Rd.),unknown,Functioning,0,0,0,False,False,False,Clear,,True,Road 1: SEREDA RD; Road 2: GUELPH ST; Vehicle #1     Make: CHEV     Model: ML1     Colour: BLK     Style: 4D; Vehicle #2     Make:      Model:      Colour:      Style:,1/3/2023 10:16:25 AM,,
51796,22005053,1641562200000,2022,1,7,13,30,0,Friday,542730.82741,4816379.51953,-80.47145499999999,43.49913,Non intersection,2,Non-reportable,Thru lane,unknown,unknown,SMV unattended vehicle,Unknown,Daylight,01 - Daylight,Municipal (excl. Twp. Rd.),No control,unknown,0,0,0,False,False,False,Clear,,True,Road 1: 81 EAGLECREST ST (IFO); Vehicle #1     Make:      Model:      Colour:      Style: ; Vehicle #2     Make: NISS     Model: ATS     Colour: GRY     Style: 4D,12/22/2022 9:30:27 AM,,
51797,22006682,1641755040000,2022,1,9,19,4,0,Sunday,544910.58062,4812482.5655,-80.444816,43.463915,At intersection,2,P.D. only,Within intersection,unknown,unknown,Angle,Unknown,"Dark, artificial","08 - Dark, artificial",Municipal (excl. Twp. Rd.),unknown,Functioning,0,0,0,False,False,False,Snow,,False,Road 1: NATCHEZ RD (50 km/h); Road 2: HALIFAX DR (50 km/h); Charged Driver #1 on page 1: HTA 136 (NA) (NA); Vehicle #1     Make: TOYT     Model: YAR     Colour: GRY     Style: 4B; Vehicle #2     Make: HOND     Model: UCS     Colour: GRY     Style: 2D,1/3/2023 10:18:49 AM,,
51798,22006733,1641761520000,2022,1,9,20,52,0,Sunday,544883.88236,4804849.76579,-80.445773,43.395191,At intersection,2,P.D. only,Within intersection,unknown,unknown,Approaching,Unknown,Dark,07 - Dark,Regional municipality,unknown,Functioning,0,0,0,False,False,False,Snow,,False,Road 1: PIONEER DR (50 km/h); Road 2: DOON VILLAGE RD (50 km/h); Charged Driver #1 on page 1: HTA 130 (NA) (NA); Vehicle #1     Make: HYUN     Model: SSE     Colour: WHI     Style: 4D; Vehicle #2     Make: TOYO     Model: SIE     Colour: GRY     Style: VN,1/3/2023 10:18:53 AM,,
51799,22006791,1641767220000,2022,1,9,22,27,0,Sunday,538866.15341,4810231.38573,-80.519695,43.443982999999996,Non intersection,2,P.D. only,Thru lane,unknown,unknown,Approaching,Unknown,Dark,07 - Dark,Municipal (excl. Twp. Rd.),No control,unknown,1,0,0,False,False,False,Drifting Snow,,False,Road 1: BRYBECK CRES (50 km/h); Road 2: KARN ST; Distance: 500.0 M E; Vehicle #1     Make: GMC     Model: SIE     Colour: BLK     Style: PK; Vehicle #2     Make: CHEV     Model: AVS     Colour: GRY     Style: 4D,1/3/2023 10:12:31 AM,,
51800,22006918,1641797220000,2022,1,10,6,47,0,Monday,538962.01291,4806096.02862,-80.518805,43.406743,Non intersection,2,P.D. only,Not on roadway - left side,unknown,unknown,SMV other,Unknown,Dark,07 - Dark,Municipal (excl. Twp. Rd.),No control,unknown,0,0,0,False,False,False,Snow,,False,Road 1: 190 DAVID BERGEY DR (50 km/h); Road 2: DAVID BERGEY DR; Distance: 50.0 M N; Charged Driver #1 on page 1: HTA NA (NA) (NA); Vehicle #1     Make: HOND     Model: CVL     Colour: BLU     Style: 4D,1/3/2023 10:11:34 AM,,
51801,22007053,1640278800000,2021,12,23,17,0,0,Thursday,542649.24522,4807349.76151,-80.47317,43.417831,Intersection related,2,P.D. only,Thru lane,unknown,unknown,Rear end,Unknown,Dark,07 - Dark,Municipal (excl. Twp. Rd.),unknown,Functioning,0,0,0,False,False,False,Clear,,True,Road 1: BLOCK LINE RD; Road 2: KINGSWOOD DR; Vehicle #1     Make: FORD     Model: COF     Colour: GRY     Style: PK; Vehicle #2     Make:      Model:      Colour:      Style:,4/22/2022 2:25:50 PM,,
51802,22007116,1641815040000,2022,1,10,11,44,0,Monday,538182.1511,4807508.72405,-80.52833799999999,43.419503,Non intersection,2,P.D. only,Thru lane,unknown,unknown,Sideswipe,Unknown,Daylight,01 - Daylight,Municipal (excl. Twp. Rd.),No control,unknown,1,0,0,False,False,False,Snow,,False,Road 1: MCGARRY DR (50 km/h); Road 2: ROYAL ORCHARD DR; Distance: 50.0 M E; Charged Driver #1 on page 1: HTA 148 (NA) (NA); Vehicle #1     Make: HYUN     Model: SFT     Colour: BLU     Style: TY; Vehicle #2     Make: TRAC     Model: SERI     Colour:      ,1/3/2023 10:11:38 AM,,
51803,22008699,1640372400000,2021,12,24,19,0,0,Friday,540123.96002,4808205.07939,-80.5043,43.425672,Non intersection,2,Non-reportable,Thru lane,unknown,unknown,SMV unattended vehicle,Unknown,Dark,07 - Dark,Municipal (excl. Twp. Rd.),No control,unknown,0,0,0,False,False,False,Clear,,True,Road 1: 167 STONYBROOK DR (IFO); Road 2: STONYBROOK DR; Vehicle #1     Make:      Model:      Colour:      Style: ; Vehicle #2     Make: INFI     Model: G35     Colour: BLU     Style: 2D,4/22/2022 2:25:05 PM,,
51804,22008763,1641065400000,2022,1,1,19,30,0,Saturday,544846.53654,4804130.62479,-80.446293,43.388718,At/near private drive,2,Non-reportable,Thru lane,unknown,unknown,SMV unattended vehicle,Unknown,Dark,07 - Dark,Municipal (excl. Twp. Rd.),No control,unknown,0,0,0,False,False,False,Snow,,True,Road 1: SABRINA CRESCENT (IFO 49); Road 2: BECHTEL DR; Vehicle #1     Make: DODG     Model: CHE     Colour: RED     Style: 2D; Vehicle #2     Make:      Model:      Colour:      Style:,12/22/2022 9:30:26 AM,,
51805,22009448,1638857700000,2021,12,7,6,15,0,Tuesday,544361.46597,4804964.53128,-80.452214,43.396255,Non intersection,2,P.D. only,Thru lane,unknown,unknown,Approaching,Unknown,"Dark, artificial","08 - Dark, artificial",Municipal (excl. Twp. Rd.),No control,unknown,0,0,0,False,False,False,Clear,,True,Road 1: 36 WINDY RIDGE DR; Vehicle #1     Make: DODG     Model: CAR     Colour: BLK     Style: VN; Vehicle #2     Make:      Model:      Colour:      Style:,4/22/2022 2:25:22 PM,,
51806,22009514,1641071700000,2022,1,1,21,15,0,Saturday,541900.28384,4803657.88891,-80.482705,43.384631,At/near private drive,2,P.D. only,Thru lane,unknown,unknown,SMV unattended vehicle,Unknown,Dark,07 - Dark,Municipal (excl. Twp. Rd.),No control,unknown,0,0,0,False,False,False,Snow,,True,Road 1: CANNES ST (IFO 30); Road 2: ROCHEFORT ST.; Vehicle #1     Make: BMW     Model: BX3     Colour: WHI     Style: TY; Vehicle #2     Make: RAM     Model: RTR     Colour: GRY     Style: PK,1/3/2023 10:21:50 AM,,
51807,22009685,1642087380000,2022,1,13,15,23,0,Thursday,545684.25081,4803968.43454,-80.435964,43.387207,Non intersection,2,P.D. only,Not on roadway - right side,unknown,unknown,SMV other,Unknown,Daylight,01 - Daylight,Municipal (excl. Twp. Rd.),No control,unknown,0,0,0,False,False,False,Clear,,False,Road 1: 265 DOON MILLS DR (40 km/h); Road 2: DOON MILLS DR; Distance: 15.0 M S; Vehicle #1     Make: TOYT     Model: CYR     Colour: BLU     Style: 4B,1/3/2023 10:11:42 AM,,
51808,22009727,1642030200000,2022,1,12,23,30,0,Wednesday,540506.00834,4808563.71082,-80.499554,43.428881,At/near private drive,2,P.D. only,Not on roadway - right side,unknown,unknown,SMV other,Unknown,Dark,07 - Dark,Municipal (excl. Twp. Rd.),No control,unknown,0,0,0,False,False,False,Clear,,False,Road 1: 84 GREENBROOK DR (50 km/h); Road 2: GREENBROOK DR; Distance: 1.0 M W; Vehicle #1     Make:      Model:      Colour:      Style:,1/3/2023 10:21:16 AM,,
51809,22010329,1642158000000,2022,1,14,11,0,0,Friday,543506.57788,4808924.14428,-80.46245499999999,43.431957999999995,Non intersection,2,P.D. only,Thru lane,unknown,unknown,SMV unattended vehicle,Unknown,Daylight,01 - Daylight,Municipal (excl. Twp. Rd.),No control,unknown,0,0,0,False,False,False,Clear,,True,Road 1: 220 DIXON ST (IFO 220); Vehicle #1     Make:      Model:      Colour:      Style: ; Vehicle #2     Make: HYUN     Model: ESS     Colour: BLU     Style: 4D,1/3/2023 10:13:48 AM,,
51810,22011291,1627128000000,2021,7,24,12,0,0,Saturday,543095.51119,4812231.31551,-80.467272,43.461759,Non intersection,2,Non-reportable,Thru lane,unknown,unknown,SMV unattended vehicle,Unknown,Daylight,01 - Daylight,Municipal (excl. Twp. Rd.),No control,unknown,0,0,0,False,False,False,Clear,,True,Road 1: 51 ETHEL ST KITCHENER; Vehicle #1     Make:      Model:      Colour:      Style: ; Vehicle #2     Make: HYUN     Model: CFE     Colour: RED     Style: TY,8/16/2022 2:57:07 PM,,
51811,22011370,1642249500000,2022,1,15,12,25,0,Saturday,536525.0004,4807104.58608,-80.548835,43.415946999999996,At/near private drive,2,P.D. only,Off highway,unknown,unknown,SMV unattended vehicle,Unknown,Daylight,01 - Daylight,Municipal (excl. Twp. Rd.),No control,unknown,0,0,0,False,False,False,Clear,,False,Road 1: 11 BENT WILLOW DR (50 km/h); Road 2: BENT WILLOW DR; Distance: 1.0 M W; Charged Driver #1 on page 1: HTA 199 (NA) (NA); Vehicle #1     Make: TOYT     Model: CIE     Colour: BLU     Style: VN; Vehicle #2     Make: AUDI     Model: AQ8     Colour: BL,1/3/2023 10:21:26 AM,,
51812,22011836,1628258400000,2021,8,6,14,0,0,Friday,539317.52581,4810616.22535,-80.514089,43.447424999999996,At intersection,2,P.D. only,Within intersection,unknown,unknown,Sideswipe,Unknown,Daylight,01 - Daylight,Regional municipality,unknown,Functioning,0,0,0,False,False,False,Clear,,True,Road 1: BELMONT AVE W; Road 2: GAGE AVE CHERRY HILL KITCHENER; Vehicle #1     Make: CHEV     Model: BLT     Colour: GRN     Style: 2D; Vehicle #2     Make: KIA     Model: SOR     Colour: GRY     Style: TY,8/16/2022 2:54:00 PM,,
51813,22011974,1641651000000,2022,1,8,14,10,0,Saturday,541708.31178,4810679.1607,-80.484539,43.447862,Intersection related,2,Non-reportable,Thru lane,unknown,unknown,Rear end,Unknown,Daylight,01 - Daylight,Regional municipality,unknown,Functioning,0,0,0,False,False,False,Clear,,True,Road 1: KING ST E; Road 2: EBY ST S; Vehicle #1     Make: KIA     Model: SPO     Colour: WHI     Style: TY; Vehicle #2     Make: FORD     Model: SPE     Colour: BLK     Style: TY,4/27/2022 10:41:16 AM,,