OBJECTID,ACCIDENTNUM,ACCIDENTDATE,ACCIDENT_YEAR,ACCIDENT_MONTH,ACCIDENT_DAY,ACCIDENT_HOUR,ACCIDENT_MINUTE,ACCIDENT_SECOND,ACCIDENT_WEEKDAY,XCOORD,YCOORD,LONGITUDE,LATITUDE,ACCIDENTLOCATION,COLLISIONTYPE,CLASSIFICATIONOFACCIDENT,IMPACTLOCATION,INITIALDIRECTIONOFTRAVELONE,INITIALDIRECTIONOFTRAVELTWO,INITIALIMPACTTYPE,INTTRAFFICCONTROL,LIGHT,LIGHTFORREPORT,ROADJURISDICTION,TRAFFICCONTROL,TRAFFICCONTROLCONDITION,THRULANENO,NORTHBOUNDDISOBEYCOUNT,SOUTHBOUNDDISOBEYCOUNT,PEDESTRIANINVOLVED,CYCLISTINVOLVED,MOTORCYCLISTINVOLVED,ENVIRONMENTCONDITION1,ENVIRONMENTCONDITION2,SELFREPORTED,XMLIMPORTNOTES,LASTEDITEDDATE,CREATE_BY,CREATE_DATE
51912,22037734,1645183800000,2022,2,18,11,30,0,Friday,537475.43399,4808030.84436,-80.537032,43.42424,At/near private drive,2,Non-reportable,Thru lane,unknown,unknown,SMV unattended vehicle,Unknown,Daylight,01 - Daylight,Municipal (excl. Twp. Rd.),No control,unknown,0,0,0,False,False,False,Clear,,True,Road 1: CLAYCROFT CRESCENT (IFO 38); Vehicle #1     Make: TOYT     Model: RV4     Colour: GRY     Style: TY; Vehicle #2     Make:      Model:      Colour:      Style:,12/22/2022 9:29:22 AM,,
51913,22038685,1645278600000,2022,2,19,13,50,0,Saturday,542841.97882,4809873.32013,-80.470592,43.440542,Intersection related,1,Non-fatal injury,Within intersection,unknown,unknown,Angle,Unknown,Daylight,01 - Daylight,Municipal (excl. Twp. Rd.),Stop sign,Functioning,0,0,0,False,False,False,Snow,,False,Road 1: SYDNEY ST S (50 km/h); Road 2: CHARLES ST E (50 km/h); Charged Driver #1 on page 1: HTA 142 (NA) (NA); Vehicle #1     Make: HOND     Model: UDY     Colour: GRY     Style: TY; Vehicle #2     Make: VOLK     Model: JBS     Colour: GRY     Style: 4D,12/22/2022 9:36:50 AM,,
51914,22038887,1645296600000,2022,2,19,18,50,0,Saturday,544610.20993,4809092.54291,-80.44880599999999,43.433409,At intersection,1,Non-fatal injury,Within intersection,unknown,unknown,Angle,Unknown,Dark,07 - Dark,Municipal (excl. Twp. Rd.),Traffic signal,Functioning,0,0,0,False,False,False,Clear,,False,Road 1: KINGSWAY DR (50 km/h); Road 2: FRANKLIN ST S (50 km/h); Charged Driver #1 on page 1: HTA 130 (NA) (NA); Vehicle #1     Make: HYUN     Model: ETG     Colour: GRY     Style: 4B; Vehicle #2     Make: RAM     Model: RTR     Colour: SIL     Style: PK,12/22/2022 9:36:30 AM,,
51915,22038997,1645304400000,2022,2,19,21,0,0,Saturday,541741.04167,4810533.22682,-80.484145,43.446546,At intersection,2,Non-reportable,Thru lane,unknown,unknown,Approaching,Unknown,Dark,07 - Dark,Regional municipality,unknown,unknown,0,0,0,False,False,False,Clear,,True,Road 1: CEDAR ST S; Road 2: CHARLES ST E; Vehicle #1     Make: FRHT     Model: FM2     Colour: WHI     Style: DP; Vehicle #2     Make:      Model:      Colour:      Style:,12/22/2022 9:32:15 AM,,
51916,22039487,1645372200000,2022,2,20,15,50,0,Sunday,538660.95725,4809546.5106,-80.522279,43.437827,At/near private drive,2,P.D. only,Off highway,unknown,unknown,SMV unattended vehicle,Unknown,Daylight,01 - Daylight,Municipal (excl. Twp. Rd.),No control,unknown,0,0,0,False,False,False,Clear,,True,Road 1: VICMOUNT DR (IFO 70(2)); Vehicle #1     Make: TOYT     Model: MTL     Colour: BLK     Style: 4D; Vehicle #2     Make: TOYT     Model: MTL     Colour: SIL     Style: 4D,12/22/2022 9:29:32 AM,,
51917,22039563,1645354800000,2022,2,20,11,0,0,Sunday,541948.79891,4809147.84671,-80.481684,43.434061,At/near private drive,2,P.D. only,Thru lane,unknown,unknown,SMV unattended vehicle,Unknown,Daylight,01 - Daylight,Municipal (excl. Twp. Rd.),No control,unknown,0,0,0,False,False,False,Clear,,True,Road 1: 45 PATTANDON AVE (IFO 45); Vehicle #1     Make:      Model:      Colour:      Style: ; Vehicle #2     Make: KIA     Model: FNG     Colour: BLK     Style: 4D,12/22/2022 9:32:45 AM,,
51918,22039709,1645393440000,2022,2,20,21,44,0,Sunday,541359.5255,4808642.02621,-80.489003,43.429539,At intersection,2,P.D. only,Within intersection,unknown,unknown,Angle,Unknown,Dark,07 - Dark,Regional municipality,Stop sign,Functioning,0,0,1,False,False,False,Clear,,False,Road 1: HOMER WATSON BLVD (60 km/h); Road 2: HOFFMAN ST (50 km/h); Charged Driver #1 on page 1: HTA 130 (NA) (NA); Vehicle #1     Make: JEEP     Model: CHK     Colour: SIL     Style: TY; Vehicle #2     Make: JEEP     Model: WUL     Colour: BLK     Style: ,12/22/2022 9:36:37 AM,,
51919,22039869,1645425900000,2022,2,21,6,45,0,Monday,541937.16594,4816314.74858,-80.481276,43.498591999999995,At intersection,2,P.D. only,Within intersection,unknown,unknown,SMV other,Unknown,Dawn,03 - Dawn,Regional municipality,Yield sign,Functioning,0,0,0,False,False,False,Snow,,False,Road 1: KIWANIS PARK DR (50 km/h); Road 2: FALCONRIDGE DR (50 km/h); Distance: 3.0 M N; Vehicle #1     Make: GMC     Model: SIE     Colour: BLK     Style: CW,12/22/2022 9:32:02 AM,,
51920,22041232,1645597800000,2022,2,23,6,30,0,Wednesday,544200.68283,4812886.16527,-80.453558,43.467591,Intersection related,2,Non-reportable,Thru lane,unknown,unknown,Turning movement,Unknown,Dark,07 - Dark,Regional municipality,unknown,unknown,0,0,0,False,False,False,Clear,,True,Road 1: FORFAR AVE; Road 2: VICTORIA ST N; Vehicle #1     Make: RAM     Model: RTR     Colour: WHI     Style: PK; Vehicle #2     Make: TOYT     Model: UCS     Colour: RED     Style: 4D,12/22/2022 9:33:20 AM,,
51921,22041527,1645623480000,2022,2,23,13,38,0,Wednesday,539052.16487,4810483.85497,-80.517378,43.446247,At/near private drive,2,P.D. only,Left turn lane,unknown,unknown,Angle,Unknown,Daylight,01 - Daylight,Township,No control,unknown,0,0,0,False,False,False,Clear,,False,Road 1: 275 (50 km/h); Road 2: GAGE AVE; Distance: 10.0 M S; Charged Driver #1 on page 1: HTA 139 (NA) (NA); Vehicle #1     Make: HOND     Model: UCS     Colour: WHI     Style: 4D; Vehicle #2     Make: NISS     Model: VVL     Colour: GRY     Style: 4D,12/22/2022 9:36:46 AM,,
51922,22041592,1645628940000,2022,2,23,15,9,0,Wednesday,545124.03137,4807659.88218,-80.442576,43.420479,At/near private drive,2,P.D. only,Thru lane,unknown,unknown,Turning movement,Unknown,Daylight,01 - Daylight,Municipal (excl. Twp. Rd.),No control,unknown,2,0,0,False,False,False,Clear,,False,Road 1: 385 WILSON AVE (50 km/h); Road 2: FAIRWAY RD S; Distance: 50.0 M W; Charged Driver #1 on page 1: HTA 142 (NA) (NA); Vehicle #1     Make: HOND     Model: UEX     Colour: BLK     Style: 4D; Vehicle #2     Make: SUBA     Model: O6L     Colour: SIL   ,12/22/2022 9:36:58 AM,,
51923,22041758,1645641900000,2022,2,23,18,45,0,Wednesday,547749.49921,4810075.14841,-80.409933,43.442063,At/near private drive,2,P.D. only,Right shoulder,unknown,unknown,SMV unattended vehicle,Unknown,Dark,07 - Dark,Municipal (excl. Twp. Rd.),No control,unknown,0,0,0,False,False,False,Clear,,True,Road 1: TREMAINE DR (IFO 93); Vehicle #1     Make: GMC     Model: TER     Colour: BLK     Style: TY; Vehicle #2     Make: VOLK     Model: GTI     Colour: GRY     Style: 4B,12/22/2022 9:29:46 AM,,
51924,22042052,1645689360000,2022,2,24,7,56,0,Thursday,542872.78789,4807421.28685,-80.47040299999999,43.418462,Intersection related,1,Non-fatal injury,Within intersection,unknown,unknown,SMV other,Unknown,Daylight,01 - Daylight,Regional municipality,Traffic signal,Functioning,0,0,0,True,False,False,Clear,,False,Road 1: BLOCK LINE RD (50 km/h); Road 2: KINGSWOOD DR (50 km/h); Charged Driver #1 on page 1: HTA 142 (NA) (NA); Vehicle #1     Make: HOND     Model: CCL     Colour: BLU     Style: 4D,12/22/2022 9:36:59 AM,,
51925,22042188,1645697400000,2022,2,24,10,10,0,Thursday,541016.21307,4809676.61183,-80.493167,43.438873,Intersection related,2,P.D. only,Thru lane,unknown,unknown,Rear end,Unknown,Daylight,01 - Daylight,Regional municipality,Traffic signal,Functioning,0,0,0,False,False,False,Clear,,True,Road 1: HIGHLAND RD E; Road 2: SPADINA RD E; Vehicle #1     Make: TOYT     Model: VEN     Colour: BLK     Style: TY; Vehicle #2     Make: TOYT     Model: CBA     Colour: BRN     Style: 4D,12/22/2022 9:29:56 AM,,
51926,22042261,1643097600000,2022,1,25,8,0,0,Tuesday,539343.26317,4811553.4134,-80.51370399999999,43.455861999999996,Non intersection,2,P.D. only,Thru lane,unknown,unknown,Sideswipe,Unknown,Daylight,01 - Daylight,Municipal (excl. Twp. Rd.),No control,unknown,0,0,0,False,False,False,Clear,,True,Road 1: PARK ST; Road 2: MT HOPE ST; Vehicle #1     Make: KIA     Model: FNG     Colour: GRY     Style: 4D; Vehicle #2     Make: HOND     Model: CRV     Colour: SIL     Style: TY,4/22/2022 2:25:16 PM,,
51927,22042960,1645783200000,2022,2,25,10,0,0,Friday,538899.48741,4811470.66186,-80.519195,43.45514,At intersection,2,P.D. only,Within intersection,unknown,unknown,Turning movement,Unknown,Daylight,01 - Daylight,Regional municipality,Traffic signal,Functioning,0,0,0,False,False,False,Clear,,True,Road 1: UNION BLVD; Road 2: BELMONT AVE W; Vehicle #1     Make: MERZ     Model: GLE     Colour: WHI     Style: TY; Vehicle #2     Make:      Model:      Colour:      Style:,12/22/2022 9:30:10 AM,,
51928,22042990,1645785720000,2022,2,25,10,42,0,Friday,540932.08485,4810352.63304,-80.49415599999999,43.444964999999996,Intersection related,2,P.D. only,Not on roadway - right side,unknown,unknown,SMV other,Unknown,Daylight,01 - Daylight,Municipal (excl. Twp. Rd.),Stop sign,Functioning,0,0,0,False,False,False,Snow,,False,Road 1: MITCHELL ST (50 km/h); Road 2: QUEEN ST S (50 km/h); Vehicle #1     Make:      Model: TRAC     Colour:      Style:,12/22/2022 9:31:59 AM,,
51929,22043182,1643995800000,2022,2,4,17,30,0,Friday,541466.56265,4809536.79349,-80.487613,43.43759,Intersection related,2,Non-reportable,Thru lane,unknown,unknown,Rear end,Unknown,Dusk,05 - Dusk,Municipal (excl. Twp. Rd.),Traffic signal,Functioning,0,0,0,False,False,False,Clear,,True,Road 1: STIRLING AVENUE; Road 2: MILL ST; Vehicle #1     Make:      Model:      Colour:      Style: ; Vehicle #2     Make: HYUN     Model: ESM     Colour: GRY     Style: 4D,12/22/2022 9:28:51 AM,,
51930,22043215,1645802400000,2022,2,25,15,20,0,Friday,545306.09386,4811392.19005,-80.440017,43.454073,At/near private drive,2,Non-reportable,Thru lane,unknown,unknown,SMV other,Unknown,Daylight,01 - Daylight,Municipal (excl. Twp. Rd.),No control,unknown,0,0,0,False,False,False,Clear,,True,Road 1: 153  MONTCALM DR; Vehicle #1     Make: HOND     Model: CTU     Colour: BLU     Style: 4D,12/22/2022 9:36:21 AM,,
51931,22043663,1645859580000,2022,2,26,7,13,0,Saturday,541673.14061,4811383.95065,-80.48491899999999,43.454209999999996,Non intersection,2,P.D. only,Other,unknown,unknown,SMV other,Unknown,Dawn,03 - Dawn,Municipal (excl. Twp. Rd.),No control,unknown,0,0,0,False,False,False,Clear,,False,Road 1: OTTO ST (50 km/h); Road 2: QUEEN ST N; Distance: 50.0 K E; Vehicle #1     Make: MAZD     Model: MCX     Colour: WHI     Style: TY,1/3/2023 10:12:15 AM,,
51932,22043803,1643876400000,2022,2,3,8,20,0,Thursday,542325.68195,4803971.93834,-80.477429,43.387434999999996,At/near private drive,2,Non-reportable,Thru lane,unknown,unknown,Other,Unknown,Daylight,01 - Daylight,Municipal (excl. Twp. Rd.),No control,unknown,0,0,0,False,False,False,Clear,,True,Road 1: 210 MAITLAND ST; Vehicle #1     Make: TOYT     Model: UCS     Colour: BRN     Style: 4D; Vehicle #2     Make: HOND     Model: UEX     Colour: BLU     Style: 2D,4/22/2022 2:27:07 PM,,
51933,22043819,1643188800000,2022,1,26,9,20,0,Wednesday,545144.1592,4807066.66942,-80.442376,43.415136,Non intersection,2,Non-reportable,Thru lane,unknown,unknown,Sideswipe,Unknown,Daylight,01 - Daylight,Municipal (excl. Twp. Rd.),No control,unknown,0,0,0,False,False,False,Clear,,True,Road 1: WILSON AVE; Road 2: GOODRICH DR; Vehicle #1     Make: INTL     Model: PB1     Colour: YEL     Style: BU; Vehicle #2     Make:      Model:      Colour:      Style:,12/22/2022 9:28:31 AM,,
51934,22043831,1644569400000,2022,2,11,8,50,0,Friday,543027.26664,4807875.31372,-80.46846,43.422542,Non intersection,2,P.D. only,Thru lane,unknown,unknown,Rear end,Unknown,Daylight,01 - Daylight,Municipal (excl. Twp. Rd.),No control,unknown,0,0,0,False,False,False,Snow,,True,Road 1: LENNOX LEWIS WAY; Road 2: ACTIVA SPORTSPLEX (IN FRONT OF); Vehicle #1     Make: NISS     Model: SML     Colour: WHI     Style: 4D; Vehicle #2     Make: NISS     Model: SML     Colour: GRY     Style: 4D,4/22/2022 2:25:21 PM,,
51935,22043914,1645885140000,2022,2,26,14,19,0,Saturday,546063.19605,4809492.79666,-80.43082,43.436924999999995,At intersection,1,Non-fatal injury,Within intersection,unknown,unknown,Angle,Unknown,Daylight,01 - Daylight,Regional municipality,unknown,Functioning,0,0,0,False,False,False,Snow,,False,Road 1: RIVER RD E (60 km/h); Road 2: KINZIE AVE (50 km/h); Charged Driver #1 on page 1: NA NA (NA) (NA); Vehicle #1     Make: HYUN     Model: TUC     Colour: GRY     Style: TY; Vehicle #2     Make: FORD     Model: SPE     Colour: GRY     Style: TY; Vehic,1/3/2023 10:17:33 AM,,
51936,22044473,1643836500000,2022,2,2,21,15,0,Wednesday,541359.91949,4808642.13143,-80.488998,43.429539999999996,Intersection related,2,P.D. only,Thru lane,unknown,unknown,Approaching,Unknown,Dark,07 - Dark,Municipal (excl. Twp. Rd.),Stop sign,Functioning,0,0,0,False,False,False,Snow,,True,Road 1: HOMER WATSON BLVD; Road 2: HOFFMAN ST; Vehicle #1     Make: CADI     Model: CT     Colour: BLK     Style: 4D; Vehicle #2     Make: VOLV     Model: XC9     Colour: WHI     Style: TY,12/22/2022 9:34:37 AM,,
51937,22044480,1642944600000,2022,1,23,13,30,0,Sunday,547067.22414,4810447.75108,-80.41833199999999,43.445460999999995,At/near private drive,2,Non-reportable,Right shoulder,unknown,unknown,SMV unattended vehicle,Unknown,Daylight,01 - Daylight,Municipal (excl. Twp. Rd.),No control,unknown,0,0,0,False,False,False,Clear,,True,Road 1: 58 ROLLING ACRES DR IDLEWOOD; Vehicle #1     Make:      Model:      Colour:      Style: ; Vehicle #2     Make: HYUN     Model: SAN     Colour: GRY     Style: TY,4/22/2022 2:27:00 PM,,
51938,22045196,1643803800000,2022,2,2,12,10,0,Wednesday,543137.66624,4806539.78797,-80.467201,43.410509999999995,Intersection related,2,P.D. only,Thru lane,unknown,unknown,Rear end,Unknown,Daylight,01 - Daylight,Municipal (excl. Twp. Rd.),Stop sign,Functioning,0,0,0,False,False,False,Snow,,True,Road 1: CENTURY HILL DR; Road 2: COUNTRY HILL DR; Vehicle #1     Make: HOND     Model: CRV     Colour: GRN     Style: TY; Vehicle #2     Make: NISS     Model: SBL     Colour: GRY     Style: 4D,12/22/2022 9:28:59 AM,,
51939,22045283,1644304500000,2022,2,8,7,15,0,Tuesday,543532.00754,4804933.2582,-80.462459,43.396021999999995,Non intersection,2,P.D. only,Passing lane,unknown,unknown,Sideswipe,Unknown,Dawn,03 - Dawn,Regional municipality,No control,unknown,0,0,0,False,False,False,Clear,,True,Road 1: HURON RD; Road 2: BATTLER RD; Vehicle #1     Make: NISS     Model: ROG     Colour: SIL     Style: TY; Vehicle #2     Make: CHEV     Model: ML1     Colour: GRY     Style: 4D,12/22/2022 9:33:11 AM,,
51940,22045801,1646104020000,2022,3,1,3,7,0,Tuesday,536741.01306,4808244.54473,-80.54608999999999,43.426201,Non intersection,2,P.D. only,Thru lane,unknown,unknown,Approaching,Unknown,"Dark, artificial","08 - Dark, artificial",Municipal (excl. Twp. Rd.),No control,unknown,1,0,0,False,False,False,Clear,,False,Road 1: WESTHEIGHTS DR (50 km/h); Road 2: MICHELLE CRT; Distance: 10.0 M W; Charged Driver #1 on page 1: HTA 130 (NA) (NA); Vehicle #1     Make: NISS     Model: FRT     Colour: ONG     Style: PK; Vehicle #2     Make: MAZD     Model: 3TR     Colour: BLU   ,1/3/2023 10:11:00 AM,,
51941,22045952,1644607200000,2022,2,11,19,20,0,Friday,538650.0182,4809546.22469,-80.522414,43.437825,At/near private drive,2,Non-reportable,Off highway,unknown,unknown,SMV unattended vehicle,Unknown,Dark,07 - Dark,Municipal (excl. Twp. Rd.),No control,unknown,0,0,0,False,False,False,Snow,,True,Road 1: VICMOUNT DR; Road 2: IN FRONT OF 67; Vehicle #1     Make:      Model:      Colour:      Style: ; Vehicle #2     Make: CHEV     Model: CZT     Colour: GRY     Style: 4D,12/22/2022 9:31:53 AM,,
51942,22046053,1643910300000,2022,2,3,17,45,0,Thursday,545760.62317,4803959.8964,-80.43502199999999,43.387125,At intersection,2,P.D. only,Thru lane,unknown,unknown,Rear end,Unknown,Dusk,05 - Dusk,Municipal (excl. Twp. Rd.),Stop sign,Functioning,0,0,0,False,False,False,Snow,,True,Road 1: DOON MILLS DR; Road 2: APPLE RIDGE DR; Vehicle #1     Make: SUBA     Model: FOR     Colour: BLK     Style: TY; Vehicle #2     Make: HYUN     Model: ASE     Colour: GRY     Style: 4D,12/22/2022 9:27:33 AM,,
51943,22046069,1643875200000,2022,2,3,8,0,0,Thursday,541590.69501,4811341.16321,-80.485942,43.453829,Non intersection,2,Non-reportable,Within intersection,unknown,unknown,Sideswipe,Unknown,Daylight,01 - Daylight,Municipal (excl. Twp. Rd.),No control,unknown,0,0,0,False,False,False,Drifting Snow,,True,Road 1: QUEEN ST N; Road 2: PARK STREET; Vehicle #1     Make: NISS     Model: A2S     Colour: WHI     Style: 4D; Vehicle #2     Make:      Model:      Colour:      Style:,12/22/2022 9:27:48 AM,,
51944,22046203,1646141400000,2022,3,1,13,30,0,Tuesday,539046.94326,4808373.19794,-80.517594,43.427243,Non intersection,2,P.D. only,Thru lane,unknown,unknown,Angle,Unknown,Daylight,01 - Daylight,Municipal (excl. Twp. Rd.),No control,unknown,0,0,0,False,False,False,Clear,,True,Road 1: 499 FOREST HILL DR; Vehicle #1     Make: CHEV     Model: SIL     Colour: WHI     Style: PK; Vehicle #2     Make: TOYT     Model: MTL     Colour: RED     Style: 4D,1/3/2023 10:10:51 AM,,
51945,22046762,1644399900000,2022,2,9,9,45,0,Wednesday,546766.97074,4802792.66334,-80.422697,43.376553,At/near private drive,2,P.D. only,Thru lane,unknown,unknown,Other,Unknown,Daylight,01 - Daylight,Municipal (excl. Twp. Rd.),No control,unknown,0,0,0,False,False,False,Clear,,True,Road 1: THOMAS SLEE DR (IFO 629); Vehicle #1     Make: RAM     Model: RTR     Colour: BLK     Style: PK; Vehicle #2     Make: DODG     Model: CAR     Colour: BLK     Style: VN,12/22/2022 9:34:24 AM,,
51946,22046814,1643847300000,2022,2,3,0,15,0,Thursday,545567.45297,4813478.06574,-80.436612,43.472837999999996,At/near private drive,2,P.D. only,Thru lane,unknown,unknown,Other,Unknown,Dark,07 - Dark,Municipal (excl. Twp. Rd.),No control,unknown,0,0,0,False,False,False,Snow,,True,Road 1: FORWELL RD; Road 2: VICTORIA ST N; Vehicle #1     Make: CHEV     Model: SIL     Colour: BLU     Style: PK; Vehicle #2     Make: HOND     Model: UDY     Colour: SIL     Style: VN,12/22/2022 9:27:30 AM,,
51947,22046862,1644826200000,2022,2,14,8,10,0,Monday,542326.49223,4804131.47175,-80.477406,43.388872,At/near private drive,2,Non-reportable,Thru lane,unknown,unknown,SMV unattended vehicle,Unknown,Daylight,01 - Daylight,Municipal (excl. Twp. Rd.),No control,unknown,0,0,0,False,False,False,Clear,,True,Road 1: 179 PARKVALE DR; Vehicle #1     Make: FORD     Model: SPE     Colour: BLU     Style: TY; Vehicle #2     Make: VOLK     Model: PTE     Colour: BLU     Style: 4D,12/22/2022 9:32:06 AM,,
51948,22046921,1645198200000,2022,2,18,15,30,0,Friday,545106.54091,4813584.26339,-80.442302,43.473822,Non intersection,2,P.D. only,Thru lane,unknown,unknown,Sideswipe,Unknown,Daylight,01 - Daylight,Municipal (excl. Twp. Rd.),No control,unknown,0,0,0,False,False,False,Clear,,True,Road 1: SHIRLEY DR; Road 2: BINGEMANS CENTRE DR; Vehicle #1     Make: NISS     Model: ROG     Colour: BLU     Style: TY; Vehicle #2     Make: GMC     Model: SAV     Colour: WHI     Style: FV,12/22/2022 9:29:32 AM,,
51949,22047045,1643389200000,2022,1,28,17,0,0,Friday,543484.8487,4804785.08394,-80.463053,43.394690999999995,Non intersection,2,Non-reportable,Thru lane,unknown,unknown,SMV unattended vehicle,Unknown,Dusk,05 - Dusk,Municipal (excl. Twp. Rd.),No control,unknown,0,0,0,False,False,False,Clear,,True,Road 1: 513 NORTHBROOK PL; Vehicle #1     Make:      Model:      Colour:      Style: ; Vehicle #2     Make: VOLK     Model: JSA     Colour: BLU     Style: 4D,12/22/2022 9:31:21 AM,,
51950,22047189,1646240400000,2022,3,2,17,0,0,Wednesday,544662.54819,4810078.05247,-80.44807899999999,43.442279,At/near private drive,2,Non-reportable,Thru lane,unknown,unknown,SMV unattended vehicle,Unknown,Daylight,01 - Daylight,Municipal (excl. Twp. Rd.),No control,unknown,0,0,0,False,False,False,Snow,,True,Road 1: ROSS AVE KITCHENER; Road 2: IN FRONT OF 309; Vehicle #1     Make:      Model:      Colour:      Style: ; Vehicle #2     Make: VOLK     Model: TIG     Colour: GRY     Style: TY,12/22/2022 9:31:30 AM,,
51951,22047219,1646244780000,2022,3,2,18,13,0,Wednesday,543257.89334,4804340.11679,-80.46589,43.390696999999996,At intersection,1,Non-fatal injury,Left turn lane,unknown,unknown,Angle,Unknown,Dusk,05 - Dusk,Municipal (excl. Twp. Rd.),Stop sign,Functioning,0,0,0,False,False,False,Clear,,False,Road 1: STRASBURG RD (60 km/h); Road 2: TEMPLEWOOD DR (50 km/h); Charged Driver #1 on page 1: HTA 136 (NA) (NA); Vehicle #1     Make: RAM     Model: RTR     Colour:      Style: PK; Vehicle #2     Make: TOYT     Model: RV4     Colour: BLK     Style: TY,12/22/2022 9:36:43 AM,,
51952,22047739,1643211000000,2022,1,26,15,30,0,Wednesday,545147.09688,4810116.53541,-80.442088,43.442597,At/near private drive,2,Non-reportable,Off highway,unknown,unknown,SMV unattended vehicle,Unknown,Daylight,01 - Daylight,Municipal (excl. Twp. Rd.),No control,unknown,0,0,0,False,False,False,Clear,,True,Road 1: RENNIE DR (IFO 16); Vehicle #1     Make:      Model:      Colour:      Style: ; Vehicle #2     Make: CHEV     Model: CZT     Colour: BLU     Style: 4D,12/22/2022 9:31:38 AM,,
51953,22047846,1643132700000,2022,1,25,17,45,0,Tuesday,544015.30253,4804780.35768,-80.456503,43.394617,Non intersection,2,Non-reportable,Thru lane,unknown,unknown,Other,Unknown,Dark,07 - Dark,Municipal (excl. Twp. Rd.),No control,unknown,0,0,0,False,False,False,Clear,,True,Road 1: 75 MAXWELL DR (IFO); Vehicle #1     Make: HOND     Model: PIL     Colour: BLK     Style: TY; Vehicle #2     Make:      Model:      Colour:      Style:,12/22/2022 9:32:30 AM,,
51954,22048408,1646381460000,2022,3,4,8,11,0,Friday,538257.31132,4810376.35968,-80.527209,43.445319999999995,Non intersection,2,P.D. only,Right shoulder,unknown,unknown,SMV unattended vehicle,Unknown,Daylight,01 - Daylight,Municipal (excl. Twp. Rd.),No control,unknown,0,0,0,False,False,False,Clear,,False,Road 1: 88 WESTWOOD DR (50 km/h); Road 2: WESTWOOD DR; Distance: 10.0 M S; Charged Driver #1 on page 1: HTA 130 (NA) (NA); Vehicle #1     Make: FORD     Model: SPE     Colour: WHI     Style: TY; Vehicle #2     Make:      Model:      Colour:      Style:,12/22/2022 9:36:31 AM,,
51955,22048449,1643889600000,2022,2,3,12,0,0,Thursday,545760.38213,4803959.95471,-80.435025,43.387125999999995,At intersection,2,P.D. only,Within intersection,unknown,unknown,Rear end,Unknown,Daylight,01 - Daylight,Municipal (excl. Twp. Rd.),Stop sign,Functioning,0,0,0,False,False,False,Snow,,True,Road 1: DOON MILLS DR; Road 2: APPLE RIDGE DR; Vehicle #1     Make: CHEV     Model: CZT     Colour: WHI     Style: 4D; Vehicle #2     Make: VOLK     Model: JWE     Colour: WHI     Style: 4D,12/22/2022 9:28:49 AM,,
51956,22048514,1643271000000,2022,1,27,8,10,0,Thursday,540216.62103,4805819.73526,-80.503331,43.404188999999995,Intersection related,2,P.D. only,Within intersection,unknown,unknown,Sideswipe,Unknown,Daylight,01 - Daylight,Municipal (excl. Twp. Rd.),Stop sign,Functioning,0,0,0,False,False,False,Clear,,True,Road 1: MAX BECKER ROAD; Road 2: COMMONWEALTH DR; Vehicle #1     Make: FORD     Model: RNG     Colour: WHI     Style: PK; Vehicle #2     Make: VOLK     Model: GTD     Colour: WHI     Style: 4B,12/22/2022 9:28:14 AM,,
51957,22048574,1640516400000,2021,12,26,11,0,0,Sunday,544814.95411,4808407.64788,-80.446332,43.42723,Non intersection,2,Non-reportable,Right shoulder,unknown,unknown,SMV unattended vehicle,Unknown,Daylight,01 - Daylight,Municipal (excl. Twp. Rd.),No control,unknown,0,0,0,False,False,False,Snow,,True,Road 1: 39 MUNROE ST; Vehicle #1     Make:      Model:      Colour:      Style: ; Vehicle #2     Make: AUDI     Model: 4QP     Colour: BLK     Style: 4D,12/22/2022 9:28:27 AM,,
51958,22049547,1646493660000,2022,3,5,15,21,0,Saturday,542398.4386,4811081.19758,-80.475979,43.451443,At intersection,2,P.D. only,Within intersection,unknown,unknown,Turning movement,Unknown,Daylight,01 - Daylight,Regional municipality,Stop sign,Functioning,0,0,0,False,False,False,Clear,,False,Road 1: KRUG ST (50 km/h); Road 2: SIMEON ST (50 km/h); Charged Driver #1 on page 1: HTA 142SUBSE (NA) (NA); Vehicle #1     Make: ACUR     Model: 2TL     Colour: SIL     Style: 4D; Vehicle #2     Make: CHEV     Model: CXT     Colour: BLK     Style: 4D,12/22/2022 9:37:01 AM,,
51959,22050228,1646566200000,2022,3,6,11,30,0,Sunday,542629.70044,4810097.32604,-80.473197,43.442571,Non intersection,2,Non-reportable,Thru lane,unknown,unknown,Sideswipe,Unknown,Daylight,01 - Daylight,Regional municipality,No control,unknown,0,0,0,False,False,False,Clear,,True,Road 1: KING ST E; Road 2: BORDEN AVE N; Vehicle #1     Make: CHEV     Model: SIL     Colour: BLK     Style: PK; Vehicle #2     Make:      Model:      Colour:      Style:,12/22/2022 9:34:36 AM,,
51960,22050261,1646572500000,2022,3,6,13,15,0,Sunday,542186.80558,4803583.01731,-80.479173,43.383941,Non intersection,2,P.D. only,Within intersection,unknown,unknown,Angle,Unknown,Daylight,01 - Daylight,Municipal (excl. Twp. Rd.),No control,unknown,0,0,0,False,False,False,Clear,,True,Road 1: SPACHMAN ST; Road 2: HURON RD; Vehicle #1     Make: HYUN     Model: SFT     Colour: WHI     Style: TY; Vehicle #2     Make: LNDR     Model: RSP     Colour: WHI     Style: TY,12/22/2022 9:30:11 AM,,