OBJECTID,ACCIDENTNUM,ACCIDENTDATE,ACCIDENT_YEAR,ACCIDENT_MONTH,ACCIDENT_DAY,ACCIDENT_HOUR,ACCIDENT_MINUTE,ACCIDENT_SECOND,ACCIDENT_WEEKDAY,XCOORD,YCOORD,LONGITUDE,LATITUDE,ACCIDENTLOCATION,COLLISIONTYPE,CLASSIFICATIONOFACCIDENT,IMPACTLOCATION,INITIALDIRECTIONOFTRAVELONE,INITIALDIRECTIONOFTRAVELTWO,INITIALIMPACTTYPE,INTTRAFFICCONTROL,LIGHT,LIGHTFORREPORT,ROADJURISDICTION,TRAFFICCONTROL,TRAFFICCONTROLCONDITION,THRULANENO,NORTHBOUNDDISOBEYCOUNT,SOUTHBOUNDDISOBEYCOUNT,PEDESTRIANINVOLVED,CYCLISTINVOLVED,MOTORCYCLISTINVOLVED,ENVIRONMENTCONDITION1,ENVIRONMENTCONDITION2,SELFREPORTED,XMLIMPORTNOTES,LASTEDITEDDATE,CREATE_BY,CREATE_DATE
52011,22061285,1647700080000,2022,3,19,14,28,0,Saturday,538217.80013,4808355.66083,-80.527838,43.427127,Intersection related,2,P.D. only,Thru lane,unknown,unknown,Rear end,Unknown,Daylight,01 - Daylight,Municipal (excl. Twp. Rd.),unknown,Functioning,1,0,0,False,False,False,Rain,,False,Road 1: QUEEN'S BLVD (50 km/h); Road 2: ELM RIDGE DR (50 km/h); Distance: 5.0 M E; Charged Driver #1 on page 1: HTA 130 (NA) (NA); Vehicle #1     Make: MITS     Model: COT     Colour: GRY     Style: TY; Vehicle #2     Make: JEEP     Model: GCK     Colour:,1/3/2023 10:16:17 AM,,
52012,22061480,1647714600000,2022,3,19,18,30,0,Saturday,541123.28661,4810936.05793,-80.491749,43.450207999999996,At/near private drive,2,P.D. only,Thru lane,unknown,unknown,Rear end,Unknown,Dark,07 - Dark,Municipal (excl. Twp. Rd.),No control,unknown,0,0,0,False,False,False,Rain,,True,Road 1: HALLS LANE; Road 2: ONTARIO ST S; Vehicle #1     Make: HYUN     Model: EGM     Colour: WHI     Style: 4D; Vehicle #2     Make: HOND     Model: CTU     Colour: BLU     Style: 4D,1/3/2023 10:21:01 AM,,
52013,22061686,1647731700000,2022,3,19,23,15,0,Saturday,542686.68276,4806922.33983,-80.472741,43.413979999999995,Non intersection,2,P.D. only,Right shoulder,unknown,unknown,SMV other,Unknown,Dark,07 - Dark,Municipal (excl. Twp. Rd.),No control,unknown,0,0,0,False,False,False,Clear,,False,Road 1: 162 COUNTRY HILL DR (50 km/h); Road 2: COUNTRY HILL DR; Distance: 1.0 M E; Vehicle #1     Make: VOLK     Model: PSP     Colour: GRY     Style: 4D,1/3/2023 10:10:41 AM,,
52014,22061899,1647758460000,2022,3,20,6,41,0,Sunday,545907.82029,4809345.28727,-80.432752,43.435606,At intersection,1,Non-fatal injury,Within intersection,unknown,unknown,SMV other,Unknown,"Daylight, artificial","02 - Daylight, artificial",Municipal (excl. Twp. Rd.),Stop sign,Functioning,0,0,0,True,False,False,Clear,,False,Road 1: KINZIE AVE (50 km/h); Road 2: THALER AVE (50 km/h); Charged Driver #1 on page 1: HTA 142 (NA) (NA); Vehicle #1     Make: HOND     Model: CCL     Colour: WHI     Style: 4D,12/22/2022 9:36:42 AM,,
52015,22062018,1645089000000,2022,2,17,9,10,0,Thursday,545386.44242,4802337.35385,-80.439776,43.372538,At/near private drive,2,Non-reportable,Thru lane,unknown,unknown,Sideswipe,Unknown,Daylight,01 - Daylight,Municipal (excl. Twp. Rd.),No control,unknown,0,0,0,False,False,False,Rain,,True,Road 1: MEADOWRIDGE ST; Road 2: THOMAS SLEE DR; Vehicle #1     Make:      Model:      Colour:      Style: ; Vehicle #2     Make: FORD     Model: SPE     Colour: WHI     Style: TY,12/22/2022 9:32:44 AM,,
52016,22062402,1647810000000,2022,3,20,21,0,0,Sunday,541225.19569,4811867.64766,-80.490419,43.45859,At intersection,2,P.D. only,Thru lane,unknown,unknown,Angle,Unknown,Dark,07 - Dark,Municipal (excl. Twp. Rd.),unknown,Functioning,0,0,0,False,False,False,Clear,,True,Road 1: MARGARET AVE; Road 2: WELLINGTON ST N; Vehicle #1     Make: FORD     Model: COF     Colour: RED     Style: PK; Vehicle #2     Make: MERZ     Model: ZFG     Colour: WHI     Style: 4D,1/3/2023 10:18:45 AM,,
52017,22062718,1637567100000,2021,11,22,7,45,0,Monday,545927.79362,4802981.59068,-80.43303999999999,43.378305999999995,At intersection,2,P.D. only,Within intersection,unknown,unknown,Angle,Unknown,Daylight,01 - Daylight,Municipal (excl. Twp. Rd.),unknown,Functioning,0,0,0,False,False,False,Clear,,True,Road 1: DOON S DR; Road 2: ROBERT FERRIE DR; Vehicle #1     Make: ACUR     Model: MDX     Colour: GRY     Style: TY; Vehicle #2     Make: MAZD     Model: CX5     Colour: GRY     Style: TY,8/16/2022 2:56:33 PM,,
52018,22062765,1639071000000,2021,12,9,17,30,0,Thursday,541376.5136,4812595.0687,-80.488494,43.465131,At/near private drive,2,P.D. only,Thru lane,unknown,unknown,SMV unattended vehicle,Unknown,Dark,07 - Dark,Municipal (excl. Twp. Rd.),No control,unknown,0,0,0,False,False,False,Snow,,True,Road 1: GUELPH ST; Vehicle #1     Make: FORD     Model: SPE     Colour: YEL     Style: TY; Vehicle #2     Make: VW     Model: RAB     Colour: GRY     Style: 4D,8/16/2022 2:58:49 PM,,
52019,22062868,1642422600000,2022,1,17,12,30,0,Monday,543997.59113,4809274.44908,-80.45635999999999,43.435083,Non intersection,2,Non-reportable,Thru lane,unknown,unknown,SMV other,Unknown,Daylight,01 - Daylight,Municipal (excl. Twp. Rd.),No control,unknown,0,0,0,False,False,False,Snow,,True,Road 1: FIRST AVENUE; Vehicle #1     Make: MITS     Model: COT     Colour: GRY     Style: TY,12/22/2022 9:33:30 AM,,
52020,22062895,1642410000000,2022,1,17,9,0,0,Monday,539830.93726,4805568.06146,-80.508113,43.401944,Non intersection,2,Non-reportable,Thru lane,unknown,unknown,SMV unattended vehicle,Unknown,Daylight,01 - Daylight,Municipal (excl. Twp. Rd.),No control,unknown,0,0,0,False,False,False,Snow,,True,Road 1: COPPER LEAF CRESCENT (IFO 12); Vehicle #1     Make: FORD     Model: DRW     Colour: WHI     Style: CB; Vehicle #2     Make: NISS     Model: JUK     Colour: SIL     Style: TY,12/22/2022 9:33:13 AM,,
52021,22063466,1645282200000,2022,2,19,14,50,0,Saturday,545223.65649,4806418.12488,-80.441448,43.409292,Non intersection,2,P.D. only,Right shoulder,unknown,unknown,SMV other,Unknown,"Daylight, artificial","02 - Daylight, artificial",Municipal (excl. Twp. Rd.),No control,unknown,0,0,0,False,False,False,Clear,,True,Road 1: WABANAKI DR; Road 2: WILSON AVE; Vehicle #1     Make: TOYT     Model: CTR     Colour: RED     Style: 4B,12/22/2022 9:29:45 AM,,
52022,22063547,1647431700000,2022,3,16,11,55,0,Wednesday,538265.93335,4807547.35379,-80.5273,43.419847,Non intersection,2,P.D. only,Thru lane,unknown,unknown,Rear end,Unknown,Daylight,01 - Daylight,Municipal (excl. Twp. Rd.),No control,unknown,0,0,0,False,False,False,Clear,,True,Road 1: 196 MCGARRY DR; Vehicle #1     Make: TOYT     Model: RV4     Colour: GRY     Style: TY; Vehicle #2     Make: BUIC     Model: UXL     Colour: RED     Style: 4D,12/22/2022 9:30:50 AM,,
52023,22063718,1647352800000,2022,3,15,14,0,0,Tuesday,540837.62725,4805918.48846,-80.495655,43.405045,At intersection,2,P.D. only,Within intersection,unknown,unknown,Sideswipe,Unknown,Daylight,01 - Daylight,Municipal (excl. Twp. Rd.),Stop sign,Functioning,0,0,0,False,False,False,Snow,,True,Road 1: ERINBROOK COURT; Road 2: ERINBROOK DRIVE; Vehicle #1     Make: CHEV     Model: AVT     Colour: RED     Style: 4D; Vehicle #2     Make: FORD     Model: TST     Colour: WHI     Style: FV,12/22/2022 9:30:48 AM,,
52024,22063765,1647963240000,2022,3,22,15,34,0,Tuesday,541964.03397,4815299.39584,-80.481022,43.489447999999996,At/near private drive,2,P.D. only,Not on roadway - right side,unknown,unknown,SMV other,Unknown,Daylight,01 - Daylight,Municipal (excl. Twp. Rd.),No control,unknown,0,0,0,False,False,False,Clear,,False,Road 1: 192 WOOLWICH ST (50 km/h); Road 2: WOOLWICH ST; Distance: 1.0 M N; Vehicle #1     Make: NISS     Model: NV2     Colour: WHI     Style: VN,1/3/2023 10:22:47 AM,,
52025,22064378,1647258600000,2022,3,14,11,50,0,Monday,546277.08494,4803497.15143,-80.428685,43.382926999999995,Intersection related,2,Non-reportable,Thru lane,unknown,unknown,SMV other,Unknown,Daylight,01 - Daylight,Municipal (excl. Twp. Rd.),unknown,unknown,0,0,0,False,False,False,Freezing Rain,,True,Road 1: DOON MILLS DR; Road 2: WOODSMERE DR; Vehicle #1     Make: TOYT     Model: SIE     Colour: GRY     Style: VN,1/3/2023 10:15:39 AM,,
52026,22064680,1648062000000,2022,3,23,19,0,0,Wednesday,540395.58966,4805918.88332,-80.501114,43.405072,Non intersection,2,P.D. only,Left shoulder,unknown,unknown,SMV other,Unknown,Dark,07 - Dark,Municipal (excl. Twp. Rd.),No control,unknown,0,0,0,False,False,False,Rain,,False,Road 1: 325-103 MAX BECKER DR (50 km/h); Road 2: MAX BECKER DR; Distance: 10.0 M N; Vehicle #1     Make: TOYT     Model: CTR     Colour: BLU     Style: 4B,1/3/2023 10:13:16 AM,,
52027,22065053,1648109400000,2022,3,24,8,10,0,Thursday,545349.73106,4812158.89333,-80.439414,43.460974,Intersection related,2,P.D. only,Within intersection,unknown,unknown,Angle,Unknown,Daylight,01 - Daylight,Municipal (excl. Twp. Rd.),Stop sign,Functioning,0,0,0,False,False,False,Clear,,True,Road 1: HERITAGE DR; Road 2: LORRAINE AVE; Vehicle #1     Make: TOYT     Model: C5T     Colour: BLU     Style: 4D; Vehicle #2     Make: VOLK     Model: BEL     Colour: RED     Style: 2B,12/22/2022 9:27:06 AM,,
52028,22065169,1645456500000,2022,2,21,15,15,0,Monday,536653.83829,4807821.21827,-80.547196,43.422393,At/near private drive,2,Non-reportable,Thru lane,unknown,unknown,SMV unattended vehicle,Unknown,Daylight,01 - Daylight,Municipal (excl. Twp. Rd.),No control,unknown,0,0,0,False,False,False,Clear,,True,Road 1: 63 BURNABY CRESCENT; Vehicle #1     Make: DODG     Model: JOU     Colour: BLK     Style: TY; Vehicle #2     Make: HYUN     Model: ESM     Colour: BLK     Style: 4D,12/22/2022 9:33:14 AM,,
52029,22066107,1648220400000,2022,3,25,15,0,0,Friday,547604.40492,4805821.3059,-80.412097,43.403771,At intersection,2,P.D. only,Within intersection,unknown,unknown,Angle,Unknown,Daylight,01 - Daylight,Municipal (excl. Twp. Rd.),unknown,Functioning,0,0,0,False,False,False,Clear,,False,Road 1: DEER RIDGE DR (40 km/h); Road 2: TERRACE WOOD CRESCENT (40 km/h); Charged Driver #1 on page 1: HTA 136 (NA) (NA); Vehicle #1     Make: MERZ     Model: CSP     Colour: WHI     Style: FV; Vehicle #2     Make: CADI     Model: XT5     Colour: BLK     ,1/3/2023 10:19:01 AM,,
52030,22067445,1648376100000,2022,3,27,10,15,0,Sunday,547627.14867,4805831.72526,-80.41181499999999,43.403863,Non intersection,2,Non-reportable,Thru lane,unknown,unknown,Approaching,Unknown,Daylight,01 - Daylight,Municipal (excl. Twp. Rd.),No control,unknown,0,0,0,False,False,False,Snow,,True,Road 1: 491 DEER RIDGE DR; Vehicle #1     Make: HOND     Model: PIL     Colour: WHI     Style: TY; Vehicle #2     Make: DODG     Model: CAR     Colour: WHI     Style: VN,1/3/2023 10:12:27 AM,,
52031,22068253,1648470420000,2022,3,28,12,27,0,Monday,543093.93493,4807455.14923,-80.467669,43.418755,Non intersection,2,P.D. only,Thru lane,unknown,unknown,Sideswipe,Unknown,Daylight,01 - Daylight,Municipal (excl. Twp. Rd.),No control,unknown,2,0,0,False,False,False,Clear,,False,Road 1: BLOCK LINE RD (50 km/h); Road 2: FALLOWFIELD DR; Distance: 1.0 M N; Vehicle #1     Make: MAZD     Model: 3TR     Colour: WHI     Style: 4D; Vehicle #2     Make: NOVB     Model: YLD     Colour: WHI     Style: BU,1/3/2023 10:12:56 AM,,
52032,22068613,1648500660000,2022,3,28,20,51,0,Monday,539390.8407000001,4810417.0089,-80.513198,43.445626999999995,Non intersection,2,P.D. only,Thru lane,unknown,unknown,Turning movement,Unknown,Dark,07 - Dark,Municipal (excl. Twp. Rd.),No control,unknown,2,0,0,False,False,False,Clear,,False,Road 1: 427  BELMONT AVE W (50 km/h); Road 2: BELMONT AVE W; Distance: 5.0 M S; Charged Driver #1 on page 1: HTA 142 (NA) (NA); Vehicle #1     Make: NISS     Model: ROG     Colour: BLK     Style: TY; Vehicle #2     Make: TOYT     Model: YAR     Colour: BL,12/22/2022 9:36:53 AM,,
52033,22068906,1636530300000,2021,11,10,7,45,0,Wednesday,539413.05347,4806499.74055,-80.513206,43.410354999999996,Non intersection,2,P.D. only,Thru lane,unknown,unknown,SMV unattended vehicle,Unknown,Daylight,01 - Daylight,Municipal (excl. Twp. Rd.),No control,unknown,0,0,0,False,False,False,Clear,,True,Road 1: 169 WILDERNESS DR; Vehicle #1     Make:      Model:      Colour:      Style: ; Vehicle #2     Make: TOYT     Model: C4E     Colour: BLU     Style: 4D,8/16/2022 3:06:21 PM,,
52034,22068952,1647792000000,2022,3,20,16,0,0,Sunday,543138.96418,4812133.67208,-80.466743,43.460876999999996,At/near private drive,2,Non-reportable,Thru lane,unknown,unknown,SMV unattended vehicle,Unknown,Daylight,01 - Daylight,Regional municipality,No control,unknown,0,0,0,False,False,False,Clear,,True,Road 1: ETHEL ST; Road 2: FREDERICK ST; Vehicle #1     Make:      Model:      Colour:      Style: ; Vehicle #2     Make: HYUN     Model: VTO     Colour: RED     Style: 4D,1/3/2023 10:21:36 AM,,
52035,22069017,1646991600000,2022,3,11,9,40,0,Friday,540470.37786,4810647.79164,-80.49983999999999,43.447648,At/near private drive,2,Non-reportable,Thru lane,unknown,unknown,Other,Unknown,Daylight,01 - Daylight,Municipal (excl. Twp. Rd.),No control,unknown,0,0,0,False,False,False,Snow,,True,Road 1: 9 THERESA ST; Vehicle #1     Make: HOND     Model: CTU     Colour: WHI     Style: 4D; Vehicle #2     Make: TOYT     Model: MTL     Colour: SIL     Style: 4D,12/22/2022 9:33:31 AM,,
52036,22069129,1646739900000,2022,3,8,11,45,0,Tuesday,539497.86469,4808136.78985,-80.51204,43.42509,At intersection,2,P.D. only,Thru lane,unknown,unknown,Rear end,Unknown,Daylight,01 - Daylight,Municipal (excl. Twp. Rd.),Traffic signal,Functioning,0,0,0,False,False,False,Clear,,True,Road 1: STONYBROOK DR; Road 2: GREENBROOK DR; Vehicle #1     Make: LINC     Model: MKX     Colour: BLK     Style: TY; Vehicle #2     Make: VOLK     Model: PTE     Colour: GRN     Style: 4D,12/22/2022 9:31:31 AM,,
52037,22071459,1638815400000,2021,12,6,18,30,0,Monday,541084.02289,4810773.51648,-80.49224699999999,43.448746,At intersection,2,Non-reportable,Within intersection,unknown,unknown,Angle,Unknown,Dark,07 - Dark,Municipal (excl. Twp. Rd.),unknown,Functioning,0,0,0,False,False,False,Snow,,True,Road 1: JOSEPH ST; Road 2: DAVID ST; Vehicle #1     Make: CHEV     Model: EQU     Colour: GRY     Style: TY; Vehicle #2     Make:      Model:      Colour:      Style:,8/16/2022 2:56:10 PM,,
52038,22071582,1648814400000,2022,4,1,12,0,0,Friday,545125.93126,4812050.99086,-80.442189,43.460015999999996,Intersection related,2,P.D. only,Thru lane,unknown,unknown,Sideswipe,Unknown,Daylight,01 - Daylight,Municipal (excl. Twp. Rd.),unknown,unknown,0,0,0,False,False,False,Clear,,True,Road 1: LORRAINE AVE; Road 2: CONFEDERATION DR; Vehicle #1     Make: PONT     Model: G5     Colour: GRY     Style: 4D; Vehicle #2     Make: HOND     Model: CTU     Colour: BLU     Style: 4D,12/22/2022 9:29:23 AM,,
52039,22071606,1646770500000,2022,3,8,20,15,0,Tuesday,546389.87802,4808801.16459,-80.426842,43.430676999999996,Non intersection,2,P.D. only,Thru lane,unknown,unknown,SMV unattended vehicle,Unknown,Dark,07 - Dark,Municipal (excl. Twp. Rd.),No control,unknown,0,0,0,False,False,False,Clear,,True,Road 1: 342 SOUTHILL DR (IFO); Vehicle #1     Make: HYUN     Model: SFT     Colour: BLK     Style: TY; Vehicle #2     Make: MAZD     Model: CX5     Colour: GRY     Style: TY,12/22/2022 9:30:27 AM,,
52040,22071617,1648078200000,2022,3,23,23,30,0,Wednesday,546909.30781,4809848.63182,-80.420335,43.440076,Non intersection,2,Non-reportable,Thru lane,unknown,unknown,SMV unattended vehicle,Unknown,Dark,07 - Dark,Municipal (excl. Twp. Rd.),No control,unknown,0,0,0,False,False,False,Rain,,True,Road 1: 518 BEAUMONT CRESCENT (IFO); Vehicle #1     Make:      Model:      Colour:      Style: ; Vehicle #2     Make: NISS     Model: SML     Colour: BLU     Style: 4D,12/22/2022 9:31:08 AM,,
52041,22071998,1648848000000,2022,4,1,21,20,0,Friday,541142.31719,4806766.10955,-80.491828,43.412659999999995,At intersection,2,P.D. only,Within intersection,unknown,unknown,Turning movement,Unknown,Dark,07 - Dark,Municipal (excl. Twp. Rd.),Stop sign,Functioning,0,0,0,False,False,False,Clear,,True,Road 1: LAURENTIAN DR; Road 2: BLOCK LINE RD; Vehicle #1     Make: HOND     Model: UCL     Colour: BLU     Style: 4D; Vehicle #2     Make: HOND     Model: UAX     Colour: BLK     Style: 4D,12/22/2022 9:29:24 AM,,
52042,22072824,1648931280000,2022,4,2,20,28,0,Saturday,541627.10783,4812053.96728,-80.48543699999999,43.460245,Non intersection,2,P.D. only,Thru lane,unknown,unknown,SMV unattended vehicle,Unknown,Dark,07 - Dark,Municipal (excl. Twp. Rd.),No control,unknown,1,0,0,False,False,False,Clear,,False,Road 1: 372  WELLINGTON ST N (50 km/h); Road 2: WELLINGTON ST N; Distance: 3.0 M E; Charged Driver #1 on page 1: HTA 130 (NA) (NA); Vehicle #1     Make: DODG     Model: CXT     Colour: BLK     Style: 4D; Vehicle #2     Make: TOYT     Model: MTL     Colour,12/22/2022 9:36:33 AM,,
52043,22074034,1646238600000,2022,3,2,16,30,0,Wednesday,542448.0571,4807282.31077,-80.475661,43.417235,At intersection,2,Non-reportable,Within intersection,unknown,unknown,Turning movement,Unknown,Daylight,01 - Daylight,Municipal (excl. Twp. Rd.),unknown,unknown,0,0,0,False,False,False,Snow,,True,Road 1: BLOCK LINE RD; Road 2: COUNTRY HILLS DRIVE; Vehicle #1     Make: TOYT     Model: RV4     Colour: GRY     Style: TY; Vehicle #2     Make: FORD     Model: FSE     Colour: BLK     Style: 4D,12/22/2022 9:31:06 AM,,
52044,22074104,1647624600000,2022,3,18,17,30,0,Friday,540364.12586,4809207.17,-80.50125899999999,43.434681999999995,Non intersection,2,P.D. only,Thru lane,unknown,unknown,Rear end,Unknown,Daylight,01 - Daylight,Regional municipality,No control,unknown,0,0,0,False,False,False,Clear,,True,Road 1: BELMONT AVE E; Road 2: SOUTH DR; Vehicle #1     Make:      Model:      Colour:      Style: ; Vehicle #2     Make: KIA     Model: SOU     Colour: BLK     Style: TY,12/22/2022 9:31:05 AM,,
52045,22074224,1649087100000,2022,4,4,15,45,0,Monday,539888.93404,4810656.64754,-80.507025,43.447759,Non intersection,2,P.D. only,Thru lane,unknown,unknown,Angle,Unknown,Daylight,01 - Daylight,Municipal (excl. Twp. Rd.),No control,unknown,0,0,0,False,False,False,Clear,,True,Road 1: CHERRY ST; Road 2: STRANGE ST; Vehicle #1     Make: NISS     Model: ATS     Colour: BLK     Style: 4D; Vehicle #2     Make: CHRY     Model: 20C     Colour: BLK     Style: 4D,12/22/2022 9:29:38 AM,,
52046,22075689,1648492200000,2022,3,28,18,30,0,Monday,542313.5937,4810288.23891,-80.47708899999999,43.444308,At intersection,2,Non-reportable,Thru lane,unknown,unknown,Rear end,Unknown,Dusk,05 - Dusk,Regional municipality,Traffic signal,Functioning,0,0,0,False,False,False,Clear,,True,Road 1: KING ST E; Road 2: STIRLING AVE N; Vehicle #1     Make: HOND     Model: ULS     Colour: BLU     Style: 4D; Vehicle #2     Make: AUDI     Model: AQ7     Colour: BLK     Style: TY,12/22/2022 9:26:55 AM,,
52047,22076652,1649340600000,2022,4,7,14,10,0,Thursday,544607.02331,4811710.65106,-80.44863099999999,43.456983,Non intersection,2,Non-reportable,Thru lane,unknown,unknown,Rear end,Unknown,Daylight,01 - Daylight,Regional municipality,No control,unknown,0,0,0,False,False,False,Clear,,True,Road 1: RIVER RD E; Road 2: LORRAINE AVE; Vehicle #1     Make: CHRY     Model: 2LX     Colour: WHI     Style: 4D; Vehicle #2     Make: NISS     Model: ROG     Colour: RED     Style: TY,12/22/2022 9:33:01 AM,,
52048,22076683,1649349360000,2022,4,7,16,36,0,Thursday,543238.09847,4809090.21058,-80.46575899999999,43.433468,Intersection related,2,P.D. only,Right shoulder,unknown,unknown,SMV other,Unknown,Daylight,01 - Daylight,Regional municipality,unknown,Functioning,0,0,0,False,False,False,Clear,,False,Road 1: DOON RD (50 km/h); Road 2: CARWOOD AVE (50 km/h); Charged Driver #1 on page 1: HTA 130 (NA) (NA); Vehicle #1     Make: HYUN     Model: SAN     Colour: BLK     Style: TY,1/3/2023 10:16:40 AM,,
52049,220772339,1648890000000,2022,4,2,9,0,0,Saturday,539618.61138,4811375.13419,-80.510313,43.454242,At intersection,2,P.D. only,Within intersection,unknown,unknown,Turning movement,Unknown,Daylight,01 - Daylight,Regional municipality,Traffic signal,Functioning,0,0,0,False,False,False,Clear,,True,Road 1: GLASGOW ST; Road 2: PARK ST; Vehicle #1     Make: VOLK     Model: JSA     Colour: BLK     Style: 4D; Vehicle #2     Make: NISS     Model: MIC     Colour: GRN     Style: 4B,12/22/2022 9:29:33 AM,,
52050,22077535,1649438460000,2022,4,8,17,21,0,Friday,546613.85975,4811335.6873,-80.423859,43.453483999999996,Non intersection,2,P.D. only,Not on roadway - right side,unknown,unknown,SMV other,Unknown,Daylight,01 - Daylight,Municipal (excl. Twp. Rd.),No control,unknown,0,0,0,False,False,False,Clear,,False,Road 1: 24 BRYAN CRT (50 km/h); Road 2: BRYAN CRT; Distance: 1.0 M N; Vehicle #1     Make: HYUN     Model: TUC     Colour: GRY     Style: TY,1/3/2023 10:13:08 AM,,
52051,22078042,1648463400000,2022,3,28,10,30,0,Monday,538243.52421,4808370.53835,-80.52752,43.42726,Non intersection,2,P.D. only,Thru lane,unknown,unknown,Angle,Unknown,Daylight,01 - Daylight,Regional municipality,No control,unknown,0,0,0,False,False,False,Clear,,True,Road 1: 1734 QUEEN'S BLVD; Vehicle #1     Make: HYUN     Model: SLI     Colour: GRY     Style: 4D; Vehicle #2     Make: RAM     Model: RPR     Colour: WHI     Style: FV,1/3/2023 10:12:22 AM,,
52052,22078044,1644247800000,2022,2,7,15,30,0,Monday,541650.17108,4809314.24251,-80.485361,43.435576,Intersection related,2,P.D. only,Thru lane,unknown,unknown,Rear end,Unknown,Daylight,01 - Daylight,Municipal (excl. Twp. Rd.),Stop sign,Functioning,0,0,0,False,False,False,Clear,,True,Road 1: MILL ST; Road 2: HEIMAN ST; Vehicle #1     Make: CHEV     Model: CZT     Colour: WHI     Style: 4D; Vehicle #2     Make: FORD     Model: SPE     Colour: WHI     Style: TY,12/22/2022 9:28:50 AM,,
52053,22078949,1649599140000,2022,4,10,13,59,0,Sunday,546804.57322,4801879.25066,-80.422311,43.368327,Non intersection,2,P.D. only,Not on roadway - right side,unknown,unknown,SMV other,Unknown,Daylight,01 - Daylight,Municipal (excl. Twp. Rd.),No control,unknown,0,0,0,False,False,False,Clear,,False,Road 1: REICHERT DR (60 km/h); Road 2: DUNDEE RD; Distance: 500.0 M S; Vehicle #1     Make: HOND     Model: CRV     Colour: BRN     Style: TY,1/3/2023 10:13:40 AM,,
52054,22079327,1649639700000,2022,4,11,1,15,0,Monday,544404.49551,4802884.32342,-80.451852,43.377522,Non intersection,2,P.D. only,Not on roadway - right side,unknown,unknown,SMV other,Unknown,Dark,07 - Dark,Municipal (excl. Twp. Rd.),No control,unknown,0,0,0,False,False,False,Clear,,False,Road 1: CARYNDALE DR (50 km/h); Road 2: ROBERT FERRIE DR; Distance: 50.0 M S; Charged Driver #1 on page 1: HTA 32 (NA) (NA); Vehicle #1     Make: HOND     Model: ACC     Colour: BLK     Style: 4D,1/3/2023 10:14:04 AM,,
52055,22079494,1649666700000,2022,4,11,8,45,0,Monday,538002.4306,4807661.87298,-80.530547,43.420891,Non intersection,2,Non-reportable,Thru lane,unknown,unknown,Sideswipe,Unknown,Daylight,01 - Daylight,Municipal (excl. Twp. Rd.),No control,unknown,0,0,0,False,False,False,Clear,,True,Road 1: AUTUMN HILL CRESCENT (ST MARKS SCHOOL); Vehicle #1     Make: HOND     Model: UDY     Colour: SIL     Style: VN; Vehicle #2     Make: LEXS     Model: NXT     Colour: GRY     Style: TY,1/3/2023 10:13:43 AM,,
52056,22079923,1649707200000,2022,4,11,20,0,0,Monday,545095.66498,4807778.98843,-80.442916,43.421552999999996,Non intersection,2,P.D. only,Thru lane,unknown,unknown,Angle,Unknown,Dark,07 - Dark,Regional municipality,No control,unknown,0,0,0,False,False,False,Clear,,True,Road 1: WILSON AVE; Road 2: FAIRWAY RD S; Vehicle #1     Make: KIA     Model: FEX     Colour: WHI     Style: 4D; Vehicle #2     Make: RAM     Model: RTR     Colour: SIL     Style: PK,1/3/2023 10:13:12 AM,,
52057,22080226,1645995600000,2022,2,27,21,0,0,Sunday,543202.01898,4804495.83979,-80.466568,43.392103,At intersection,2,Non-reportable,Within intersection,unknown,unknown,Rear end,Unknown,Dark,07 - Dark,Regional municipality,Yield sign,Functioning,0,0,0,False,False,False,Clear,,True,Road 1: HURON RD; Road 2: STRASBURG RD; Vehicle #1     Make: HOND     Model: UCS     Colour: WHI     Style: 4D; Vehicle #2     Make: NISS     Model: VSL     Colour: WHI     Style: 4B,12/22/2022 9:29:27 AM,,
52058,22081037,1649833560000,2022,4,13,7,6,0,Wednesday,542510.66618,4804200.55721,-80.475127,43.389483,Non intersection,1,Non-fatal injury,Not on roadway - left side,unknown,unknown,SMV unattended vehicle,Unknown,Daylight,01 - Daylight,Municipal (excl. Twp. Rd.),No control,unknown,0,0,0,False,False,False,Clear,,False,Road 1: 103 PARKVALE DR (50 km/h); Road 2: PARKVALE DR; Distance: 6.0 M W; Charged Driver #1 on page 1: HTA 130 (NA) (NA); Vehicle #1     Make: VOLK     Model: TIG     Colour: BLK     Style: TY; Vehicle #2     Make: HOND     Model: UCL     Colour: BLK    ,1/3/2023 10:11:08 AM,,
52059,22082103,1645628400000,2022,2,23,15,0,0,Wednesday,542071.18343,4807093.86084,-80.48033,43.41556,Non intersection,2,Non-reportable,Thru lane,unknown,unknown,Rear end,Unknown,Daylight,01 - Daylight,Municipal (excl. Twp. Rd.),No control,unknown,0,0,0,False,False,False,Clear,,True,Road 1: BLOCK LINE RD; Road 2: STRASBURG RD; Vehicle #1     Make: MAZD     Model: M6I     Colour: WHI     Style: 4D; Vehicle #2     Make:      Model:      Colour:      Style:,12/22/2022 9:35:00 AM,,
52060,22082230,1649945640000,2022,4,14,14,14,0,Thursday,545421.95078,4808329.61648,-80.43884,43.426491,At/near private drive,1,Non-fatal injury,Thru lane,unknown,unknown,Angle,Unknown,Daylight,01 - Daylight,Municipal (excl. Twp. Rd.),No control,unknown,2,0,0,False,False,False,Clear,,False,Road 1: KINGSWAY DR (50 km/h); Road 2: CEDARWOODS CRES; Distance: 15.0 M S; Charged Driver #1 on page 1: HTA 142 (NA) (NA); Vehicle #1     Make: HOND     Model: UAX     Colour: RED     Style: 4D; Vehicle #2     Make: TOYT     Model: XLL     Colour: BRN   ,12/22/2022 9:36:52 AM,,