OBJECTID,ACCIDENTNUM,ACCIDENTDATE,ACCIDENT_YEAR,ACCIDENT_MONTH,ACCIDENT_DAY,ACCIDENT_HOUR,ACCIDENT_MINUTE,ACCIDENT_SECOND,ACCIDENT_WEEKDAY,XCOORD,YCOORD,LONGITUDE,LATITUDE,ACCIDENTLOCATION,COLLISIONTYPE,CLASSIFICATIONOFACCIDENT,IMPACTLOCATION,INITIALDIRECTIONOFTRAVELONE,INITIALDIRECTIONOFTRAVELTWO,INITIALIMPACTTYPE,INTTRAFFICCONTROL,LIGHT,LIGHTFORREPORT,ROADJURISDICTION,TRAFFICCONTROL,TRAFFICCONTROLCONDITION,THRULANENO,NORTHBOUNDDISOBEYCOUNT,SOUTHBOUNDDISOBEYCOUNT,PEDESTRIANINVOLVED,CYCLISTINVOLVED,MOTORCYCLISTINVOLVED,ENVIRONMENTCONDITION1,ENVIRONMENTCONDITION2,SELFREPORTED,XMLIMPORTNOTES,LASTEDITEDDATE,CREATE_BY,CREATE_DATE
52307,22171191,1658317260000,2022,7,20,11,41,0,Wednesday,540486.64877,4809735.92774,-80.499706,43.439436,At intersection,1,Non-fatal injury,Within intersection,unknown,unknown,Angle,Unknown,Daylight,01 - Daylight,Municipal (excl. Twp. Rd.),unknown,Functioning,0,0,0,False,False,False,Clear,,False,Road 1: SPADINA RD E (50 km/h); Road 2: QUEENS BLVD (50 km/h); Charged Driver #1 on page 1: HTA 136 (NA) (NA); Vehicle #1     Make: VOLV     Model: 06G     Colour: GRY     Style: TY; Vehicle #2     Make: HOND     Model: COD     Colour: GRY     Style: VN,1/3/2023 10:20:02 AM,,
52308,22171905,1648718700000,2022,3,31,9,25,0,Thursday,545927.67084,4802981.94959,-80.433042,43.37831,At intersection,2,P.D. only,Thru lane,unknown,unknown,Sideswipe,Unknown,Daylight,01 - Daylight,Municipal (excl. Twp. Rd.),Stop sign,Functioning,0,0,0,False,False,False,Clear,,True,Road 1: ROBERT FERRIE DR; Road 2: DOON S DR; Vehicle #1     Make: BMW     Model: 5XI     Colour: BLU     Style: 4D; Vehicle #2     Make:      Model:      Colour:      Style:,12/22/2022 9:31:36 AM,,
52309,22171979,1648546200000,2022,3,29,9,30,0,Tuesday,540404.00317,4808833.29314,-80.500794,43.431312999999996,At/near private drive,2,P.D. only,Off highway,unknown,unknown,Rear end,Unknown,Daylight,01 - Daylight,Municipal (excl. Twp. Rd.),No control,unknown,0,0,0,False,False,False,Clear,,True,Road 1: 199 LAKESIDE DR; Vehicle #1     Make: GMC     Model: TER     Colour: RED     Style: TY; Vehicle #2     Make:      Model:      Colour:      Style:,12/22/2022 9:31:37 AM,,
52310,22172252,1658417160000,2022,7,21,15,26,0,Thursday,541981.81191,4810674.65499,-80.48115899999999,43.447806,At intersection,1,Non-fatal injury,Within intersection,unknown,unknown,Angle,Unknown,Daylight,01 - Daylight,Municipal (excl. Twp. Rd.),Stop sign,Functioning,0,0,1,False,True,False,Clear,,False,Road 1: MADISON AVE N (50 km/h); Road 2: DUKE ST E (40 km/h); Charged Driver #1 on page 1: HTA 136 (NA) (NA); Vehicle #1     Make: BICY     Model: BICY     Colour:      Style: ; Vehicle #2     Make: SUBA     Model: O6L     Colour: SIL     Style: SW,12/22/2022 9:36:07 AM,,
52311,22172334,1658422200000,2022,7,21,16,50,0,Thursday,541417.13102,4812179.1648,-80.488023,43.461383999999995,Non intersection,2,P.D. only,Thru lane,unknown,unknown,Turning movement,Unknown,Daylight,01 - Daylight,Municipal (excl. Twp. Rd.),No control,unknown,0,0,0,False,False,False,Clear,,True,Road 1: ST LEGER ST; Road 2: VICTORIA MARIE CT; Vehicle #1     Make: AUDI     Model: 1QS     Colour: RED     Style: 4D; Vehicle #2     Make: HOND     Model: CXG     Colour: BLK     Style: 4D,12/22/2022 9:35:36 AM,,
52312,22172925,1656702000000,2022,7,1,19,0,0,Friday,545673.08911,4810641.20075,-80.435544,43.447289,Intersection related,2,Non-reportable,Within intersection,unknown,unknown,Turning movement,Unknown,Daylight,01 - Daylight,Municipal (excl. Twp. Rd.),Stop sign,Functioning,0,0,0,False,False,False,Clear,,True,Road 1: KENORA DR; Road 2: OLD CHICOPEE DR; Vehicle #1     Make: ACUR     Model: CCS     Colour: SIL     Style: 4D; Vehicle #2     Make: MITS     Model: LSL     Colour: WHI     Style: 4D,12/22/2022 9:28:26 AM,,
52313,22172934,1656849600000,2022,7,3,12,0,0,Sunday,538477.18287,4806574.11607,-80.524759,43.411072999999995,At/near private drive,2,Non-reportable,Left shoulder,unknown,unknown,SMV unattended vehicle,Unknown,Daylight,01 - Daylight,Municipal (excl. Twp. Rd.),No control,unknown,0,0,0,False,False,False,Clear,,True,Road 1: EVERGLADE CRESCENT (IFO 60); Vehicle #1     Make: MAZD     Model: 3TR     Colour: BLU     Style: 4D; Vehicle #2     Make: HOND     Model: ULX     Colour: SIL     Style: 4D,12/22/2022 9:35:48 AM,,
52314,22172974,1658239200000,2022,7,19,14,0,0,Tuesday,538726.27106,4806020.5825,-80.521722,43.406076,Other,2,P.D. only,Thru lane,unknown,unknown,SMV unattended vehicle,Unknown,Daylight,01 - Daylight,Municipal (excl. Twp. Rd.),No control,unknown,0,0,0,False,False,False,Clear,,True,Road 1: 517 PEACH BLOSSOM COURT (IFO 517); Vehicle #1     Make: HOND     Model: UDY     Colour: GRY     Style: VN; Vehicle #2     Make: BUIC     Model: ENC     Colour: GRN     Style: TY,12/22/2022 9:35:32 AM,,
52315,22173030,1658163240000,2022,7,18,16,54,0,Monday,540223.04894,4809455.24039,-80.502984,43.436923,Non intersection,2,P.D. only,Thru lane,unknown,unknown,Angle,Unknown,Daylight,01 - Daylight,Regional municipality,unknown,unknown,0,0,0,False,False,False,Clear,,True,Road 1: 1011 QUEEN'S BLVD (IFO); Vehicle #1     Make: HOND     Model: CRV     Colour: BLK     Style: 4D; Vehicle #2     Make: CHEV     Model: VTP     Colour: GRY     Style: 4B,12/22/2022 9:35:18 AM,,
52316,22173191,1643884500000,2022,2,3,10,35,0,Thursday,539567.68485,4811425.97803,-80.510939,43.454702999999995,Intersection related,2,P.D. only,Within intersection,unknown,unknown,Angle,Unknown,Daylight,01 - Daylight,Municipal (excl. Twp. Rd.),Stop sign,Functioning,0,0,0,False,False,False,Snow,,True,Road 1: GREEN ST; Road 2: PARK ST; Vehicle #1     Make: NISS     Model: MUR     Colour: SIL     Style: TY; Vehicle #2     Make: FORD     Model: SPE     Colour: RED     Style: TY,12/22/2022 9:31:48 AM,,
52317,22173198,1643889600000,2022,2,3,12,0,0,Thursday,539567.80855,4811425.37994,-80.510938,43.454696999999996,At intersection,2,P.D. only,Thru lane,unknown,unknown,Sideswipe,Unknown,Daylight,01 - Daylight,Municipal (excl. Twp. Rd.),Traffic signal,Functioning,0,0,0,False,False,False,Snow,,True,Road 1: GREEN ST; Road 2: PARK ST; Vehicle #1     Make: NISS     Model: ROG     Colour: BLU     Style: TY; Vehicle #2     Make: MAZD     Model: CX5     Colour: SIL     Style: TY,12/22/2022 9:31:50 AM,,
52318,22173215,1637656200000,2021,11,23,8,30,0,Tuesday,545377.63692,4812124.60004,-80.439072,43.460663,Non intersection,2,Non-reportable,Thru lane,unknown,unknown,Rear end,Unknown,Daylight,01 - Daylight,Municipal (excl. Twp. Rd.),No control,unknown,0,0,0,False,False,False,Clear,,True,Road 1: HERITAGE DR; Road 2: LORRAINE AVE; Vehicle #1     Make: MAZD     Model: 3TR     Colour: BLK     Style: 4B; Vehicle #2     Make:      Model:      Colour:      Style:,1/3/2023 10:15:02 AM,,
52319,22173391,1658511900000,2022,7,22,17,45,0,Friday,546064.66782,4809491.90519,-80.430802,43.436917,Intersection related,2,P.D. only,Thru lane,unknown,unknown,Sideswipe,Unknown,Daylight,01 - Daylight,Municipal (excl. Twp. Rd.),unknown,Functioning,2,0,0,False,False,False,Clear,,False,Road 1: RIVER RD E (50 km/h); Road 2: KINZIE AVE (50 km/h); Distance: 20.0 M E; Charged Driver #1 on page 1: HTA 142 (NA) (NA); Vehicle #1     Make: TOYT     Model: HIG     Colour: WHI     Style: TY; Vehicle #2     Make: HOND     Model: CCL     Colour: GR,1/3/2023 10:17:29 AM,,
52320,22174058,1658577600000,2022,7,23,12,0,0,Saturday,542055.2709,4810454.01013,-80.480268,43.445814999999996,Non intersection,2,P.D. only,Thru lane,unknown,unknown,Rear end,Unknown,Daylight,01 - Daylight,Municipal (excl. Twp. Rd.),No control,unknown,0,0,0,False,False,False,Clear,,True,Road 1: KING ST E; Road 2: CAMERON ST N; Vehicle #1     Make: SUBA     Model: OBK     Colour: BLK     Style: TY; Vehicle #2     Make: KIA     Model: SOR     Colour: WHI     Style: TY,12/22/2022 9:27:42 AM,,
52321,22175264,1658688300000,2022,7,24,18,45,0,Sunday,543726.49924,4811803.7494,-80.459507,43.457873,Intersection related,1,Non-fatal injury,Not on roadway - right side,unknown,unknown,SMV other,Unknown,Daylight,01 - Daylight,Regional municipality,unknown,unknown,0,0,0,False,False,False,Clear,,False,Road 1: KRUG ST (60 km/h); Road 2: KENSINGTON AVE; Distance: 1.0 M E; Vehicle #1     Make: CHEV     Model: CZT     Colour: BLK     Style: 4D,12/22/2022 9:32:32 AM,,
52322,22175676,1657574100000,2022,7,11,21,15,0,Monday,545496.97317,4812153.27126,-80.43759399999999,43.460913999999995,Other,2,Non-reportable,Not on roadway - right side,unknown,unknown,SMV unattended vehicle,Unknown,Dark,07 - Dark,Municipal (excl. Twp. Rd.),No control,unknown,0,0,0,False,False,False,Rain,,True,Road 1: OAKHURST CRESCENT (IFO 36); Vehicle #1     Make:      Model:      Colour:      Style: ; Vehicle #2     Make: HOND     Model: AXL     Colour: GRY     Style: 4D,12/22/2022 9:29:39 AM,,
52323,22175774,1657349100000,2022,7,9,6,45,0,Saturday,540119.44951,4805796.25139,-80.504533,43.403983,Non intersection,2,P.D. only,Thru lane,unknown,unknown,Other,Unknown,Daylight,01 - Daylight,Municipal (excl. Twp. Rd.),No control,unknown,0,0,0,False,False,False,Clear,,True,Road 1: 210 MAX BECKER DR; Vehicle #1     Make: TOYT     Model: CBS     Colour: SIL     Style: 4D; Vehicle #2     Make: HOND     Model: CRV     Colour: BLU     Style: TY,12/22/2022 9:28:20 AM,,
52324,22175914,1658754000000,2022,7,25,13,0,0,Monday,545581.82417,4811242.70506,-80.436622,43.452709999999996,At/near private drive,2,P.D. only,Thru lane,unknown,unknown,Sideswipe,Unknown,Daylight,01 - Daylight,Municipal (excl. Twp. Rd.),No control,unknown,0,0,0,False,False,False,Clear,,True,Road 1: 55 CARNABY CRESCENT (IFO); Vehicle #1     Make: HYUN     Model: ELA     Colour: BLU     Style: 4D; Vehicle #2     Make: TOYT     Model: MRI     Colour: GRY     Style: 4D,12/22/2022 9:28:57 AM,,
52325,22176105,1658770200000,2022,7,25,17,30,0,Monday,545095.29622,4807780.18427,-80.442921,43.421563,At/near private drive,2,P.D. only,Thru lane,unknown,unknown,Angle,Unknown,Daylight,01 - Daylight,Municipal (excl. Twp. Rd.),No control,unknown,0,0,0,False,False,False,Clear,,True,Road 1: WILSON AVE; Road 2: FAIRWAY RD S; Vehicle #1     Make: NISS     Model: SBL     Colour: BLU     Style: 4D; Vehicle #2     Make: TOYT     Model: VEN     Colour: BRN     Style: TY,12/22/2022 9:28:23 AM,,
52326,22176744,1645020000000,2022,2,16,14,0,0,Wednesday,537051.51988,4808491.86934,-80.542238,43.428412,At/near private drive,2,Non-reportable,Thru lane,unknown,unknown,SMV unattended vehicle,Unknown,Daylight,01 - Daylight,Municipal (excl. Twp. Rd.),No control,unknown,0,0,0,False,False,False,Clear,,True,Road 1: 464 HIDDEN CREEK DR (IN FRONT OF); Vehicle #1     Make:      Model:      Colour:      Style: ; Vehicle #2     Make: HOND     Model: FKG     Colour: WHI     Style: 4B,12/22/2022 9:32:12 AM,,
52327,22179614,1657369800000,2022,7,9,12,30,0,Saturday,535937.00006,4809539.92457,-80.555938,43.437903999999996,Non intersection,2,P.D. only,Thru lane,unknown,unknown,SMV unattended vehicle,Unknown,Daylight,01 - Daylight,Regional municipality,No control,unknown,0,0,0,False,False,False,Clear,,True,Road 1: 60 IRON GATE ST (STREET SIDE PARKING); Vehicle #1     Make: HOND     Model: UDY     Colour: SIL     Style: TY; Vehicle #2     Make: HYUN     Model: ESM     Colour: BLK     Style: 4D,12/22/2022 9:28:42 AM,,
52328,22179673,1657315800000,2022,7,8,21,30,0,Friday,542313.71842,4810287.52099,-80.477087,43.444302,At intersection,2,Non-reportable,Right turn lane,unknown,unknown,Angle,Unknown,Dark,07 - Dark,Regional municipality,Traffic signal,Functioning,0,0,0,False,False,False,Clear,,True,Road 1: STIRLING AVE N; Road 2: KING ST E; Vehicle #1     Make: HYUN     Model: ESM     Colour: GRY     Style: 4D; Vehicle #2     Make:      Model:      Colour:      Style:,12/22/2022 9:36:18 AM,,
52329,22180574,1659186600000,2022,7,30,13,10,0,Saturday,536883.56746,4808795.15433,-80.544292,43.431152,Non intersection,2,P.D. only,Thru lane,unknown,unknown,Rear end,Unknown,Daylight,01 - Daylight,Municipal (excl. Twp. Rd.),No control,unknown,0,0,0,False,False,False,Clear,,True,Road 1: WESTFOREST TRAIL; Vehicle #1     Make: FORD     Model: TST     Colour: WHI     Style: FV; Vehicle #2     Make: TOYT     Model: CBL     Colour: GRY     Style: 4D,12/22/2022 9:27:20 AM,,
52330,22182298,1658516400000,2022,7,22,19,0,0,Friday,539445.46844,4805581.15273,-80.512872,43.402082,At/near private drive,2,P.D. only,Thru lane,unknown,unknown,SMV unattended vehicle,Unknown,Daylight,01 - Daylight,Regional municipality,No control,unknown,0,0,0,False,False,False,Clear,,True,Road 1: 683 ACTIVA AVE; Vehicle #1     Make: HOND     Model: UDY     Colour: BLK     Style: TY; Vehicle #2     Make: DODG     Model: CAR     Colour: RED     Style: VN,12/22/2022 9:28:12 AM,,
52331,22183955,1658391000000,2022,7,21,8,10,0,Thursday,542654.45469,4816449.31521,-80.472394,43.499763,Non intersection,2,P.D. only,Thru lane,unknown,unknown,Other,Unknown,Daylight,01 - Daylight,Municipal (excl. Twp. Rd.),No control,unknown,0,0,0,False,False,False,Clear,,True,Road 1: 122 EAGLECREST ST; Vehicle #1     Make: AUDI     Model: 4QP     Colour: WHI     Style: 4D; Vehicle #2     Make: HOND     Model: UDY     Colour: WHI     Style: VN,12/22/2022 9:35:28 AM,,
52332,22184004,1657312200000,2022,7,8,20,30,0,Friday,546744.13236,4809904.58883,-80.422371,43.44059,At/near private drive,2,Non-reportable,Thru lane,unknown,unknown,SMV unattended vehicle,Unknown,Dusk,05 - Dusk,Municipal (excl. Twp. Rd.),No control,unknown,0,0,0,False,False,False,Clear,,True,Road 1: 310 BRIARMEADOW DR (IFO); Vehicle #1     Make: TOYT     Model: C5T     Colour: GRY     Style: 4D; Vehicle #2     Make: SUBA     Model: IMP     Colour: BLU     Style: SW,12/22/2022 9:29:29 AM,,
52333,22188694,1656068400000,2022,6,24,11,0,0,Friday,542847.91603,4813076.40635,-80.47026699999999,43.469383,Intersection related,2,P.D. only,Thru lane,unknown,unknown,Rear end,Unknown,Daylight,01 - Daylight,Municipal (excl. Twp. Rd.),unknown,unknown,0,0,0,False,False,False,Clear,,True,Road 1: RIVERBEND DR; Road 2: GUELPH ST; Vehicle #1     Make: CHEV     Model: VKG     Colour: WHI     Style: PK; Vehicle #2     Make: CHEV     Model: ORL     Colour: BLK     Style: TY,12/22/2022 9:27:40 AM,,
52334,22188790,1656876000000,2022,7,3,19,20,0,Sunday,545074.90279,4807830.63911,-80.443169,43.422019,Non intersection,2,P.D. only,Thru lane,unknown,unknown,Sideswipe,Unknown,Daylight,01 - Daylight,Regional municipality,No control,unknown,0,0,0,False,False,False,Clear,,True,Road 1: WILSON AVE; Road 2: KINGSWAY DR; Vehicle #1     Make: MAZD     Model: MIA     Colour: WHI     Style: CV; Vehicle #2     Make:      Model:      Colour:      Style:,12/22/2022 9:35:50 AM,,
52335,22188834,1657027200000,2022,7,5,13,20,0,Tuesday,539134.18737,4811136.46652,-80.516318,43.452118999999996,Non intersection,2,P.D. only,Thru lane,unknown,unknown,Rear end,Unknown,Daylight,01 - Daylight,Municipal (excl. Twp. Rd.),No control,unknown,0,0,0,False,False,False,Clear,,True,Road 1: GLASGOW ST; Road 2: BELMONT AVE W; Vehicle #1     Make: FORD     Model: SPE     Colour: RED     Style: TY; Vehicle #2     Make: HOND     Model: UAX     Colour: WHI     Style: 4D,1/3/2023 10:13:55 AM,,
52336,22188929,1657407600000,2022,7,9,23,0,0,Saturday,543064.84958,4812795.94637,-80.467607,43.466845,Non intersection,2,Non-reportable,Thru lane,unknown,unknown,Sideswipe,Unknown,Dark,07 - Dark,Regional municipality,No control,unknown,0,0,0,False,False,False,Clear,,True,Road 1: WELLINGTON ST N; Road 2: RIVERBEND DR; Distance: 10.0 M S; Vehicle #1     Make: JAGU     Model: JAS     Colour: BLK     Style: 4D; Vehicle #2     Make:      Model:      Colour:      Style:,12/22/2022 9:29:28 AM,,
52337,22190436,1657519200000,2022,7,11,6,0,0,Monday,544098.32714,4804967.74642,-80.455463,43.396300000000004,At/near private drive,2,Non-reportable,Off highway,unknown,unknown,SMV unattended vehicle,Unknown,Dawn,03 - Dawn,Municipal (excl. Twp. Rd.),No control,unknown,0,0,0,False,False,False,Clear,,True,Road 1: BIEHN DR (NEAR 45); Vehicle #1     Make:      Model:      Colour:      Style: ; Vehicle #2     Make: HYUN     Model: ESS     Colour: BLU     Style: 4D,12/22/2022 9:28:19 AM,,
52338,22190447,1657643400000,2022,7,12,16,30,0,Tuesday,544716.24894,4811891.74402,-80.447266,43.458607,At/near private drive,2,P.D. only,Thru lane,unknown,unknown,SMV unattended vehicle,Unknown,Daylight,01 - Daylight,Regional municipality,No control,unknown,0,0,0,False,False,False,Clear,,True,Road 1: 420 CARSON DR (IFO 420); Vehicle #1     Make: CHEV     Model: BLT     Colour: GRY     Style: 4D; Vehicle #2     Make:      Model:      Colour:      Style:,12/22/2022 9:28:00 AM,,
52339,22191478,1658880000000,2022,7,27,0,0,0,Wednesday,544337.58461,4804506.59296,-80.452546,43.392133,At/near private drive,2,Non-reportable,Left shoulder,unknown,unknown,SMV unattended vehicle,Unknown,Dark,07 - Dark,Municipal (excl. Twp. Rd.),No control,unknown,0,0,0,False,False,False,Clear,,True,Road 1: 46 BLACK WALNUT DR (IFO); Vehicle #1     Make: INFI     Model: GAW     Colour: RED     Style: 4D; Vehicle #2     Make: PONT     Model: VIB     Colour: RED     Style: 4B,12/22/2022 9:31:16 AM,,
52340,22191507,1658941200000,2022,7,27,17,0,0,Wednesday,541878.41394,4808117.99293,-80.48263299999999,43.424792,Non intersection,2,P.D. only,Thru lane,unknown,unknown,Angle,Unknown,Daylight,01 - Daylight,Municipal (excl. Twp. Rd.),No control,unknown,0,0,0,False,False,False,Clear,,True,Road 1: ALPINE RD (IFO 192  MC DONALDS REST); Vehicle #1     Make: MERZ     Model: GK2     Colour: BLK     Style: TY; Vehicle #2     Make: KIA     Model: SOU     Colour: BLU     Style: TY,12/22/2022 9:27:25 AM,,
52341,22192387,1657281600000,2022,7,8,12,0,0,Friday,539030.4912,4811086.81132,-80.517603,43.451677,Non intersection,2,Non-reportable,Thru lane,unknown,unknown,Rear end,Unknown,Daylight,01 - Daylight,Municipal (excl. Twp. Rd.),unknown,unknown,0,0,0,False,False,False,Clear,,True,Road 1: GLASGOW ST; Road 2: BELMONT RD; Vehicle #1     Make: HOND     Model: UCL     Colour: BGE     Style: 4D; Vehicle #2     Make:      Model:      Colour:      Style:,12/22/2022 9:28:19 AM,,
52342,22207644,1656927000000,2022,7,4,9,30,0,Monday,539100.9568,4811063.45443,-80.516734,43.451463,Non intersection,2,Non-reportable,Thru lane,unknown,unknown,Sideswipe,Unknown,Daylight,01 - Daylight,Municipal (excl. Twp. Rd.),No control,unknown,0,0,0,False,False,False,Clear,,True,Road 1: BELMONT AVE W; Road 2: GLASGOW ST; Vehicle #1     Make: TOYT     Model: MTL     Colour: GRY     Style: 4D; Vehicle #2     Make:      Model:      Colour:      Style:,12/22/2022 9:35:47 AM,,
52343,22210511,1658730600000,2022,7,25,6,30,0,Monday,544047.9777,4802379.1981,-80.456293,43.372994999999996,Non intersection,2,P.D. only,Thru lane,unknown,unknown,Sideswipe,Unknown,Daylight,01 - Daylight,Municipal (excl. Twp. Rd.),No control,unknown,0,0,0,False,False,False,Clear,,True,Road 1: STAUFFER DR; Road 2: REIDEL DR; Vehicle #1     Make: LNDR     Model: EVO     Colour: BLK     Style: TY; Vehicle #2     Make: JEEP     Model: CMD     Colour: BLK     Style: TY,12/22/2022 9:28:21 AM,,
52344,22210545,1658337300000,2022,7,20,17,15,0,Wednesday,538879.97266,4809041.01391,-80.519609,43.433264,At/near private drive,2,Non-reportable,Thru lane,unknown,unknown,Sideswipe,Unknown,Daylight,01 - Daylight,Municipal (excl. Twp. Rd.),No control,unknown,0,0,0,False,False,False,Clear,,True,Road 1: 84 RALGREEN CRESCENT (IFO); Vehicle #1     Make:      Model:      Colour:      Style: ; Vehicle #2     Make: ACUR     Model: TXT     Colour: BLK     Style: 4D,12/22/2022 9:28:46 AM,,
52345,22210653,1657954800000,2022,7,16,7,0,0,Saturday,538974.27182,4806891.85702,-80.518597,43.413908,At/near private drive,2,P.D. only,Thru lane,unknown,unknown,Other,Unknown,Daylight,01 - Daylight,Municipal (excl. Twp. Rd.),No control,unknown,0,0,0,False,False,False,Clear,,True,Road 1: 16 MILFOIL CRESCENT; Vehicle #1     Make: TOYT     Model: VEN     Colour: GRY     Style: TY; Vehicle #2     Make:      Model:      Colour:      Style:,12/22/2022 9:27:59 AM,,
52346,22210913,1658687940000,2022,7,24,18,39,0,Sunday,540570.53217,4810273.42788,-80.49862999999999,43.444271,Non intersection,2,Non-reportable,Off highway,unknown,unknown,SMV unattended vehicle,Unknown,Daylight,01 - Daylight,Municipal (excl. Twp. Rd.),No control,unknown,0,0,0,False,False,False,Clear,,True,Road 1: DILL ST (IFO 29 (VICTORIA PARKING LOT)); Vehicle #1     Make:      Model:      Colour:      Style: ; Vehicle #2     Make: MAZD     Model: M3I     Colour: SIL     Style: 4D,12/22/2022 9:35:34 AM,,
52347,22210918,1659289260000,2022,7,31,17,41,0,Sunday,545849.4438,4809756.29942,-80.43343899999999,43.439311,At intersection,2,Non-reportable,Thru lane,unknown,unknown,Rear end,Unknown,Daylight,01 - Daylight,Municipal (excl. Twp. Rd.),Traffic signal,Functioning,0,0,0,False,False,False,Clear,,True,Road 1: OLD CHICOPEE DR STANLEY PARK KITCHENER; Road 2: RIVER RD E; Distance:  N; Vehicle #1     Make: TESL     Model: 3     Colour: BLK     Style: 4D; Vehicle #2     Make:      Model:      Colour:      Style:,12/22/2022 9:30:25 AM,,
52348,22211565,1658251800000,2022,7,19,17,30,0,Tuesday,543376.22014,4804611.31078,-80.46440799999999,43.393132,At/near private drive,2,P.D. only,Thru lane,unknown,unknown,SMV unattended vehicle,Unknown,Daylight,01 - Daylight,Municipal (excl. Twp. Rd.),No control,unknown,0,0,0,False,False,False,Clear,,True,Road 1: 578 OLD HURON RD (IFO); Vehicle #1     Make: TOYT     Model: AXP     Colour: SIL     Style: 4D; Vehicle #2     Make: HYUN     Model: ESM     Colour: BLK     Style: 4D,12/22/2022 9:29:44 AM,,
52349,22214475,1658866800000,2022,7,26,20,20,0,Tuesday,543908.98132,4805127.02234,-80.457788,43.397745,Non intersection,2,Non-reportable,Thru lane,unknown,unknown,Rear end,Unknown,"Daylight, artificial","02 - Daylight, artificial",Municipal (excl. Twp. Rd.),No control,unknown,0,0,0,False,False,False,Clear,,True,Road 1: HURON RD; Road 2: TRILLIUM DR; Vehicle #1     Make: TOYT     Model: CBA     Colour: SIL     Style: 4D; Vehicle #2     Make:      Model:      Colour:      Style:,12/22/2022 9:35:57 AM,,
52351,502862144,1588698000000,2020,5,5,17,0,0,Tuesday,541697.09824,4810229.66766,-80.484712,43.443816,At/near private drive,2,Non-reportable,Thru lane,unknown,unknown,SMV unattended vehicle,Unknown,Daylight,01 - Daylight,Municipal (excl. Twp. Rd.),No control,unknown,0,0,0,False,False,False,Clear,,True,Road 1: MADISON AVE S (IFO 111); Vehicle #1     Make:      Model:      Colour:      Style: ; Vehicle #2     Make: DODG     Model: CTX     Colour: WHI     Style: 2D,5/13/2021 11:29:38 AM,,
52352,502867609,1591139700000,2020,6,2,23,15,0,Tuesday,545855.89472,4807130.28367,-80.43357999999999,43.415665999999995,Intersection related,2,Non-reportable,Within intersection,unknown,unknown,Rear end,Unknown,Dark,07 - Dark,Municipal (excl. Twp. Rd.),unknown,Functioning,0,0,0,False,True,False,Clear,,True,Road 1: WABANAKI DR; Road 2: GOODRICH DR; Vehicle #1     Make:      Model:      Colour:      Style: ; Vehicle #2     Make: DODG     Model: JOU     Colour: RED     Style: TY,5/13/2021 11:34:02 AM,,
52353,502881531,1593363600000,2020,6,28,17,0,0,Sunday,541155.38649,4809442.03608,-80.49146499999999,43.436754,At/near private drive,2,Non-reportable,Thru lane,unknown,unknown,Other,Unknown,Daylight,01 - Daylight,Regional municipality,No control,unknown,0,0,0,False,False,False,Clear,,True,Road 1: HIGHLAND RD E; Road 2: STIRLING AVE S; Vehicle #1     Make: CHEV     Model: EXP     Colour: WHI     Style: FV; Vehicle #2     Make: MAZD     Model: 3TR     Colour: SIL     Style: 4B,5/13/2021 11:40:58 AM,,
52354,502888565,1595886900000,2020,7,27,21,55,0,Monday,543288.68489,4804557.2515,-80.465493,43.392651,Non intersection,2,P.D. only,Thru lane,unknown,unknown,Sideswipe,Unknown,Dark,07 - Dark,Regional municipality,No control,unknown,0,0,0,False,False,False,Clear,,True,Road 1: HURON RD; Road 2: STRASBURG RD; Vehicle #1     Make:      Model:      Colour:      Style: ; Vehicle #2     Make: TOYT     Model: K6G     Colour: WHI     Style: 4D,5/13/2021 11:39:35 AM,,
52355,502892110,1597032600000,2020,8,10,4,10,0,Monday,543886.28126,4805121.1955,-80.458069,43.397694,Non intersection,2,P.D. only,Thru lane,unknown,unknown,SMV other,Unknown,Dark,07 - Dark,Regional municipality,unknown,unknown,0,0,0,False,False,False,Clear,,True,Road 1: HURON RD; Road 2: TRILLIUM DR; Vehicle #1     Make: GMC     Model: SIE     Colour: BLK     Style: PK,5/13/2021 11:37:13 AM,,
52356,502892578,1597057200000,2020,8,10,11,0,0,Monday,542230.03171,4804344.37717,-80.47858099999999,43.390794,At/near private drive,2,Non-reportable,Thru lane,unknown,unknown,SMV unattended vehicle,Unknown,Daylight,01 - Daylight,Municipal (excl. Twp. Rd.),No control,unknown,0,0,0,False,False,False,Clear,,True,Road 1: 602 BRITTANIA CRESCENT (IN FRONT OF 62 ON ROADWAY); Vehicle #1     Make:      Model:      Colour:      Style: ; Vehicle #2     Make: NISS     Model: TTX     Colour: SIL     Style: CW,5/13/2021 11:33:03 AM,,
52357,502894327,1597525200000,2020,8,15,21,0,0,Saturday,542758.65169,4804031.05202,-80.472078,43.387943,Non intersection,2,Non-reportable,Thru lane,unknown,unknown,SMV unattended vehicle,Unknown,Dark,07 - Dark,Municipal (excl. Twp. Rd.),No control,unknown,0,0,0,False,False,False,Clear,,True,Road 1: 37 TWEEDSDALE ST; Vehicle #1     Make: NISS     Model: MSV     Colour: BLK     Style: 4D; Vehicle #2     Make: TOYT     Model: AXP     Colour: BLK     Style: 4D,5/13/2021 11:33:05 AM,,